Player_Name,Team,Matches,Tournaments,Goals,Own_Goals,Yellow_Cards,Red_Cards,Times_Suspended,Times_Captain,Times_Starter,Times_Sub,Penalties_Scored,Missed_Penalties,Goals_Per_Match,Cards_Per_Match
RONALDO,Brazil,33,6,16,0,3,0,0,7,26,7,1,0,0.485,0.091
KLOSE,Germany,28,4,16,0,3,1,1,0,22,6,0,0,0.571,0.143
Just FONTAINE,France,6,1,13,0,0,0,0,0,6,0,0,0,2.167,0.0
Gerd MUELLER,West Germany,13,2,13,0,2,0,0,0,13,0,1,0,1.0,0.154
PEL (Edson Arantes do Nascimento),Brazil,21,4,12,0,0,0,0,0,14,7,0,0,0.571,0.0
Sandor KOCSIS,Hungary,5,1,11,0,0,0,0,0,5,0,0,0,2.2,0.0
Grzegorz LATO,Poland,20,3,10,0,0,0,0,0,20,0,0,0,0.5,0.0
MLLER,Germany,24,4,10,0,3,0,0,0,18,6,1,0,0.417,0.125
Helmut RAHN,West Germany,12,2,10,0,0,0,0,0,10,2,0,0,0.833,0.0
Uwe SEELER,West Germany,22,4,9,0,0,0,0,12,21,1,0,0,0.409,0.0
VAVA,Brazil,12,2,9,0,0,0,0,0,10,2,0,0,0.75,0.0
Karl-Heinz RUMMENIGGE,West Germany,20,3,9,0,0,0,0,10,14,6,0,0,0.45,0.0
JAIRZINHO,Brazil,16,3,9,0,2,0,0,0,16,0,0,0,0.562,0.125
Paolo ROSSI,Italy,18,3,9,0,1,0,0,0,14,4,0,0,0.5,0.056
Diego MARADONA,Argentina,23,4,8,0,4,1,1,16,21,2,0,0,0.348,0.217
Guillermo STABILE,Argentina,5,1,8,0,0,0,0,0,4,1,0,0,1.6,0.0
Rudi VOELLER,West Germany,19,3,8,0,3,1,1,0,12,7,0,0,0.421,0.211
Teofilo CUBILLAS,Peru,13,3,8,0,0,0,0,0,13,0,2,0,0.615,0.0
ADEMIR,Brazil,6,1,8,0,0,0,0,0,6,0,0,0,1.333,0.0
Gary LINEKER,England,12,2,8,0,0,0,0,0,12,0,2,0,0.667,0.0
LEONIDAS,Brazil,6,2,8,0,0,0,0,2,5,1,0,0,1.333,0.0
Oscar MIGUEZ,Uruguay,9,2,8,0,0,0,0,0,7,2,0,0,0.889,0.0
DAVID VILLA,Spain,14,3,7,0,0,0,0,0,11,3,2,1,0.5,0.0
Andrzej SZARMACH,Poland,20,3,7,0,1,0,0,0,12,8,0,0,0.35,0.05
Hans SCHAEFER,West Germany,16,3,7,0,0,0,0,10,15,1,0,0,0.438,0.0
Lajos TICHY,Hungary,12,3,7,0,0,0,0,0,8,4,0,0,0.583,0.0
RIVALDO,Brazil,14,2,7,0,0,0,0,0,14,0,1,0,0.5,0.0
Johnny REP,Netherlands,14,2,7,0,3,0,0,0,13,1,0,0,0.5,0.214
Max MORLOCK,West Germany,6,1,6,0,0,0,0,0,5,1,0,0,1.0,0.0
Oldrich NEJEDLY,Czechoslovakia,7,2,6,0,0,0,0,0,6,1,1,0,0.857,0.0
Zbigniew BONIEK,Poland,17,3,6,0,4,0,0,4,14,3,0,0,0.353,0.235
ROBBEN,Netherlands,18,3,6,0,4,0,0,1,14,4,0,0,0.333,0.222
Mario KEMPES,Argentina,18,3,6,0,1,0,0,0,17,1,0,0,0.333,0.056
SNEIJDER,Netherlands,18,3,6,0,2,0,0,0,17,1,0,0,0.333,0.111
BEBETO,Brazil,18,3,6,0,0,0,0,0,14,4,0,0,0.333,0.0
Sepp HUEGI,Switzerland,4,1,6,0,0,0,0,0,3,1,0,0,1.5,0.0
RIVELINO,Brazil,20,3,6,0,2,0,0,1,13,7,0,0,0.3,0.1
Juergen KLINSMANN,West Germany,12,2,6,0,2,0,0,5,12,0,0,0,0.5,0.167
Erich PROBST,Austria,5,1,6,0,0,0,0,0,5,0,0,0,1.2,0.0
CARECA,Brazil,9,2,6,0,1,0,0,0,9,0,1,0,0.667,0.111
MORIENTES,Spain,8,2,5,0,1,0,0,0,4,4,0,0,0.625,0.125
RAUL,Spain,12,3,5,0,0,0,0,2,8,4,0,0,0.417,0.0
Christian VIERI,Italy,5,1,5,0,0,0,0,0,5,0,0,0,1.0,0.0
Gyula ZSENGELLER,Hungary,4,1,5,0,0,0,0,0,4,0,0,0,1.25,0.0
Franz BECKENBAUER,West Germany,19,3,5,0,2,0,0,7,18,1,0,0,0.263,0.105
ROMRIO (Romrio de Souza Faria),Brazil,11,2,5,0,0,0,0,0,8,3,0,0,0.455,0.0
Gyorgy SAROSI,Hungary,6,2,5,0,0,0,0,4,5,1,1,0,0.833,0.0
Salvatore SCHILLACI,Italy,7,1,5,0,0,0,0,0,5,2,1,0,0.714,0.0
Tomas SKUHRAVY,Czechoslovakia,5,1,5,0,1,0,0,0,5,0,0,0,1.0,0.2
Valentin IVANOV,Soviet Union,9,2,5,0,0,0,0,0,9,0,0,0,0.556,0.0
Pedro CEA,Uruguay,4,1,5,0,0,0,0,0,4,0,0,0,1.25,0.0
Roger MILLA,Cameroon,11,3,5,0,3,0,0,0,3,8,0,0,0.455,0.273
Silvio PIOLA,Italy,4,1,5,0,0,0,0,0,4,0,0,0,1.25,0.0
Davor SUKER,Yugoslavia,12,2,5,0,1,0,0,1,7,5,1,0,0.417,0.083
HIGUAIN,Argentina,12,2,5,0,0,0,0,0,10,2,0,0,0.417,0.0
JAMES,England,19,4,5,0,1,0,0,0,7,12,1,0,0.263,0.053
Helmut HALLER,West Germany,16,3,5,0,0,0,0,0,9,7,1,0,0.312,0.0
Juan SCHIAFFINO,Uruguay,9,2,5,0,0,0,0,0,9,0,0,0,0.556,0.0
EUSEBIO (Eusebio da Silva Ferreira),Portugal,6,1,5,0,1,0,0,0,6,0,4,0,0.833,0.167
CAHILL,Australia,13,3,5,0,4,1,1,0,10,3,0,0,0.385,0.385
KLINSMANN,Germany,5,1,5,0,2,0,0,0,5,0,0,0,1.0,0.4
Peter McPARLAND,Northern Ireland,5,1,5,0,0,0,0,0,5,0,0,0,1.0,0.0
V. PERSIE,Netherlands,18,3,5,0,4,0,0,6,17,1,1,0,0.278,0.222
GARRINCHA,Brazil,15,3,5,0,0,1,1,0,12,3,0,0,0.333,0.067
Geoff HURST,England,10,2,5,0,0,0,0,0,6,4,0,0,0.5,0.0
PODOLSKI,Germany,21,3,5,0,1,0,0,0,14,7,0,1,0.238,0.048
Kennet ANDERSSON,Sweden,7,1,5,0,2,0,0,0,6,1,0,0,0.714,0.286
MESSI,Argentina,17,3,5,0,0,0,0,8,13,4,0,0,0.294,0.0
Drazen JERKOVIC,Yugoslavia,10,2,4,0,0,0,0,0,6,4,0,0,0.4,0.0
FORLAN,Uruguay,7,1,4,0,0,0,0,1,7,0,1,0,0.571,0.0
Emilio BUTRAGUENO,Spain,9,2,4,0,0,0,0,4,9,0,1,0,0.444,0.0
Edmund CONEN,Germany,4,1,4,0,0,0,0,0,4,0,0,0,1.0,0.0
Anatoly BISHOVETS,Soviet Union,4,1,4,0,1,0,0,0,4,0,0,0,1.0,0.25
Bert PATENAUDE,USA,3,1,4,0,0,0,0,0,3,0,0,0,1.333,0.0
Nandor HIDEGKUTI,Hungary,9,2,4,0,0,0,0,2,6,3,0,0,0.444,0.0
Rene HOUSEMAN,Argentina,13,2,4,0,1,0,0,0,6,7,0,0,0.308,0.077
Oleg SALENKO,Russia,3,1,4,0,0,0,0,0,2,1,2,0,1.333,0.0
Jan CEULEMANS,Belgium,16,3,4,0,1,0,0,10,14,2,0,0,0.25,0.062
Ferenc BENE,Hungary,4,1,4,0,0,0,0,0,4,0,0,0,1.0,0.0
BAGGIO R.,Italy,7,1,4,0,0,0,0,0,7,0,1,0,0.571,0.0
Zdenek ZIKAN,Czechoslovakia,4,1,4,0,0,0,0,0,3,1,0,0,1.0,0.0
DEMPSEY,USA,11,3,4,0,0,0,0,4,10,1,0,0,0.364,0.0
Lothar MATTHAEUS,West Germany,21,3,4,0,3,0,0,7,14,7,1,0,0.19,0.143
Ferenc PUSKAS,Hungary,8,2,4,0,0,0,0,3,6,2,0,0,0.5,0.0
Dominique ROCHETEAU,France,17,3,4,0,1,0,0,0,8,9,0,0,0.235,0.059
Carlos BORGES,Uruguay,5,1,4,0,0,0,0,0,5,0,0,0,0.8,0.0
Preben ELKJAER LARSEN,Denmark,4,1,4,0,0,0,0,0,4,0,0,0,1.0,0.0
PAULETA,Portugal,10,2,4,0,1,0,0,1,9,1,0,0,0.4,0.1
HERNANDEZ,Mexico,4,1,4,0,1,0,0,0,4,0,0,0,1.0,0.25
Valeriy PORKUYAN,Soviet Union,10,2,4,0,0,0,0,0,3,7,0,0,0.4,0.0
Robert BALLAMAN,Switzerland,4,1,4,0,0,0,0,0,4,0,0,0,1.0,0.0
Florin RADUCIOIU,Romania,9,2,4,0,2,0,0,0,7,2,0,0,0.444,0.222
Joe JORDAN,Scotland,9,3,4,0,1,0,0,0,7,2,0,0,0.444,0.111
Florian ALBERT,Hungary,8,2,4,0,0,0,0,0,7,1,0,0,0.5,0.0
Ralf EDSTROM,Sweden,9,2,4,0,0,0,0,0,7,2,0,0,0.444,0.0
WALTER,West Germany,6,1,4,0,0,0,0,0,5,1,0,0,0.667,0.0
TOMASSON,Denmark,7,2,4,0,1,0,0,2,6,1,1,1,0.571,0.143
Kurt HAMRIN,Sweden,6,1,4,0,0,0,0,0,5,1,0,0,0.667,0.0
Andre ABEGGLEN,Switzerland,5,2,4,0,0,0,0,1,5,0,0,0,0.8,0.0
Bobby CHARLTON,England,18,4,4,0,0,0,0,0,14,4,0,0,0.222,0.0
VIERI,Italy,4,1,4,0,1,0,0,0,4,0,0,0,1.0,0.25
Michel PLATINI,France,17,3,4,0,1,0,0,11,13,4,1,0,0.235,0.059
Jorge VALDANO,Argentina,12,2,4,0,1,0,0,0,8,4,0,0,0.333,0.083
Hans KRANKL,Austria,11,2,4,0,0,0,0,0,10,1,1,0,0.364,0.0
Marcelo SALAS,Chile,4,1,4,0,1,0,0,0,4,0,0,0,1.0,0.25
DONOVAN,USA,12,3,4,0,0,0,0,0,12,0,1,0,0.333,0.0
Alcides GHIGGIA,Uruguay,4,1,4,0,0,0,0,0,4,0,0,0,1.0,0.0
Angelo SCHIAVIO,Italy,5,1,4,0,0,0,0,0,4,1,0,0,0.8,0.0
Leopoldo LUQUE,Argentina,7,1,4,0,0,0,0,0,5,2,0,0,0.571,0.0
Igor CHISLENKO,Soviet Union,10,2,4,0,0,1,1,0,7,3,0,0,0.4,0.1
ZICO,Brazil,17,3,4,0,1,0,0,0,8,9,1,0,0.235,0.059
CRESPO,Argentina,13,3,4,0,1,0,0,0,4,9,0,0,0.308,0.077
Estanislao BASORA,Spain,6,1,4,0,0,0,0,0,6,0,0,0,0.667,0.0
CHICO,Brazil,6,1,4,0,0,0,0,0,4,2,0,0,0.667,0.0
Martin DAHLIN,Sweden,7,1,4,0,2,0,0,0,5,2,0,0,0.571,0.286
Daniel BERTONI,Argentina,12,2,4,0,1,0,0,0,10,2,0,0,0.333,0.083
ZARRA,Spain,6,1,4,0,0,0,0,1,6,0,0,0,0.667,0.0
Gino COLAUSSI,Italy,4,1,4,0,0,0,0,0,3,1,0,0,1.0,0.0
Agne SIMONSSON,Sweden,6,1,4,0,0,0,0,0,5,1,0,0,0.667,0.0
Claudio CANIGGIA,Argentina,11,2,4,0,3,0,0,0,8,3,0,0,0.364,0.273
Alessandro ALTOBELLI,Italy,11,2,4,0,0,0,0,0,4,7,1,0,0.364,0.0
Leopold ANOUL,Belgium,2,1,3,0,0,0,0,0,2,0,0,0,1.5,0.0
Thierry HENRY,France,7,1,3,0,0,0,0,0,3,4,0,0,0.429,0.0
Leonel SANCHEZ,Chile,9,2,3,0,0,0,0,3,9,0,1,0,0.333,0.0
Ivica BEK,Yugoslavia,3,1,3,0,0,0,0,0,3,0,0,0,1.0,0.0
Enzo SCIFO,Belgium,14,3,3,0,0,0,0,1,13,1,0,0,0.214,0.0
Nat LOFTHOUSE,England,3,1,3,0,0,0,0,0,2,1,0,0,1.0,0.0
Alfred KOERNER,Austria,8,2,3,0,0,0,0,0,7,1,0,0,0.375,0.0
Raimundo ORSI,Italy,5,1,3,0,0,0,0,0,5,0,0,0,0.6,0.0
HONDA,Japan,7,2,3,0,1,0,0,0,7,0,0,0,0.429,0.143
Hector SOCORRO,Cuba,3,1,3,0,0,0,0,0,3,0,0,0,1.0,0.0
Carlos PEUCELLE,Argentina,5,1,3,0,0,0,0,0,4,1,0,0,0.6,0.0
HAGI,Romania,9,2,3,0,2,0,0,5,8,1,0,0,0.333,0.222
AMARILDO,Brazil,6,1,3,0,0,0,0,0,4,2,0,0,0.5,0.0
C. SAMPAIO,Brazil,7,1,3,0,3,0,0,0,6,1,0,0,0.429,0.429
Pierre LITTBARSKI,West Germany,21,3,3,0,1,0,0,0,10,11,0,0,0.143,0.048
JULIO SALINAS,Spain,14,3,3,0,1,0,0,0,11,3,0,0,0.214,0.071
NEYMAR JR,Brazil,7,1,3,0,1,0,0,0,5,2,1,0,0.429,0.143
MICHEL,Spain,9,2,3,0,1,0,0,0,9,0,1,0,0.333,0.111
BALTAZAR,Brazil,9,2,3,0,0,0,0,0,4,5,0,0,0.333,0.0
Karl-Erik PALMER,Sweden,5,1,3,0,0,0,0,0,5,0,0,0,0.6,0.0
BERGKAMP,Netherlands,5,1,3,0,1,0,0,0,5,0,0,0,0.6,0.2
BALLACK,Germany,14,2,3,0,4,0,0,5,11,3,0,0,0.214,0.286
SCHRRLE,Germany,7,1,3,0,0,0,0,0,0,7,0,0,0.429,0.0
Gabriel BATISTUTA,Argentina,5,1,3,0,0,0,0,1,5,0,2,0,0.6,0.0
STOITCHKOV,Bulgaria,7,1,3,0,2,0,0,0,7,0,3,0,0.429,0.286
E. VALENCIA,Ecuador,3,1,3,0,1,0,0,0,3,0,0,0,1.0,0.333
Zoltan CZIBOR,Hungary,5,1,3,0,0,0,0,0,5,0,0,0,0.6,0.0
Laszlo KISS,Hungary,3,1,3,0,0,0,0,0,2,1,0,0,1.0,0.0
Juan HOHBERG,Uruguay,5,1,3,0,0,0,0,0,2,3,0,0,0.6,0.0
Gustav WETTERSTROM,Sweden,3,1,3,0,0,0,0,0,2,1,0,0,1.0,0.0
JOSE AUGUSTO,Portugal,6,1,3,0,0,0,0,0,6,0,0,0,0.5,0.0
GERRARD,England,12,3,3,0,3,0,0,6,10,2,0,0,0.25,0.25
A. GYAN,Ghana,8,2,3,0,0,0,0,3,8,0,2,1,0.375,0.0
Dusan BAJEVIC,Yugoslavia,6,1,3,0,1,0,0,0,3,3,0,0,0.5,0.167
Luis ARTIME,Argentina,4,1,3,0,1,0,0,0,4,0,0,0,0.75,0.25
JOSE TORRES,Portugal,6,1,3,0,0,0,0,0,6,0,0,0,0.5,0.0
CUEVAS,Paraguay,7,2,3,0,0,0,0,0,0,7,0,0,0.429,0.0
Robert PROSINECKI,Yugoslavia,12,2,3,0,1,0,0,0,5,7,0,0,0.25,0.083
Harry ANDERSSON,Sweden,3,1,3,0,0,0,0,0,3,0,0,0,1.0,0.0
Bernard GENGHINI,France,14,2,3,0,1,0,0,0,6,8,0,0,0.214,0.071
FALCAO,Brazil,10,2,3,0,1,0,0,0,5,5,0,0,0.3,0.1
Juan ANSELMO,Uruguay,4,1,3,0,0,0,0,0,2,2,0,0,0.75,0.0
PERACIO,Brazil,5,1,3,0,0,0,0,0,4,1,0,0,0.6,0.0
Wolfgang OVERATH,West Germany,19,3,3,0,3,0,0,0,19,0,0,0,0.158,0.158
Theodor WAGNER,Austria,5,1,3,0,0,0,0,0,4,1,0,0,0.6,0.0
Jackie FATTON,Switzerland,7,2,3,0,0,0,0,0,7,0,0,0,0.429,0.0
SUAREZ,Uruguay,7,1,3,0,0,1,1,0,6,1,0,0,0.429,0.143
Jose Luis CAMINERO,Spain,5,1,3,0,3,0,0,0,3,2,0,0,0.6,0.6
OSCAR,Brazil,24,4,3,0,2,0,0,0,19,5,0,0,0.125,0.083
Roger HUNT,England,10,2,3,0,0,0,0,0,6,4,0,0,0.3,0.0
DIDI,Brazil,15,3,3,0,0,0,0,0,15,0,0,0,0.2,0.0
TEVEZ,Argentina,10,2,3,0,0,0,0,0,6,4,0,0,0.3,0.0
Kazimierz DEYNA,Poland,13,2,3,0,0,0,0,13,13,0,1,0,0.231,0.0
Roger PIANTONI,France,6,1,3,0,0,0,0,0,5,1,0,0,0.5,0.0
HENRY,France,13,3,3,0,0,1,1,0,9,4,0,0,0.231,0.077
Gerry ARMSTRONG,Northern Ireland,8,2,3,0,0,0,0,0,5,3,0,0,0.375,0.0
L. FABIANO,Brazil,5,1,3,0,1,0,0,0,5,0,0,0,0.6,0.2
BATISTUTA,Argentina,7,2,3,0,2,0,0,1,7,0,2,0,0.429,0.286
RODRIGUEZ,Costa Rica,12,3,3,0,1,0,0,0,9,3,0,0,0.25,0.083
Oliver BIERHOFF,Germany,5,1,3,0,0,0,0,0,5,0,0,0,0.6,0.0
Paul BREITNER,West Germany,14,2,3,0,0,0,0,0,14,0,1,0,0.214,0.0
Eduard MALOFEYEV,Soviet Union,6,1,3,0,0,0,0,0,5,1,0,0,0.5,0.0
Alain GIRESSE,France,14,2,3,0,1,0,0,0,12,2,0,0,0.214,0.071
SHAQIRI,Switzerland,7,2,3,0,0,0,0,0,4,3,0,0,0.429,0.0
ROMEU,Brazil,5,1,3,0,0,0,0,0,4,1,0,0,0.6,0.0
Milan GALIC,Yugoslavia,6,1,3,0,0,0,0,6,6,0,0,0,0.5,0.0
Jean NICOLAS,France,3,2,3,0,0,0,0,0,3,0,0,0,1.0,0.0
Andreas BREHME,West Germany,19,3,3,0,4,0,0,0,14,5,1,0,0.158,0.211
Stig SUNDQVIST,Sweden,5,1,3,0,0,0,0,0,5,0,0,0,0.6,0.0
VITTEK,Slovakia,4,1,3,0,1,0,0,0,4,0,1,0,0.75,0.25
WILMOTS,Belgium,8,2,3,0,0,0,0,4,5,3,0,0,0.375,0.0
Suat MAMAT,Turkey,3,1,3,0,0,0,0,0,2,1,0,0,1.0,0.0
Arne NYBERG,Sweden,3,1,3,0,0,0,0,0,3,0,0,0,1.0,0.0
Johan CRUYFF,Netherlands,7,1,3,0,2,0,0,7,7,0,0,0,0.429,0.286
PREGUINHO,Brazil,2,1,3,0,0,0,0,2,2,0,0,0,1.5,0.0
DIRCEU,Brazil,19,3,3,0,1,0,0,0,11,8,0,0,0.158,0.053
Sven JONASSON,Sweden,5,2,3,0,0,0,0,0,5,0,0,0,0.6,0.0
Geza TOLDI,Hungary,6,2,3,0,0,0,0,0,4,2,0,0,0.5,0.0
ROBERTO DINAMITE,Brazil,12,2,3,0,1,0,0,0,5,7,0,0,0.25,0.083
Walter SCHACHNER,Austria,11,2,3,0,1,0,0,0,8,3,0,0,0.273,0.091
Gigi RIVA,Italy,9,2,3,0,0,0,0,0,8,1,0,0,0.333,0.0
Gianni RIVERA,Italy,15,4,3,0,1,0,0,0,5,10,0,0,0.2,0.067
BOUBA DIOP,Senegal,5,1,3,0,1,0,0,0,5,0,0,0,0.6,0.2
Dennis BERGKAMP,Netherlands,7,1,3,0,0,0,0,0,6,1,0,0,0.429,0.0
Tomas BROLIN,Sweden,10,2,3,0,1,0,0,0,10,0,1,0,0.3,0.1
ILHAN MANSIZ,Turkey,7,1,3,0,1,0,0,0,1,6,0,0,0.429,0.143
Buhran SARGUN,Turkey,3,1,3,0,0,0,0,0,2,1,0,0,1.0,0.0
LARSSON,Sweden,8,2,3,0,2,0,0,0,8,0,1,0,0.375,0.25
Stefan DOBAY,Romania,3,2,3,0,0,0,0,1,3,0,0,0,1.0,0.0
David PLATT,England,7,1,3,0,0,0,0,0,3,4,0,0,0.429,0.0
TOSTAO,Brazil,9,2,3,0,1,0,0,0,7,2,0,0,0.333,0.111
SOCRATES,Brazil,10,2,3,0,0,0,0,5,10,0,1,0,0.3,0.0
Leopold KIELHOLZ,Switzerland,5,2,3,0,0,0,0,0,2,3,0,0,0.6,0.0
Toza VESELINOVIC,Yugoslavia,7,2,3,0,0,0,0,0,4,3,0,0,0.429,0.0
Jorge BURRUCHAGA,Argentina,14,2,3,0,1,0,0,0,14,0,0,0,0.214,0.071
Julio Cesar ROMERO,Paraguay,4,1,2,0,1,0,0,0,4,0,0,0,0.5,0.25
Antonin PUC,Czechoslovakia,7,2,2,0,0,0,0,0,5,2,0,0,0.286,0.0
VALENCIA,Colombia,6,2,2,0,0,0,0,0,3,3,0,0,0.333,0.0
Ramon Maria CALDERE,Spain,5,1,2,0,1,0,0,0,3,2,0,0,0.4,0.2
Johan NEESKENS,Netherlands,14,2,2,0,3,0,0,0,11,3,3,0,0.143,0.214
NELINHO,Brazil,14,2,2,0,1,0,0,0,6,8,0,0,0.143,0.071
RUIZ B.,Costa Rica,5,1,2,0,1,0,0,5,5,0,0,0,0.4,0.2
DEL PIERO,Italy,11,2,2,0,0,0,0,0,2,9,0,0,0.182,0.0
WANCHOPE P.,Costa Rica,3,1,2,0,0,0,0,0,3,0,0,0,0.667,0.0
HOLMAN,Australia,3,1,2,0,0,0,0,0,1,2,0,0,0.667,0.0
Luis CUBILLA,Uruguay,12,3,2,0,0,0,0,0,8,4,0,0,0.167,0.0
McCARTHY,South Africa,6,2,2,0,1,0,0,0,6,0,0,0,0.333,0.167
HUMMELS,Germany,7,1,2,0,0,0,0,0,6,1,0,0,0.286,0.0
Julio ABBADIE,Uruguay,5,1,2,0,0,0,0,0,4,1,0,0,0.4,0.0
CHUNGYONG,South Korea,4,1,2,0,1,0,0,0,4,0,0,0,0.5,0.25
Alberto GALLARDO,Peru,4,1,2,0,0,0,0,0,4,0,0,0,0.5,0.0
Salah ASSAD,Algeria,6,2,2,0,0,0,0,0,5,1,0,0,0.333,0.0
Tibor NYILASI,Hungary,6,2,2,0,2,1,1,3,5,1,0,0,0.333,0.5
Michael OWEN,England,4,1,2,0,0,0,0,0,2,2,0,0,0.5,0.0
Laszlo FAZEKAS,Hungary,6,2,2,0,1,0,0,0,3,3,0,0,0.333,0.167
Luis MONTI,Argentina,10,2,2,0,0,0,0,0,9,1,0,0,0.2,0.0
Marc WILMOTS,Belgium,7,2,2,0,0,0,0,0,3,4,0,0,0.286,0.0
Marc DE GRIJSE,Belgium,8,2,2,0,0,0,0,0,7,1,0,0,0.25,0.0
Johann HORVATH,Austria,4,1,2,0,0,0,0,2,2,2,0,0,0.5,0.0
Mc BRIDE,USA,5,1,2,0,0,0,0,0,5,0,0,0,0.4,0.0
NEUVILLE,Germany,14,2,2,0,1,0,0,0,4,10,0,0,0.143,0.071
Salaheddine BASSIR,Morocco,3,1,2,0,0,0,0,0,3,0,0,0,0.667,0.0
JACKSON M.,Colombia,5,1,2,0,0,0,0,0,2,3,0,0,0.4,0.0
DAVID LUIZ,Brazil,7,1,2,0,0,0,0,1,7,0,0,0,0.286,0.0
VIEIRA,France,10,2,2,0,1,0,0,1,10,0,0,0,0.2,0.1
ELANO,Brazil,5,1,2,0,0,0,0,0,2,3,0,0,0.4,0.0
SLIMANI,Algeria,4,1,2,0,0,0,0,0,3,1,0,0,0.5,0.0
Anatoli ILYIN,Soviet Union,5,1,2,0,0,0,0,0,5,0,0,0,0.4,0.0
Martin PETERS,England,10,2,2,0,1,0,0,0,9,1,0,0,0.2,0.1
Atilio CREMASCHI,Chile,3,1,2,0,0,0,0,0,3,0,0,0,0.667,0.0
Darko PANCEV,Yugoslavia,5,1,2,0,1,0,0,0,2,3,0,0,0.4,0.2
Carlos VIDAL,Chile,3,1,2,0,0,0,0,0,3,0,0,0,0.667,0.0
Davor JOZIC,Yugoslavia,5,1,2,0,0,0,0,0,5,0,0,0,0.4,0.0
Trevor FRANCIS,England,5,1,2,0,0,0,0,0,5,0,0,0,0.4,0.0
UCHE,Nigeria,7,2,2,0,2,0,0,3,5,2,0,0,0.286,0.286
Lilian THURAM,France,7,1,2,0,0,0,0,0,6,1,0,0,0.286,0.0
Maryan WISNIESKI,France,6,1,2,0,0,0,0,0,6,0,0,0,0.333,0.0
INAMOTO,Japan,11,3,2,0,1,0,0,0,5,6,0,0,0.182,0.091
Jose PARODI,Paraguay,3,1,2,0,0,0,0,0,3,0,0,0,0.667,0.0
Derek KEVAN,England,8,2,2,0,0,0,0,0,4,4,0,0,0.25,0.0
Roberto CABANAS,Paraguay,4,1,2,0,0,0,0,0,4,0,0,0,0.5,0.0
Roland SANDBERG,Sweden,6,1,2,0,0,0,0,0,6,0,0,0,0.333,0.0
Mario ZAGALLO,Brazil,12,2,2,0,0,0,0,0,12,0,0,0,0.167,0.0
Hans JEPPSSON,Sweden,5,1,2,0,0,0,0,0,4,1,0,0,0.4,0.0
Iordan LETCHKOV,Bulgaria,7,1,2,0,2,0,0,0,7,0,0,0,0.286,0.286
DJABOU,Algeria,4,1,2,0,0,0,0,0,2,2,0,0,0.5,0.0
Jorge TORO,Chile,6,1,2,0,0,0,0,2,5,1,0,0,0.333,0.0
Jose SASIA,Uruguay,7,2,2,0,0,0,0,0,5,2,0,0,0.286,0.0
Jorge ROMERO,Paraguay,3,1,2,0,0,0,0,0,3,0,0,0,0.667,0.0
DROGBA,Cte d'Ivoire,9,3,2,0,3,0,0,5,5,4,0,0,0.222,0.333
SERGINHO,Brazil,5,1,2,0,0,0,0,0,5,0,0,0,0.4,0.0
DUMITRESCU,Romania,9,2,2,0,1,0,0,0,5,4,0,0,0.222,0.111
Vaclav HOVORKA,Czechoslovakia,4,1,2,0,0,0,0,0,3,1,0,0,0.5,0.0
UMIT DAVALA,Turkey,7,1,2,0,0,0,0,0,6,1,0,0,0.286,0.0
M B HONG,South Korea,13,3,2,0,1,0,0,7,13,0,0,0,0.154,0.077
Jose ALTAFINI,Brazil,9,2,2,0,0,0,0,0,5,4,0,0,0.222,0.0
Andre MASCHINOT,France,3,1,2,0,0,0,0,0,2,1,0,0,0.667,0.0
Romeo BENETTI,Italy,10,2,2,0,3,0,0,0,9,1,0,0,0.2,0.3
Hristo BONEV,Bulgaria,6,2,2,0,0,0,0,3,5,1,0,0,0.333,0.0
Roberto BONINSEGNA,Italy,9,2,2,0,2,0,0,0,6,3,0,0,0.222,0.222
Roberto BETTEGA,Italy,7,1,2,0,0,0,0,0,7,0,0,0,0.286,0.0
Roberto BAGGIO,Italy,7,1,2,0,1,0,0,0,4,3,0,0,0.286,0.143
Marco TARDELLI,Italy,18,3,2,0,3,0,0,0,13,5,0,0,0.111,0.167
Hector CASTRO,Uruguay,4,1,2,0,0,0,0,0,2,2,0,0,0.5,0.0
J H AHN,South Korea,7,1,2,0,1,0,0,0,4,3,0,1,0.286,0.143
J HERNANDEZ,Mexico,4,1,2,0,1,0,0,0,1,3,0,0,0.5,0.25
Riccardo CARAPELLESE,Italy,2,1,2,0,0,0,0,2,2,0,0,0,1.0,0.0
BAGGIO D.,Italy,7,1,2,0,1,0,0,0,6,1,0,0,0.286,0.143
Lefter KUCUKANDONYADIS,Turkey,3,1,2,0,0,0,0,1,3,0,0,0,0.667,0.0
S H HWANG,South Korea,16,4,2,0,0,0,0,0,7,9,0,0,0.125,0.0
Ariel ORTEGA,Argentina,5,1,2,0,2,1,1,0,5,0,0,0,0.4,0.6
Aleksandr ZAVAROV,Soviet Union,7,2,2,0,0,0,0,0,5,2,0,0,0.286,0.0
EDER,Brazil,5,1,2,0,0,0,0,0,5,0,0,0,0.4,0.0
STOJKOVIC,Yugoslavia,8,2,2,0,1,0,0,0,5,3,0,0,0.25,0.125
J. BORGETTI,Mexico,8,2,2,0,0,0,0,0,6,2,0,0,0.25,0.0
Aleksandar PETAKOVIC,Yugoslavia,7,2,2,0,0,0,0,0,4,3,0,0,0.286,0.0
Raymond KOPA,France,8,2,2,0,0,0,0,0,8,0,2,0,0.25,0.0
B. WILFRIED,Cte d'Ivoire,3,1,2,0,0,0,0,0,2,1,0,0,0.667,0.0
Juan AGUERO,Paraguay,3,1,2,0,0,0,0,3,3,0,0,0,0.667,0.0
Ivor BROADIS,England,3,1,2,0,0,0,0,0,3,0,0,0,0.667,0.0
Ivor ALLCHURCH,Wales,5,1,2,0,0,0,0,0,5,0,0,0,0.4,0.0
SCHWEINSTEIGER,Germany,21,3,2,0,4,0,0,1,18,3,0,0,0.095,0.19
Djordje VUJADINOVIC,Yugoslavia,3,1,2,0,0,0,0,0,3,0,0,0,0.667,0.0
Viorel MOLDOVAN,Romania,9,2,2,0,0,0,0,0,3,6,0,0,0.222,0.0
Rob RENSENBRINK,Netherlands,14,2,2,0,0,0,0,0,13,1,4,0,0.143,0.0
Jozsef TOTH,Hungary,11,3,2,0,0,0,0,0,7,4,0,0,0.182,0.0
Ivica SURJAK,Yugoslavia,9,2,2,0,0,0,0,3,9,0,0,0,0.222,0.0
John WARK,Scotland,3,1,2,0,0,0,0,0,3,0,0,0,0.667,0.0
Viktor PONEDELNIK,Soviet Union,4,1,2,0,0,0,0,0,4,0,0,0,0.5,0.0
Hector YAZALDE,Argentina,6,1,2,0,0,0,0,0,3,3,0,0,0.333,0.0
Dieter MUELLER,West Germany,6,1,2,0,0,0,0,0,4,2,0,0,0.333,0.0
Victoriano IRIARTE,Uruguay,4,1,2,0,0,0,0,0,4,0,0,0,0.5,0.0
Arie HAAN,Netherlands,14,2,2,0,1,0,0,0,13,1,0,0,0.143,0.071
Didier SIX,France,10,2,2,0,1,0,0,0,6,4,0,0,0.2,0.1
BEAUSEJOUR,Chile,8,2,2,0,0,0,0,0,4,4,0,0,0.25,0.0
Heinz FLOHE,West Germany,13,2,2,0,0,0,0,0,5,8,0,0,0.154,0.0
HASAN SAS,Turkey,7,1,2,0,2,0,0,0,6,1,0,0,0.286,0.286
Fernando QUIRARTE,Mexico,5,1,2,0,1,0,0,0,5,0,0,0,0.4,0.2
Peter PALOTAS,Hungary,5,1,2,0,0,0,0,0,2,3,0,0,0.4,0.0
Giovanni FERRARI,Italy,9,2,2,0,0,0,0,0,8,1,0,0,0.222,0.0
LAUDRUP B.,Denmark,5,1,2,0,0,0,0,0,5,0,0,0,0.4,0.0
BOSACKI,Poland,3,1,2,0,0,0,0,0,2,1,0,0,0.667,0.0
Bryan ROBSON,England,17,3,2,0,0,0,0,4,8,9,0,0,0.118,0.0
Stanislav KARASI,Yugoslavia,6,1,2,0,1,0,0,0,2,4,0,0,0.333,0.167
ALEXIS,Chile,4,1,2,0,0,0,0,0,4,0,0,0,0.5,0.0
MATERAZZI,Italy,11,2,2,0,0,1,1,0,3,8,0,0,0.182,0.091
Giuseppe MEAZZA,Italy,9,2,2,0,0,0,0,4,9,0,1,0,0.222,0.0
Yannick STOPYRA,France,7,1,2,0,0,0,0,0,5,2,0,0,0.286,0.0
Giacomo BULGARELLI,Italy,6,2,2,0,0,0,0,1,4,2,0,0,0.333,0.0
L. SUAREZ,Uruguay,4,1,2,0,0,0,0,0,2,2,0,0,0.5,0.0
OWEN,England,10,2,2,0,0,0,0,0,8,2,0,0,0.2,0.0
Obdulio VARELA,Uruguay,9,2,2,0,0,0,0,7,7,2,0,0,0.222,0.0
Jaime RAMIREZ,Chile,9,2,2,0,0,0,0,0,6,3,0,0,0.222,0.0
MODERATO,Brazil,2,1,2,0,0,0,0,0,1,1,0,0,1.0,0.0
Eladio ROJAS,Chile,6,1,2,0,0,0,0,0,6,0,0,0,0.333,0.0
Slobodan KOMLJENOVIC,Yugoslavia,4,1,2,0,0,0,0,0,3,1,0,0,0.5,0.0
KEANE,Ireland,4,1,2,0,0,0,0,0,4,0,1,0,0.5,0.0
JULINHO,Brazil,3,1,2,0,0,0,0,0,3,0,0,0,0.667,0.0
F. AMIN,Saudi Arabia,7,2,2,0,2,0,0,3,6,1,0,0,0.286,0.286
F. TORRES,Spain,4,1,2,0,0,0,0,0,3,1,1,0,0.5,0.0
Guillermo SUBIABRE,Chile,3,1,2,0,0,0,0,1,3,0,0,0,0.667,0.0
Wlodimierz SMOLAREK,Poland,11,2,2,0,3,0,0,0,10,1,0,0,0.182,0.273
JOSIMAR,Brazil,5,1,2,0,0,0,0,0,3,2,0,0,0.4,0.0
KHEDIRA,Germany,14,2,2,0,2,0,0,0,11,3,0,0,0.143,0.143
Silvestre IGOA,Spain,6,1,2,0,0,0,0,0,5,1,0,0,0.333,0.0
AMOKACHI,Nigeria,4,1,2,0,0,0,0,0,4,0,0,0,0.5,0.0
FREI,Switzerland,7,2,2,0,1,0,0,1,5,2,0,0,0.286,0.143
JUNGSOO,South Korea,4,1,2,0,0,0,0,0,4,0,0,0,0.5,0.0
C. TENORIO,Ecuador,7,2,2,0,2,0,0,0,4,3,0,0,0.286,0.286
Phillip COCU,Netherlands,7,1,2,0,0,0,0,0,7,0,0,0,0.286,0.0
O. BRAVO,Mexico,4,1,2,0,0,0,0,0,3,1,0,0,0.5,0.0
JUNIOR,Brazil,17,3,2,0,0,0,0,0,11,6,0,0,0.118,0.0
FRED,Brazil,12,2,2,0,0,0,0,0,6,6,0,0,0.167,0.0
Philippe ALBERT,Belgium,8,2,2,0,1,0,0,0,4,4,0,0,0.25,0.125
Oleg BLOKHIN,Soviet Union,9,2,2,0,0,0,0,1,6,3,0,0,0.222,0.0
TONI,Italy,7,1,2,0,0,0,0,0,6,1,0,0,0.286,0.0
Patrick KLUIVERT,Netherlands,7,1,2,0,0,1,1,0,4,3,0,0,0.286,0.143
GTZE,Germany,7,1,2,0,0,0,0,0,3,4,0,0,0.286,0.0
PERII?,Croatia,3,1,2,0,0,0,0,0,3,0,0,0,0.667,0.0
Karl HOHMANN,Germany,4,1,2,0,0,0,0,0,2,2,0,0,0.5,0.0
Zinedine ZIDANE,France,7,1,2,0,1,1,1,0,5,2,0,0,0.286,0.286
PELAEZ,Mexico,4,1,2,0,1,0,0,0,0,4,0,0,0.5,0.25
Bernard VOORHOOF,Belgium,4,3,2,0,0,0,0,0,3,1,0,0,0.5,0.0
GERVINHO,Cte d'Ivoire,6,2,2,0,0,0,0,0,5,1,0,0,0.333,0.0
Gabor POLOSKEI,Hungary,3,1,2,0,0,0,0,0,3,0,0,0,0.667,0.0
Kenny DALGLISH,Scotland,9,3,2,0,0,0,0,0,7,2,0,0,0.222,0.0
ADRIANO,Brazil,5,1,2,0,1,0,0,0,3,2,0,0,0.4,0.2
A. DELGADO,Ecuador,4,1,2,0,0,0,0,0,3,1,0,0,0.5,0.0
GOIKOETXEA,Spain,5,1,2,0,1,0,0,0,5,0,0,0,0.4,0.2
GOMEZ,Ecuador,20,3,2,0,1,0,0,0,4,16,0,0,0.1,0.05
A. AYEW,Ghana,8,2,2,0,2,0,0,0,7,1,0,0,0.25,0.25
Javier VALDIVIA,Mexico,4,1,2,0,1,0,0,0,4,0,0,0,0.5,0.25
PAK Seung Zin,North Korea,4,1,2,0,0,0,0,4,4,0,0,0,0.5,0.0
MEMPHIS,Netherlands,7,1,2,0,0,0,0,0,1,6,0,0,0.286,0.0
Zeljko CAJKOVSKI,Yugoslavia,3,1,2,0,0,0,0,0,3,0,0,0,0.667,0.0
GARCIA,Mexico,14,3,2,0,3,1,1,0,5,9,0,0,0.143,0.286
Bernardo REDIN,Colombia,4,1,2,0,0,0,0,0,2,2,0,0,0.5,0.0
PINGA,Brazil,3,1,2,0,0,0,0,0,2,1,0,0,0.667,0.0
Jean-Pierre PAPIN,France,7,1,2,0,0,0,0,0,4,3,0,0,0.286,0.0
KROOS,Germany,14,2,2,0,0,0,0,0,7,7,0,0,0.143,0.0
Kosta TOMASEVIC,Yugoslavia,3,1,2,0,0,0,0,0,3,0,0,0,0.667,0.0
Pal TITKOS,Hungary,4,1,2,0,0,0,0,0,2,2,0,0,0.5,0.0
Pablo DORADO,Uruguay,4,1,2,0,0,0,0,0,3,1,0,0,0.5,0.0
Jean VINCENT,France,8,2,2,0,0,0,0,0,8,0,0,0,0.25,0.0
Billy HAMILTON,Northern Ireland,8,2,2,0,3,0,0,0,6,2,0,0,0.25,0.375
ZIL,Germany,14,2,2,0,1,0,0,0,14,0,0,0,0.143,0.071
Klaus FISCHER,West Germany,13,2,2,0,1,0,0,0,7,6,0,0,0.154,0.077
TIAGO,Portugal,11,2,2,0,2,0,0,0,6,5,0,0,0.182,0.182
ZIZINHO,Brazil,6,1,2,0,0,0,0,0,4,2,0,0,0.333,0.0
Klaus ALLOFS,West Germany,7,1,2,0,1,0,0,0,7,0,0,0,0.286,0.143
MBOMA,Cameroon,6,2,2,0,0,0,0,0,6,0,0,0,0.333,0.0
A.INIESTA,Spain,7,1,2,0,1,0,0,0,6,1,0,0,0.286,0.143
Gavril BALINT,Romania,4,1,2,0,0,0,0,0,2,2,0,0,0.5,0.0
R. HIERRO,Spain,8,2,2,0,1,0,0,0,6,2,1,0,0.25,0.125
OKAZAKI,Japan,7,2,2,0,0,0,0,0,3,4,0,0,0.286,0.0
Igor BELANOV,Soviet Union,4,1,2,0,1,0,0,0,3,1,2,0,0.5,0.25
Adrian KNUP,Switzerland,4,1,2,0,1,0,0,0,3,1,0,0,0.5,0.25
R. de BOER,Netherlands,12,2,2,0,0,0,0,0,8,4,0,0,0.167,0.0
Nasko SIRAKOV,Bulgaria,11,2,2,0,1,0,0,0,9,2,0,0,0.182,0.091
MULLER,Brazil,16,3,2,0,0,0,0,0,6,10,0,0,0.125,0.0
Ernst STOJASPAL,Austria,5,1,2,0,0,0,0,0,4,1,1,0,0.4,0.0
Ernst OCWIRK,Austria,5,1,2,0,0,0,0,4,5,0,0,0,0.4,0.0
Adolfo ZUMELZU,Argentina,5,1,2,0,0,0,0,0,1,4,0,0,0.4,0.0
Emmanuel AMUNEKE,Nigeria,4,1,2,0,1,0,0,0,4,0,0,0,0.5,0.25
MUNTARI,Ghana,12,3,2,0,5,0,0,0,6,6,0,0,0.167,0.417
ROBINHO,Brazil,10,2,2,0,1,0,0,0,5,5,0,0,0.2,0.1
Adolf SCHERER,Czechoslovakia,10,2,2,0,0,0,0,0,6,4,1,0,0.2,0.0
Emmanuel PETIT,France,7,1,2,0,1,0,0,0,6,1,0,0,0.286,0.143
Ernie BRANDTS,Netherlands,7,1,2,1,0,0,0,0,4,3,0,0,0.286,0.0
Emmanuel SANON,Haiti,3,1,2,0,0,0,0,0,3,0,0,0,0.667,0.0
H. CAMARA,Senegal,5,1,2,0,1,0,0,0,3,2,0,0,0.4,0.2
LUIS ENRIQUE,Spain,13,3,2,0,1,0,0,0,10,3,0,0,0.154,0.077
Abdeljalil HADDA,Morocco,3,1,2,0,1,0,0,0,3,0,0,0,0.667,0.333
JISUNG,South Korea,7,2,2,0,0,0,0,4,7,0,0,0,0.286,0.0
Ernest LEHNER,Germany,6,2,2,0,0,0,0,0,6,0,0,0,0.333,0.0
MANDUKI?,Croatia,3,1,2,0,0,0,0,0,2,1,0,0,0.667,0.0
BENZEMA,France,5,1,2,0,0,0,0,0,5,0,1,1,0.4,0.0
Theodore WHITMORE,Jamaica,3,1,2,0,0,0,0,0,3,0,0,0,0.667,0.0
MANICHE,Portugal,7,1,2,0,2,0,0,0,6,1,0,0,0.286,0.286
Wilfried VAN MOER,Belgium,8,2,2,0,0,0,0,0,4,4,0,0,0.25,0.0
Abdelrazzak KHAIRI,Morocco,4,1,2,0,1,0,0,0,3,1,0,0,0.5,0.25
Joachim STREICH,East Germany,6,1,2,0,1,0,0,0,4,2,0,0,0.333,0.167
JONK,Netherlands,5,1,2,0,1,0,0,0,5,0,0,0,0.4,0.2
MUSA,Nigeria,4,1,2,0,0,0,0,0,4,0,0,0,0.5,0.0
AYALA,Paraguay,16,3,2,0,1,0,0,1,13,3,0,0,0.125,0.062
Erwin VANDENBERGH,Belgium,12,2,2,0,0,0,0,0,6,6,0,0,0.167,0.0
ROSICKY,Czech Republic,3,1,2,0,1,0,0,0,3,0,0,0,0.667,0.333
Ladislav PETRAS,Czechoslovakia,3,1,2,0,0,0,0,0,3,0,0,0,0.667,0.0
R. MARQUEZ,Mexico,12,3,2,0,4,1,1,12,12,0,0,0,0.167,0.417
Nico CLAESEN,Belgium,11,2,2,0,1,0,0,0,6,5,1,0,0.182,0.091
JAIR,Brazil,6,1,2,0,0,0,0,0,5,1,0,0,0.333,0.0
ROMMEDAHL,Denmark,7,2,2,0,0,0,0,0,7,0,0,0,0.286,0.0
Bernard LACOMBE,France,10,2,1,0,0,0,0,0,5,5,0,0,0.1,0.0
SANTA CRUZ,Paraguay,9,2,1,0,2,0,0,0,7,2,0,0,0.111,0.222
Bixente LIZARAZU,France,7,1,1,0,1,0,0,0,6,1,0,0,0.143,0.143
Marc OVERMARS,Netherlands,7,1,1,0,0,0,0,0,4,3,0,0,0.143,0.0
Isidoro DIAZ,Mexico,10,3,1,0,0,0,0,0,6,4,0,0,0.1,0.0
Stuart McCALL,Scotland,3,1,1,0,0,0,0,0,3,0,0,0,0.333,0.0
Martin JORGENSEN,Denmark,5,1,1,0,0,0,0,0,5,0,0,0,0.2,0.0
Christophe DUGARRY,France,7,1,1,0,0,0,0,0,1,6,0,0,0.143,0.0
Sandro MAZZOLA,Italy,12,3,1,0,0,0,0,0,12,0,0,0,0.083,0.0
MENDIETA,Spain,5,1,1,0,0,0,0,0,1,4,0,0,0.2,0.0
T.A. FLO,Norway,4,1,1,0,1,0,0,0,4,0,0,0,0.25,0.25
Sandor ZOMBORI,Hungary,3,1,1,0,1,0,0,0,3,0,0,0,0.333,0.333
Sunday OLISEH,Nigeria,4,1,1,0,0,0,0,0,4,0,0,0,0.25,0.0
JANSEN,Germany,14,2,1,0,0,0,0,0,2,12,0,0,0.071,0.0
Martin HOFFMANN,East Germany,6,1,1,0,0,0,0,0,5,1,0,0,0.167,0.0
Stjepan BOBEK,Yugoslavia,6,2,1,0,0,0,0,1,5,1,0,0,0.167,0.0
Blagoje MARJANOVIC,Yugoslavia,3,1,1,0,0,0,0,0,3,0,0,0,0.333,0.0
Bobby COLLINS,Scotland,3,1,1,0,0,0,0,0,3,0,0,0,0.333,0.0
Steve ARCHIBALD,Scotland,6,2,1,0,1,0,0,0,3,3,0,0,0.167,0.167
Sasa ILIC,Serbia and Montenegro,3,1,1,0,0,0,0,0,1,2,0,0,0.333,0.0
Steve SUMNER,New Zealand,3,1,1,0,0,0,0,3,3,0,0,0,0.333,0.0
Mark WRIGHT,England,7,1,1,0,0,0,0,0,6,1,0,0,0.143,0.0
Igor DOBROVOLSKYI,Soviet Union,3,1,1,0,0,0,0,0,3,0,0,0,0.333,0.0
Steve WOODDIN,New Zealand,3,1,1,0,0,0,0,0,3,0,0,0,0.333,0.0
Isidro LANGARA,Spain,3,1,1,0,0,0,0,0,2,1,0,0,0.333,0.0
Mauricio PINEDA,Argentina,5,1,1,0,0,0,0,0,1,4,0,0,0.2,0.0
CH. ARNGUIZ,Chile,4,1,1,0,1,0,0,0,4,0,0,0,0.25,0.25
Manuel NEGRETE,Mexico,5,1,1,0,1,0,0,0,5,0,0,0,0.2,0.2
Safet SUSIC,Yugoslavia,8,2,1,0,0,0,0,0,8,0,0,0,0.125,0.0
Christian LOPEZ,France,10,2,1,0,0,0,0,0,3,7,0,0,0.1,0.0
MILLAR,Chile,4,1,1,0,1,0,0,0,1,3,0,0,0.25,0.25
JAZIRI,Tunisia,6,2,1,0,4,1,1,0,6,0,0,0,0.167,0.833
Iraj DANAYFAR,Iran,3,1,1,0,0,0,0,0,2,1,0,0,0.333,0.0
Javier FRAGOSO,Mexico,7,2,1,0,0,0,0,0,5,2,0,0,0.143,0.0
Sune ANDERSSON,Sweden,5,1,1,0,0,0,0,0,5,0,1,0,0.2,0.0
D. GODIN,Uruguay,4,1,1,0,1,0,0,3,4,0,0,0,0.25,0.25
Javier AMBROIS,Uruguay,5,1,1,0,0,0,0,0,4,1,0,0,0.2,0.0
Masashi NAKAYAMA,Japan,3,1,1,0,0,0,0,0,3,0,0,0,0.333,0.0
Manuel ROSAS,Mexico,3,1,1,1,0,0,0,0,3,0,1,0,0.333,0.0
Ilija PETKOVIC,Yugoslavia,6,1,1,0,0,0,0,0,4,2,0,0,0.167,0.0
Constantin STANCIU,Romania,2,1,1,0,0,0,0,0,1,1,0,0,0.5,0.0
SAVIOLA,Argentina,5,1,1,0,1,0,0,0,3,2,0,0,0.2,0.2
T SILVA,Brazil,7,1,1,0,3,0,0,6,6,1,0,0,0.143,0.429
Manuel SANCHIS,Spain,7,2,1,0,0,0,0,0,7,0,0,0,0.143,0.0
Samson SIASIA,Nigeria,4,1,1,0,0,0,0,0,3,1,0,0,0.25,0.0
Conny TORSTENSSON,Sweden,9,2,1,0,0,0,0,0,4,5,0,0,0.111,0.0
Sammy BAIRD,Scotland,3,1,1,0,0,0,0,0,1,2,0,0,0.333,0.0
Colin CLARKE,Northern Ireland,3,1,1,0,0,0,0,0,2,1,0,0,0.333,0.0
MERTENS,Belgium,5,1,1,0,0,0,0,0,3,2,0,0,0.2,0.0
SCHNEIDER,Germany,14,2,1,0,1,0,0,1,14,0,0,0,0.071,0.071
Matthias SINDELAR,Austria,4,1,1,0,0,0,0,0,3,1,0,0,0.25,0.0
Marc BERDOLL,France,3,1,1,0,0,0,0,0,1,2,0,0,0.333,0.0
CHOI Soon Ho,South Korea,6,2,1,0,1,0,0,2,5,1,0,0,0.167,0.167
CHIQUI ARCE,Paraguay,4,1,1,0,1,0,0,0,4,0,0,0,0.25,0.25
Janos FARKAS,Hungary,8,2,1,0,0,0,0,0,4,4,0,0,0.125,0.0
JAIDI,Tunisia,6,2,1,0,2,0,0,0,6,0,0,0,0.167,0.333
Janusz KUPCEWICZ,Poland,13,2,1,0,0,0,0,0,5,8,0,0,0.077,0.0
JANCKER,Germany,7,1,1,0,1,0,0,0,3,4,0,0,0.143,0.143
SENDEROS,Switzerland,11,3,1,0,1,0,0,0,4,7,0,0,0.091,0.091
Berni KLODT,West Germany,12,2,1,0,0,0,0,0,4,8,0,0,0.083,0.0
Bernd HOELZENBEIN,West Germany,13,2,1,0,0,0,0,0,7,6,0,0,0.077,0.0
Bernd CULLMANN,West Germany,13,2,1,0,0,0,0,0,3,10,0,0,0.077,0.0
Ildo MANEIRO,Uruguay,6,1,1,0,1,0,0,0,6,0,0,0,0.167,0.167
Marton ESTERHAZY,Hungary,3,1,1,0,0,0,0,0,3,0,0,0,0.333,0.0
SEFEROVIC,Switzerland,4,1,1,0,0,0,0,0,1,3,0,0,0.25,0.0
Claudio LOPEZ,Argentina,5,1,1,0,0,0,0,0,4,1,0,0,0.2,0.0
Mahjoub GHAZOUANI,Morocco,3,1,1,0,0,0,0,0,3,0,0,0,0.333,0.0
Craig BURLEY,Scotland,3,1,1,0,0,1,1,0,3,0,0,0,0.333,0.333
Boudewijn ZENDEN,Netherlands,7,1,1,0,0,0,0,0,2,5,0,0,0.143,0.0
MPHELA,South Africa,3,1,1,0,0,0,0,0,3,0,0,0,0.333,0.0
Stephane DEMOL,Belgium,11,2,1,0,1,0,0,0,10,1,0,0,0.091,0.091
JUNINHO,Brazil,12,2,1,0,0,0,0,0,6,6,0,0,0.083,0.0
J C KOO,South Korea,3,1,1,0,1,0,0,3,3,0,0,0,0.333,0.333
CACAU,Germany,7,1,1,0,2,0,0,0,2,5,0,0,0.143,0.286
Silviu BINDEA,Romania,3,2,1,0,0,0,0,0,2,1,0,0,0.333,0.0
SONCK,Belgium,4,1,1,0,0,0,0,0,0,4,0,0,0.25,0.0
JUNGHWAN,South Korea,7,2,1,0,1,0,0,0,0,7,0,0,0.143,0.143
JONES,USA,19,4,1,0,2,0,0,0,7,12,0,0,0.053,0.105
MORISHIMA,Japan,4,1,1,0,0,0,0,0,0,4,0,0,0.25,0.0
Ivica VASTIC,Austria,3,1,1,0,1,0,0,0,1,2,0,0,0.333,0.333
Sinisa MIHAJLOVIC,Yugoslavia,4,1,1,1,0,0,0,0,4,0,0,0,0.25,0.0
J COLE,England,14,3,1,0,0,0,0,0,5,9,0,0,0.071,0.0
Sergio AHUMADA,Chile,3,1,1,0,0,0,0,0,3,0,0,0,0.333,0.0
Mario EVARISTO,Argentina,5,1,1,0,0,0,0,0,4,1,0,0,0.2,0.0
COSTLY,Honduras,3,1,1,0,0,0,0,0,3,0,0,0,0.333,0.0
SOKRATIS,Greece,7,2,1,0,2,0,0,0,6,1,0,0,0.143,0.286
STURRIDGE,England,3,1,1,0,0,0,0,0,3,0,0,0,0.333,0.0
Sergei RODIONOV,Soviet Union,9,2,1,0,0,0,0,0,1,8,0,0,0.111,0.0
C. KADER-TOURE,Togo,3,1,1,0,0,0,0,0,3,0,0,0,0.333,0.0
Soren LERBY,Denmark,4,1,1,0,0,0,0,0,4,0,0,0,0.25,0.0
JUANITO,Spain,12,3,1,0,1,0,0,0,7,5,1,0,0.083,0.083
Sigi HELD,West Germany,12,2,1,0,0,0,0,0,8,4,0,0,0.083,0.0
Stan LIBUDA,West Germany,6,1,1,0,0,0,0,0,4,2,0,0,0.167,0.0
Shaun BARTLETT,South Africa,3,1,1,0,0,0,0,0,2,1,1,0,0.333,0.0
STEWART,USA,9,2,1,0,0,0,0,1,5,4,0,0,0.111,0.0
CARDOZO,Paraguay,13,3,1,0,1,0,0,0,7,6,0,1,0.077,0.077
Serguei ALEINIKOV,Soviet Union,7,2,1,0,0,0,0,0,7,0,0,0,0.143,0.0
CAMPOS,Mexico,12,3,1,0,1,0,0,0,8,4,0,0,0.083,0.083
CAMPBELL J.,Costa Rica,5,1,1,0,0,0,0,0,5,0,0,0,0.2,0.0
CARLOS ALBERTO,Brazil,6,1,1,0,1,0,0,6,6,0,0,0,0.167,0.167
CAMPBELL,England,10,2,1,0,1,0,0,0,5,5,0,0,0.1,0.1
Marcos COLL,Colombia,3,1,1,0,0,0,0,0,3,0,0,0,0.333,0.0
J W SEO,South Korea,3,1,1,0,0,0,0,0,1,2,0,0,0.333,0.0
JUAN,Brazil,10,2,1,0,3,0,0,0,10,0,0,0,0.1,0.3
Carlo GALLI,Italy,3,1,1,0,0,0,0,0,2,1,0,0,0.333,0.0
J S PARK,South Korea,7,1,1,0,1,0,0,0,7,0,0,0,0.143,0.143
SRNA,Croatia,6,2,1,0,1,0,0,3,6,0,0,0,0.167,0.167
CARLOS MANUEL,Portugal,3,1,1,0,0,0,0,0,3,0,0,0,0.333,0.0
Carlos BABINGTON,Argentina,6,1,1,0,3,0,0,0,5,1,0,0,0.167,0.5
CAMBIASSO,Argentina,5,1,1,0,1,0,0,0,3,2,0,0,0.2,0.2
JOVANOVI?,Serbia,3,1,1,0,0,0,0,0,3,0,0,0,0.333,0.0
Marino KLINGER,Colombia,3,1,1,0,0,0,0,0,3,0,0,0,0.333,0.0
Jackie MUDIE,Scotland,3,1,1,0,0,0,0,0,3,0,0,0,0.333,0.0
Stan MORTENSEN,England,3,1,1,0,0,0,0,0,3,0,0,0,0.333,0.0
Marius TRESOR,France,10,2,1,0,0,0,0,5,10,0,0,0,0.1,0.0
Branko ZEBEC,Yugoslavia,7,2,1,0,0,0,0,4,7,0,0,0,0.143,0.0
SYTCHEV,Russia,3,1,1,0,0,0,0,0,0,3,0,0,0.333,0.0
Cesar CUETO,Peru,9,2,1,0,0,0,0,0,9,0,0,0,0.111,0.0
CIMIROTIC,Slovenia,3,1,1,0,1,0,0,0,2,1,0,0,0.333,0.333
Brian McBRIDE,USA,3,1,1,0,0,0,0,0,2,1,0,0,0.333,0.0
Cesar LOPEZ FRETES,Paraguay,2,1,1,0,0,0,0,2,2,0,0,0,0.5,0.0
J. YUN NAM,North Korea,3,1,1,0,0,0,0,0,3,0,0,0,0.333,0.0
Stefan MAJEWSKI,Poland,11,2,1,0,1,0,0,0,11,0,0,0,0.091,0.091
CAVANI,Uruguay,7,1,1,0,0,0,0,0,6,1,0,0,0.143,0.0
Ivan HASEK,Czechoslovakia,5,1,1,0,1,0,0,5,5,0,0,0,0.2,0.2
Bror MELLBERG,Sweden,11,2,1,0,0,0,0,0,4,7,0,0,0.091,0.0
Ivan GUDELJ,Yugoslavia,3,1,1,0,0,0,0,0,3,0,0,0,0.333,0.0
CROUCH,England,9,2,1,0,1,0,0,0,2,7,0,0,0.111,0.111
Mario STANIC,Croatia,7,1,1,0,3,0,0,0,7,0,0,0,0.143,0.429
Iuliu BARATKY,Romania,2,1,1,0,0,0,0,0,2,0,0,0,0.5,0.0
MNARI,Tunisia,3,1,1,0,1,0,0,0,3,0,0,0,0.333,0.333
SHEVCHENKO,Ukraine,5,1,1,0,0,0,0,5,5,0,1,0,0.2,0.0
CHUYOUNG,South Korea,7,2,1,1,1,0,0,0,5,2,0,0,0.143,0.143
Stephane CHAPUISAT,Switzerland,4,1,1,0,0,0,0,0,4,0,0,0,0.25,0.0
SIMO,Portugal,11,2,1,0,0,0,0,0,5,6,1,0,0.091,0.0
Cayetano RE,Paraguay,3,1,1,0,0,0,0,0,3,0,0,0,0.333,0.0
C G SONG,South Korea,7,1,1,0,1,0,0,0,7,0,0,0,0.143,0.143
Bruno PEZZEY,Austria,11,2,1,0,0,0,0,0,11,0,0,0,0.091,0.0
Sergei BALTACHA,Soviet Union,5,1,1,0,1,0,0,0,5,0,0,0,0.2,0.2
J. HERNANDEZ,Mexico,4,1,1,0,0,0,0,0,0,4,0,0,0.25,0.0
Stanislaus KOBIERSKI,Germany,4,1,1,0,0,0,0,0,3,1,0,0,0.25,0.0
Bryan ROY,Netherlands,9,2,1,0,0,0,0,0,2,7,0,0,0.111,0.0
CLODOALDO,Brazil,6,1,1,0,0,0,0,0,6,0,0,0,0.167,0.0
Marcel LANGILLER,France,3,1,1,0,0,0,0,0,3,0,0,0,0.333,0.0
SUZUKI,Japan,4,1,1,0,0,0,0,0,3,1,0,0,0.25,0.0
MOLLER,Denmark,5,1,1,0,0,0,0,0,2,3,0,0,0.2,0.0
Bruno MORA,Italy,3,1,1,0,0,0,0,1,2,1,0,0,0.333,0.0
SISSOKO,France,5,1,1,0,0,0,0,0,2,3,0,0,0.2,0.0
SMELTZ,New Zealand,3,1,1,0,0,0,0,0,3,0,0,0,0.333,0.0
Jaime BELMONTE,Mexico,3,1,1,0,0,0,0,0,2,1,0,0,0.333,0.0
Bruno CONTI,Italy,11,2,1,0,1,0,0,0,11,0,0,0,0.091,0.091
MOKOENA,South Africa,6,2,1,0,1,0,0,3,6,0,0,0,0.167,0.167
Carlos VALDERRAMA,Colombia,4,1,1,0,0,0,0,4,4,0,0,0,0.25,0.0
Bruce MURRAY,USA,3,1,1,0,1,0,0,0,3,0,0,0,0.333,0.333
SVENSSON,Sweden,4,1,1,0,1,0,0,0,6,6,0,0,0.25,0.25
Ivan YAREMCHUK,Soviet Union,7,2,1,0,0,0,0,0,3,4,0,0,0.143,0.0
Branko OBLAK,Yugoslavia,6,1,1,0,2,0,0,0,5,1,0,0,0.167,0.333
CHUNSOO,South Korea,3,1,1,0,2,0,0,0,3,0,0,0,0.333,0.667
SAMARIS,Greece,4,1,1,0,1,0,0,0,1,3,0,0,0.25,0.25
Pietro FERRARIS,Italy,4,1,1,0,0,0,0,0,1,3,0,0,0.25,0.0
FERNANDINHO,Brazil,7,1,1,0,1,0,0,0,3,4,0,0,0.143,0.143
Plamen GETOV,Bulgaria,4,1,1,0,0,0,0,0,4,0,0,0,0.25,0.0
FERNANDES,Switzerland,7,2,1,0,2,0,0,0,3,4,0,0,0.143,0.286
FERDINAND,England,10,2,1,0,1,0,0,0,10,0,0,0,0.1,0.1
FER,Netherlands,7,1,1,0,0,0,0,0,0,7,0,0,0.143,0.0
FELLAINI,Belgium,5,1,1,0,0,0,0,0,4,1,0,0,0.2,0.0
Predrag MIJATOVIC,Yugoslavia,4,1,1,0,0,0,0,0,4,0,0,0,0.25,0.0
Nils LIEDHOLM,Sweden,6,1,1,0,0,0,0,5,5,1,1,0,0.167,0.0
Guillermo LA ROSA,Peru,9,2,1,0,0,0,0,0,5,4,0,0,0.111,0.0
QUAGLIARELLA,Italy,3,1,1,0,1,0,0,0,0,3,0,0,0.333,0.333
QUINTERO,Colombia,5,1,1,0,0,0,0,0,1,4,0,0,0.2,0.0
Gunnar GREN,Sweden,6,1,1,0,0,0,0,0,5,1,0,0,0.167,0.0
R CARLOS,Brazil,7,1,1,0,1,0,0,0,6,1,0,0,0.143,0.143
R MARQUEZ,Mexico,4,1,1,0,1,0,0,2,4,0,0,0,0.25,0.25
F. FONSECA,Mexico,4,1,1,0,1,0,0,0,2,2,0,0,0.25,0.25
Norberto MENENDEZ,Argentina,3,1,1,0,0,0,0,0,3,0,0,0,0.333,0.0
Pietro ANASTASI,Italy,3,1,1,0,0,0,0,0,2,1,0,0,0.333,0.0
Nikita SIMONYAN,Soviet Union,5,1,1,0,0,0,0,4,5,0,0,0,0.2,0.0
Gregoire MBIDA,Cameroon,3,1,1,0,0,0,0,0,3,0,0,0,0.333,0.0
Giuseppe GIANNINI,Italy,7,1,1,0,1,0,0,0,7,0,0,0,0.143,0.143
ODEMWINGIE,Nigeria,7,2,1,0,0,0,0,0,4,3,0,0,0.143,0.0
Fabio CAPELLO,Italy,3,1,1,0,0,0,0,0,3,0,0,0,0.333,0.0
Glenn STROMBERG,Sweden,3,1,1,0,1,0,0,0,1,2,0,0,0.333,0.333
FRINGS,Germany,14,2,1,0,3,0,0,0,13,1,0,0,0.071,0.214
FRIEDRICH,Germany,14,2,1,0,3,0,0,0,13,1,0,0,0.071,0.214
FRIACA,Brazil,6,1,1,0,0,0,0,0,4,2,0,0,0.167,0.0
O. PERALTA,Mexico,4,1,1,0,0,0,0,0,4,0,0,0,0.25,0.0
Goran VLAOVIC,Croatia,7,1,1,0,0,0,0,0,3,4,0,0,0.143,0.0
Gordon STRACHAN,Scotland,6,2,1,0,0,0,0,0,6,0,0,0,0.167,0.0
O BRIEN,Ireland,9,1,1,0,0,0,0,0,5,4,0,0,0.111,0.0
Gosta DUNKER,Sweden,2,1,1,0,0,0,0,0,2,0,0,0,0.5,0.0
FINIDI,Nigeria,8,2,1,0,0,0,0,0,7,1,0,0,0.125,0.0
Graeme SOUNESS,Scotland,9,3,1,0,1,0,0,4,6,3,0,0,0.111,0.111
Norman WHITESIDE,Northern Ireland,8,2,1,0,2,0,0,0,8,0,0,0,0.125,0.25
R. BAGGIO,Italy,5,1,1,0,0,0,0,0,2,3,1,0,0.2,0.0
Gustavo MOSCOSO,Chile,3,1,1,0,0,0,0,0,3,0,0,0,0.333,0.0
Faisal AL DAKHIL,Kuwait,3,1,1,0,0,0,0,0,3,0,0,0,0.333,0.0
REBROV,Ukraine,5,1,1,0,0,0,0,0,2,3,0,0,0.2,0.0
Erich OBERMAYER,Austria,11,2,1,0,1,0,0,5,11,0,0,0,0.091,0.091
REINALDO,Brazil,7,1,1,0,0,0,0,0,2,5,0,0,0.143,0.0
REKDAL,Norway,3,1,1,0,0,0,0,0,1,2,0,0,0.333,0.0
Nejib GHOMMIDH,Tunisia,3,1,1,0,0,0,0,0,3,0,0,0,0.333,0.0
HA S. J.,South Korea,3,1,1,0,0,1,1,0,2,1,0,0,0.333,0.333
REZA,Iran,3,1,1,0,0,0,0,0,3,0,0,0,0.333,0.0
RIBERY,France,10,2,1,0,2,0,0,0,9,1,0,0,0.1,0.2
RIEPER,Denmark,5,1,1,0,2,0,0,0,5,0,0,0,0.2,0.4
RILDO,Brazil,3,1,1,0,0,0,0,0,1,2,0,0,0.333,0.0
Enrique SAURA,Spain,5,1,1,0,0,0,0,0,2,3,0,0,0.2,0.0
Enrique GUAITA,Italy,5,1,1,0,0,0,0,0,4,1,0,0,0.2,0.0
HAKAN SUKUR,Turkey,7,1,1,0,1,0,0,7,7,0,0,0,0.143,0.143
Enrique BORJA,Mexico,7,2,1,0,0,0,0,0,4,3,0,0,0.143,0.0
RIVEROS,Paraguay,8,2,1,0,1,0,0,0,7,1,0,0,0.125,0.125
ROBERTO,Brazil,15,3,1,0,1,0,0,0,6,9,0,0,0.067,0.067
REID,Ireland,7,2,1,0,2,0,0,0,3,4,0,0,0.143,0.286
RAPAIC,Croatia,3,1,1,0,0,0,0,0,2,1,0,0,0.333,0.0
Nicolae KOVACS,Romania,5,3,1,0,0,0,0,1,4,1,0,0,0.2,0.0
Ermes MUCCINELLI,Italy,5,2,1,0,0,0,0,0,4,1,0,0,0.2,0.0
Eugene EKEKE,Cameroon,5,1,1,0,0,0,0,0,0,5,0,0,0.2,0.0
Eugen WALASCHEK,Switzerland,3,1,1,0,0,0,0,0,3,0,0,0,0.333,0.0
R. MEIRELES,Portugal,7,2,1,0,0,0,0,0,6,1,0,0,0.143,0.0
Erwin SANCHEZ,Bolivia,3,1,1,0,0,0,0,0,3,0,0,0,0.333,0.0
Niall QUINN,Ireland,5,1,1,0,0,0,0,0,3,2,0,0,0.2,0.0
Erol KESKIN,Turkey,3,1,1,0,0,0,0,0,3,0,0,0,0.333,0.0
R.MORALES,Uruguay,3,1,1,0,0,0,0,0,0,3,0,0,0.333,0.0
RADEBE,South Africa,3,1,1,0,1,0,0,3,3,0,0,0,0.333,0.333
H M SON,South Korea,3,1,1,0,1,0,0,0,3,0,0,0,0.333,0.333
Erno SOLYMOSI,Hungary,4,1,1,0,0,0,0,0,4,0,0,0,0.25,0.0
Ernesto VIDAL,Uruguay,4,1,1,0,0,0,0,0,3,1,0,0,0.25,0.0
H. ALMEIDA,Portugal,7,2,1,0,1,0,0,0,3,4,0,0,0.143,0.143
H. FLO,Norway,4,1,1,0,1,0,0,0,4,0,0,0,0.25,0.25
H. R. ESTILI,Iran,3,1,1,0,0,0,0,0,3,0,0,0,0.333,0.0
Ermindo ONEGA,Argentina,4,1,1,0,0,0,0,0,4,0,0,0,0.25,0.0
Fahad AL GHESHEYAN,Saudi Arabia,4,1,1,0,0,0,0,0,0,4,0,0,0.25,0.0
Peter LORIMER,Scotland,3,1,1,0,0,0,0,0,3,0,0,0,0.333,0.0
SALPINGIDIS,Greece,7,2,1,0,1,0,0,0,4,3,0,0,0.143,0.143
PJANI?,Bosnia and Herzegovina,3,1,1,0,0,0,0,0,3,0,0,0,0.333,0.0
G. TORRADO,Mexico,8,2,1,0,3,0,0,0,6,2,0,0,0.125,0.375
POGBA,France,5,1,1,0,1,0,0,0,4,1,0,0,0.2,0.2
Oscar RUGGERI,Argentina,18,3,1,0,3,0,0,2,16,2,0,0,0.056,0.167
G. DOS SANTOS,Mexico,4,1,1,0,0,0,0,0,4,0,0,0,0.25,0.0
Georges BREGY,Switzerland,4,1,1,0,1,0,0,0,4,0,0,0,0.25,0.25
PRECIADO,Colombia,3,1,1,0,0,0,0,0,1,2,0,0,0.333,0.0
Fulvio NESTI,Italy,3,1,1,0,0,0,0,0,3,0,0,0,0.333,0.0
PRINCE,Ghana,8,2,1,0,0,0,0,0,6,2,0,0,0.125,0.0
Fritz WALTER,West Germany,12,2,1,0,0,0,0,6,11,1,2,0,0.083,0.0
Georges GRUN,Belgium,15,3,1,0,2,0,0,3,10,5,0,0,0.067,0.133
Oscar HEISSERER,France,2,1,1,0,0,0,0,0,2,0,0,0,0.5,0.0
PUYOL,Spain,16,3,1,1,3,0,0,0,14,2,0,0,0.062,0.188
Pablo BENGOECHEA,Uruguay,4,1,1,0,0,0,0,0,0,4,0,0,0.25,0.0
Georgi ASPARUKHOV,Bulgaria,9,3,1,0,0,0,0,0,6,3,0,0,0.111,0.0
Fredy BICKEL,Switzerland,6,2,1,0,0,0,0,2,5,1,0,0,0.167,0.0
Osvaldo ARDILES,Argentina,12,2,1,0,2,0,0,0,11,1,0,0,0.083,0.167
PIRRI,Spain,6,2,1,0,0,0,0,1,3,3,0,0,0.167,0.0
Pal TELEKI,Hungary,2,1,1,0,0,0,0,0,1,1,0,0,0.5,0.0
PIRLO,Italy,13,3,1,0,0,0,0,1,10,3,0,0,0.077,0.0
PANTELI?,Serbia,3,1,1,0,0,0,0,0,1,2,0,0,0.333,0.0
GREEN,England,8,2,1,0,0,0,0,0,1,7,0,0,0.125,0.0
PAK Doo Ik,North Korea,4,1,1,0,0,0,0,0,4,0,0,0,0.25,0.0
PARK Chang Sun,South Korea,3,1,1,0,1,0,0,3,3,0,0,0,0.333,0.333
GOMEZ R.,Costa Rica,3,1,1,0,1,0,0,0,3,0,0,0,0.333,0.333
GROSSO,Italy,7,1,1,0,1,0,0,0,6,1,0,0,0.143,0.143
GIROUD,France,5,1,1,0,0,0,0,0,2,3,0,0,0.2,0.0
GILBERTO,Brazil,17,3,1,0,2,0,0,0,8,9,0,0,0.059,0.118
GILARDINO,Italy,10,2,1,0,0,0,0,0,6,4,0,0,0.1,0.0
GERSON,Brazil,9,2,1,0,1,0,0,0,5,4,0,0,0.111,0.111
P. ARMERO,Colombia,5,1,1,0,1,0,0,0,5,0,0,0,0.2,0.2
Ove GRAHN,Sweden,9,2,1,0,2,0,0,0,7,2,0,0,0.111,0.222
Otto SIFFLING,Germany,6,2,1,0,0,0,0,0,4,2,0,0,0.167,0.0
PETRESCU,Romania,5,1,1,0,1,0,0,0,5,0,0,0,0.2,0.2
Gaston TAUMENT,Netherlands,5,1,1,0,0,0,0,0,1,4,0,0,0.2,0.0
Freddy RINCON,Colombia,4,1,1,0,0,0,0,0,4,0,0,0,0.25,0.0
Oreste Omar CORBATTA,Argentina,3,1,1,0,0,0,0,0,3,0,2,0,0.333,0.0
OLI?,Croatia,3,1,1,0,0,0,0,0,3,0,0,0,0.333,0.0
Pavel YAKOVENKO,Soviet Union,4,1,1,0,0,0,0,0,3,1,0,0,0.25,0.0
Florencio AMARILLA,Paraguay,3,1,1,0,0,0,0,0,3,0,1,0,0.333,0.0
Florea DUMITRACHE,Romania,3,1,1,0,0,0,0,0,3,0,1,0,0.333,0.0
Pedro MONZON,Argentina,7,1,1,0,2,1,1,0,3,4,0,0,0.143,0.429
Pedro PASCULLI,Argentina,7,1,1,0,0,0,0,0,2,5,0,0,0.143,0.0
Giampiero BONIPERTI,Italy,5,2,1,0,0,0,0,1,2,3,0,0,0.2,0.0
Pedro ROCHA,Uruguay,16,4,1,0,0,0,0,1,10,6,0,0,0.062,0.0
Fernando RIERA,Chile,3,1,1,0,0,0,0,0,1,2,0,0,0.333,0.0
ORIGI,Belgium,5,1,1,0,0,0,0,0,2,3,0,0,0.2,0.0
Pedro TROGLIO,Argentina,7,1,1,0,2,0,0,0,4,3,0,0,0.143,0.286
Petar RADAKOVIC,Yugoslavia,6,1,1,0,0,0,0,0,5,1,0,0,0.167,0.0
OMAM BIYIK,Cameroon,3,1,1,0,0,0,0,0,3,0,0,0,0.333,0.0
Peter BEARDSLEY,England,12,2,1,0,1,0,0,0,6,6,0,0,0.083,0.083
OLISADEBE,Poland,3,1,1,0,1,0,0,0,3,0,0,0,0.333,0.333
Gino PARIANI,USA,3,1,1,0,0,0,0,0,3,0,0,0,0.333,0.0
OLIC,Croatia,6,2,1,0,0,0,0,0,2,4,0,0,0.167,0.0
Francesco GRAZIANI,Italy,14,2,1,0,0,0,0,0,7,7,0,0,0.071,0.0
Paul SCHOLES,England,4,1,1,0,1,0,0,0,4,0,0,0,0.25,0.25
Paolo BARISON,Italy,3,1,1,0,0,0,0,0,2,1,0,0,0.333,0.0
Gerry HITCHENS,England,4,1,1,0,0,0,0,0,2,2,0,0,0.25,0.0
Frantisek SVOBODA,Czechoslovakia,4,1,1,0,0,0,0,0,3,1,0,0,0.25,0.0
Georgi SOKOLOV,Bulgaria,3,1,1,0,0,0,0,0,2,1,0,0,0.333,0.0
Frank WALLACE,USA,3,1,1,0,0,0,0,0,3,0,0,0,0.333,0.0
Frank VERCAUTEREN,Belgium,12,2,1,0,0,0,0,0,11,1,0,0,0.083,0.0
Gerard HAUSSER,France,3,1,1,0,0,0,0,0,3,0,0,0,0.333,0.0
Patrick VERVOORT,Belgium,11,2,1,0,0,0,0,0,6,5,0,0,0.091,0.0
Gerard SOLER,France,7,1,1,0,1,0,0,0,6,1,0,0,0.143,0.143
Paul CALIGIURI,USA,7,2,1,0,2,0,0,0,7,0,0,0,0.143,0.286
Francois OMAM-BIYIK,Cameroon,8,2,1,0,0,0,0,3,8,0,0,0,0.125,0.0
Oleg PROTASOV,Soviet Union,7,2,1,0,1,0,0,0,4,3,0,0,0.143,0.143
Gerhard RODAX,Austria,3,1,1,0,0,0,0,0,2,1,0,0,0.333,0.0
German ACEROS,Colombia,3,1,1,0,0,0,0,0,3,0,0,0,0.333,0.0
Franco CAUSIO,Italy,17,3,1,0,0,0,0,0,8,9,0,0,0.059,0.0
Paul MARINER,England,5,1,1,0,1,0,0,0,5,0,0,0,0.2,0.2
Francisco VARALLO,Argentina,5,1,1,0,0,0,0,0,4,1,0,0,0.2,0.0
HALLICHE,Algeria,7,2,1,0,1,0,0,2,7,0,0,0,0.143,0.143
Emile VEINANTE,France,6,3,1,0,0,0,0,0,3,3,0,0,0.167,0.0
Emil KOSTADINOV,Bulgaria,3,1,1,0,0,0,0,0,2,1,0,0,0.333,0.0
Daniele MASSARO,Italy,14,2,1,0,1,0,0,0,3,11,0,0,0.071,0.071
Rolf WUETHRICH,Switzerland,3,1,1,0,0,0,0,0,3,0,0,0,0.333,0.0
Milos MILUTINOVIC,Yugoslavia,7,2,1,0,0,0,0,0,6,1,0,0,0.143,0.0
Daniel PASSARELLA,Argentina,19,3,1,0,2,0,0,12,12,7,2,0,0.053,0.105
Houmane JARIR,Morocco,3,1,1,0,0,0,0,0,2,1,0,0,0.333,0.0
Daniel FONSECA,Uruguay,4,1,1,0,0,0,0,0,1,3,0,0,0.25,0.0
Dan PETRESCU,Romania,4,1,1,0,2,0,0,0,4,0,0,0,0.25,0.5
Dan EGGEN,Norway,7,2,1,0,0,0,0,0,4,3,0,0,0.143,0.0
DZEMAILI,Switzerland,8,2,1,0,0,0,0,0,0,8,0,0,0.125,0.0
Milan LUHOVY,Czechoslovakia,5,1,1,0,0,0,0,0,0,5,0,0,0.2,0.0
Ronald GONZALEZ,Costa Rica,4,1,1,0,1,0,0,0,4,0,0,0,0.25,0.25
Milan DVORAK,Czechoslovakia,4,1,1,0,0,0,0,0,4,0,1,0,0.25,0.0
Hugo SNCHEZ,Mexico,12,3,1,0,3,0,0,0,8,4,0,0,0.083,0.25
DUFF,Ireland,4,1,1,0,0,0,0,0,4,0,0,0,0.25,0.0
DUARTE O.,Costa Rica,5,1,1,0,2,1,1,0,4,1,0,0,0.2,0.6
Mihaly LANTOS,Hungary,5,1,1,0,0,0,0,0,5,0,1,0,0.2,0.0
Daniel VEYT,Belgium,7,1,1,0,1,0,0,0,5,2,0,0,0.143,0.143
Horst HRUBESCH,West Germany,7,1,1,0,1,0,0,0,3,4,0,0,0.143,0.143
Ruben AYALA,Argentina,6,1,1,0,0,0,0,0,6,0,0,0,0.167,0.0
Horacio CASARIN,Mexico,3,1,1,0,0,0,0,2,3,0,0,0,0.333,0.0
Dick NANNINGA,Netherlands,7,1,1,0,1,1,1,0,0,7,0,0,0.143,0.286
Roberto CHALLE,Peru,4,1,1,0,0,0,0,0,4,0,0,0,0.25,0.0
Dennis WILSHAW,England,3,1,1,0,0,0,0,0,2,1,0,0,0.333,0.0
Mohammed CHAOUCH,Morocco,3,1,1,0,0,0,0,0,2,1,0,0,0.333,0.0
Roberto GAYON,Mexico,3,1,1,0,0,0,0,0,2,1,0,0,0.333,0.0
Henrik LARSSON,Sweden,7,1,1,0,0,0,0,0,2,5,0,0,0.143,0.0
David TREZEGUET,France,7,1,1,0,0,0,0,0,2,5,0,0,0.143,0.0
David NAREY,Scotland,6,2,1,0,1,0,0,0,4,2,0,0,0.167,0.167
Herman GAVIRIA,Colombia,3,1,1,0,1,0,0,0,2,1,0,0,0.333,0.333
David EMBE,Cameroon,3,1,1,0,0,0,0,0,3,0,0,0,0.333,0.0
Hernan MEDFORD,Costa Rica,4,1,1,0,0,0,0,0,0,4,0,0,0.25,0.0
David BECKHAM,England,4,1,1,0,0,1,1,0,2,2,0,0,0.25,0.25
Roger FLORES,Costa Rica,4,1,1,0,0,0,0,4,4,0,0,0,0.25,0.0
Roger LJUNG,Sweden,10,2,1,0,2,0,0,0,7,3,0,0,0.1,0.2
Darren ANDERTON,England,4,1,1,0,0,0,0,0,4,0,0,0,0.25,0.0
DRAMAN,Ghana,4,1,1,0,0,0,0,0,2,2,0,0,0.25,0.0
Ruben DIAZ,Peru,9,2,1,0,0,0,0,3,7,2,0,0,0.111,0.0
ROJO,Argentina,7,1,1,0,2,0,0,0,6,1,0,0,0.143,0.286
DEMICHELIS,Argentina,12,2,1,0,1,0,0,0,8,4,0,0,0.083,0.083
DELGADO,Ecuador,9,3,1,0,2,0,0,0,6,3,0,0,0.111,0.222
DEKO,Bosnia and Herzegovina,3,1,1,0,0,0,0,0,3,0,0,0,0.333,0.0
IRARAGORRI,Spain,3,1,1,0,0,0,0,0,2,1,1,0,0.333,0.0
DEFOE,England,4,1,1,0,0,0,0,0,2,2,0,0,0.25,0.0
DECO,Portugal,11,2,1,0,3,1,1,0,5,6,0,0,0.091,0.364
DE VRIJ,Netherlands,7,1,1,0,1,0,0,0,7,0,0,0,0.143,0.143
Michael LAUDRUP,Denmark,4,1,1,0,0,0,0,0,4,0,0,0,0.25,0.0
DE ROSSI,Italy,13,3,1,0,1,1,1,0,7,6,0,0,0.077,0.154
DE BRUYNE,Belgium,5,1,1,0,0,0,0,0,4,1,0,0,0.2,0.0
S. OWAIRAN,Saudi Arabia,4,1,1,0,0,0,0,0,4,0,0,0,0.25,0.0
S.BAKHTIARIZADEH,Iran,3,1,1,0,0,0,0,0,1,2,0,0,0.333,0.0
Maxime BOSSIS,France,17,3,1,0,0,0,0,0,14,3,0,0,0.059,0.0
DANI,Spain,3,1,1,0,0,0,0,0,1,2,0,0,0.333,0.0
D.RODRIGUEZ,Uruguay,3,1,1,0,1,0,0,0,3,0,0,0,0.333,0.333
D.FORLAN,Uruguay,3,1,1,0,0,0,0,0,0,3,0,0,0.333,0.0
INZAGHI,Italy,11,2,1,0,0,0,0,0,1,10,0,0,0.091,0.0
Michel DE WOLF,Belgium,15,3,1,0,0,0,0,0,10,5,0,0,0.067,0.0
I. KAVIEDES,Ecuador,4,1,1,0,0,0,0,0,1,3,0,0,0.25,0.0
S C YOO,South Korea,7,1,1,0,1,0,0,0,7,0,0,0,0.143,0.143
Ruben MARCOS,Chile,3,1,1,0,1,0,0,0,3,0,1,0,0.333,0.333
IAQUINTA,Italy,10,2,1,0,1,0,0,0,3,7,1,0,0.1,0.1
IBIEVI?,Bosnia and Herzegovina,3,1,1,0,0,0,0,0,1,2,0,0,0.333,0.0
Miguel BRINDISI,Argentina,6,1,1,0,0,0,0,1,3,3,0,0,0.167,0.0
Miguel BENITEZ,Paraguay,4,1,1,0,2,0,0,0,4,0,0,0,0.25,0.5
DINDANE,Cte d'Ivoire,6,2,1,0,1,0,0,0,3,3,1,0,0.167,0.167
Rudolf NOACK,Germany,4,1,1,0,0,0,0,0,1,3,0,0,0.25,0.0
IKPEBA,Nigeria,4,1,1,0,1,0,0,0,3,1,0,0,0.25,0.25
Ruediger ABRAMCZIK,West Germany,6,1,1,0,1,0,0,0,3,3,0,0,0.167,0.167
DIAO,Senegal,5,1,1,0,1,1,1,0,3,2,0,0,0.2,0.4
DIAMANTINO,Portugal,3,1,1,0,0,0,0,0,2,1,0,0,0.333,0.0
DI NATALE,Italy,3,1,1,0,0,0,0,0,1,2,0,0,0.333,0.0
DI MARIA,Argentina,12,2,1,0,1,0,0,0,9,3,0,0,0.083,0.083
Ruud GULLIT,Netherlands,4,1,1,0,0,0,0,4,4,0,0,0,0.25,0.0
Ruud KROL,Netherlands,14,2,1,1,1,0,0,7,14,0,0,0,0.071,0.071
Heinz SCHNEITER,Switzerland,6,2,1,0,0,0,0,1,4,2,0,0,0.167,0.0
Mokhtar DOUIEB,Tunisia,3,1,1,0,0,0,0,0,3,0,0,0,0.333,0.0
Benito LORENZI,Italy,5,2,1,0,0,0,0,0,3,2,0,0,0.2,0.0
HOLLAND,Ireland,7,2,1,0,0,0,0,0,4,3,0,0,0.143,0.0
Rainer BONHOF,West Germany,13,2,1,0,1,0,0,0,10,3,0,0,0.077,0.077
Rajko MITIC,Yugoslavia,6,2,1,0,0,0,0,3,6,0,0,0,0.167,0.0
ETOO,Cameroon,3,1,1,0,0,0,0,0,3,0,0,0,0.333,0.0
ETO'O,Cameroon,9,3,1,0,0,0,0,4,4,5,1,0,0.111,0.0
Ramaz SHENGELIA,Soviet Union,5,1,1,0,0,0,0,0,5,0,0,0,0.2,0.0
Ramon DIAZ,Argentina,5,1,1,0,0,0,0,0,2,3,0,0,0.2,0.0
Ramon HEREDIA,Argentina,6,1,1,0,1,0,0,0,6,0,0,0,0.167,0.167
HUH Jungmoo,South Korea,3,1,1,0,1,0,0,0,3,0,0,0,0.333,0.333
HUNTELAAR,Netherlands,14,2,1,0,2,0,0,0,0,14,1,0,0.071,0.143
ENDO,Japan,10,3,1,0,2,0,0,0,4,6,0,0,0.1,0.2
HWANG Bo Kwan,South Korea,3,1,1,0,1,0,0,0,2,1,0,0,0.333,0.333
EMRE,Turkey,7,1,1,0,3,0,0,0,6,1,0,0,0.143,0.429
Raoul LAMBERT,Belgium,3,1,1,0,0,0,0,0,2,1,1,0,0.333,0.0
Hakan MILD,Sweden,7,1,1,0,1,0,0,0,3,4,0,0,0.143,0.143
ELOY,Spain,5,1,1,0,0,0,0,0,0,5,0,0,0.2,0.0
Ebbe SAND,Denmark,5,1,1,0,0,0,0,0,2,3,0,0,0.2,0.0
HESKEY,England,9,2,1,0,1,0,0,0,7,2,0,0,0.111,0.111
Mordechai SPIEGLER,Israel,3,1,1,0,0,0,0,3,3,0,0,0,0.333,0.0
Radivoje OGNJANOVIC,Yugoslavia,4,1,1,0,0,0,0,0,2,2,0,0,0.25,0.0
Emerich DEMBROVSCHI,Romania,3,1,1,0,0,0,0,0,3,0,0,0,0.333,0.0
ROMARIC,Cte d'Ivoire,6,2,1,0,0,0,0,0,2,4,0,0,0.167,0.0
RONALDINHO,Brazil,12,2,1,0,1,1,1,0,10,2,1,0,0.083,0.167
ROONEY,England,12,3,1,0,0,1,1,0,9,3,0,0,0.083,0.083
NUNO GOMES,Portugal,10,2,1,0,1,0,0,0,0,10,0,0,0.1,0.1
Egisto PANDOLFINI,Italy,5,2,1,0,0,0,0,2,4,1,1,0,0.2,0.0
RUI COSTA,Portugal,3,1,1,0,0,0,0,0,1,2,0,0,0.333,0.0
NOMVETHE,South Africa,6,2,1,0,1,0,0,0,2,4,0,0,0.167,0.167
Eduardo LAING,Honduras,3,1,1,0,0,0,0,0,0,3,0,0,0.333,0.0
RUSOL,Ukraine,5,1,1,0,2,0,0,0,4,1,0,0,0.2,0.4
HEINZE,Argentina,10,2,1,0,3,0,0,0,8,2,0,0,0.1,0.3
NJANKA,Cameroon,6,2,1,0,1,0,0,0,3,3,0,0,0.167,0.167
Rabah MADJER,Algeria,6,2,1,0,2,0,0,0,6,0,0,0,0.167,0.333
NILTON SANTOS,Brazil,21,4,1,0,0,1,1,0,15,6,0,0,0.048,0.048
Edgar DAVIDS,Netherlands,7,1,1,0,2,0,0,0,6,1,0,0,0.143,0.286
Hans CIESCLARCZYK,West Germany,6,1,1,0,0,0,0,0,2,4,0,0,0.167,0.0
Raul SERVIN,Mexico,5,1,1,0,1,0,0,0,5,0,0,0,0.2,0.2
NANI,Portugal,3,1,1,0,0,0,0,0,3,0,0,0,0.333,0.0
Ray HOUGHTON,Ireland,9,2,1,0,1,0,0,0,9,0,0,0,0.111,0.111
Richard HERRMANN,West Germany,6,1,1,0,0,0,0,0,1,5,0,0,0.167,0.0
Mustafa ERTAN,Turkey,3,1,1,0,0,0,0,0,3,0,0,0,0.333,0.0
Hassan ROWSHAN,Iran,3,1,1,0,0,0,0,0,1,2,0,0,0.333,0.0
Mustafa EL HADJI,Morocco,3,1,1,0,0,0,0,0,3,0,0,0,0.333,0.0
Hector CHUMPITAZ,Peru,10,2,1,0,0,0,0,10,10,0,0,0,0.1,0.0
Rik COPPENS,Belgium,2,1,1,0,0,0,0,0,2,0,0,0,0.5,0.0
Dobromir JECHEV,Bulgaria,12,4,1,0,1,0,0,0,6,6,0,0,0.083,0.083
Dmitri RADCHENKO,Russia,3,1,1,0,0,0,0,0,2,1,0,0,0.333,0.0
Hector FACUNDO,Argentina,3,1,1,0,0,0,0,0,2,1,0,0,0.333,0.0
Djamel ZIDANE,Algeria,6,2,1,0,0,0,0,0,4,2,0,0,0.167,0.0
Robert EARLE,Jamaica,3,1,1,0,0,0,0,0,1,2,0,0,0.333,0.0
Hector SCARONE,Uruguay,4,1,1,0,0,0,0,0,3,1,0,0,0.25,0.0
Dinko DERMENDZHIEV,Bulgaria,9,3,1,0,1,0,0,0,6,3,0,0,0.111,0.111
Robert JARNI,Yugoslavia,12,2,1,0,1,0,0,0,7,5,0,0,0.083,0.083
Hector ZELAYA,Honduras,3,1,1,0,0,0,0,0,3,0,0,0,0.333,0.0
Hassan NADER,Morocco,3,1,1,0,1,0,0,0,1,2,0,0,0.333,0.333
Ricardo PAVONI,Uruguay,3,1,1,0,0,0,0,0,3,0,0,0,0.333,0.0
Mutiu ADEPOJU,Nigeria,4,1,1,0,1,0,0,0,3,1,0,0,0.25,0.25
Rene BADER,Switzerland,3,1,1,0,0,0,0,0,3,0,0,0,0.333,0.0
EDMILSON,Brazil,7,1,1,0,0,0,0,0,6,1,0,0,0.143,0.0
EDINHO,Brazil,17,3,1,0,2,0,0,5,7,10,0,0,0.059,0.118
NAKATA,Japan,7,2,1,0,0,0,0,0,7,0,0,0,0.143,0.0
Reinhold HINTERMAIER,Austria,5,1,1,0,1,0,0,0,4,1,0,0,0.2,0.2
NAKAMURA,Japan,7,2,1,0,0,0,0,0,3,4,0,0,0.143,0.0
Renato ZACCARELLI,Italy,7,1,1,0,0,0,0,0,2,5,0,0,0.143,0.0
Rene GIRARD,France,7,1,1,0,0,0,0,0,2,5,0,0,0.143,0.0
Dragan DZAJIC,Yugoslavia,6,1,1,0,0,0,0,5,5,1,0,0,0.167,0.0
E Y LEE,South Korea,7,1,1,0,1,0,0,0,3,4,0,1,0.143,0.143
Hansi MUELLER,West Germany,13,2,1,0,1,0,0,0,4,9,0,0,0.077,0.077
Rene VAN DE KERKHOF,Netherlands,14,2,1,0,1,0,0,0,6,8,0,0,0.071,0.071
N. KOVAC,Croatia,3,1,1,0,1,0,0,3,3,0,0,0,0.333,0.333
Rene-Pierre QUENTIN,Switzerland,3,1,1,0,0,0,0,0,2,1,0,0,0.333,0.0
Dragan STOJKOVIC,Yugoslavia,4,1,1,0,2,0,0,4,4,0,0,0,0.25,0.5
MENDEZ,Ecuador,6,2,1,0,0,0,0,0,3,3,0,0,0.167,0.0
PALERMO,Argentina,5,1,1,0,0,0,0,0,0,5,0,0,0.2,0.0
Javier ZANETTI,Argentina,5,1,1,0,0,0,0,0,5,0,0,0,0.2,0.0
Wolfgang WEBER,West Germany,12,2,1,0,1,0,0,0,7,5,0,0,0.083,0.083
Wilbur CUSH,Northern Ireland,5,1,1,0,0,0,0,0,5,0,0,0,0.2,0.0
Josef MASOPUST,Czechoslovakia,10,2,1,0,0,0,0,0,10,0,0,0,0.1,0.0
Wilf MANNION,England,3,1,1,0,0,0,0,0,2,1,0,0,0.333,0.0
L. BLANC,France,7,1,1,0,1,1,1,0,5,2,0,0,0.143,0.286
KIKO,Spain,3,1,1,0,1,0,0,0,1,2,0,0,0.333,0.333
Alain SUTTER,Switzerland,4,1,1,0,0,0,0,0,3,1,0,0,0.25,0.0
KAK,Brazil,10,2,1,0,3,1,1,0,9,1,0,0,0.1,0.4
Yvon DOUIS,France,6,1,1,0,0,0,0,0,1,5,0,0,0.167,0.0
Atilio LOPEZ,Paraguay,2,1,1,0,0,0,0,0,2,0,0,0,0.5,0.0
Jose MAGRINA,Cuba,3,1,1,0,0,0,0,0,2,1,0,0,0.333,0.0
WIJNALDUM,Netherlands,7,1,1,0,0,0,0,0,5,2,0,0,0.143,0.0
Julio CORTES,Uruguay,13,3,1,0,1,0,0,0,10,3,0,0,0.077,0.077
Z ROBERTO,Brazil,12,2,1,0,0,0,0,0,4,8,0,0,0.083,0.0
Anatoli BANISHEVSKI,Soviet Union,6,1,1,0,0,0,0,0,5,1,0,0,0.167,0.0
Jiri SOBOTKA,Czechoslovakia,4,1,1,0,0,0,0,0,4,0,0,0,0.25,0.0
Amleto FRIGNANI,Italy,3,1,1,0,0,0,0,0,2,1,0,0,0.333,0.0
Lajos DETARI,Hungary,3,1,1,0,0,0,0,0,3,0,0,0,0.333,0.0
Theo DE JONG,Netherlands,7,1,1,0,0,0,0,0,0,7,0,0,0.143,0.0
Alain COURIOL,France,7,1,1,0,0,0,0,0,1,6,0,0,0.143,0.0
BENDTNER,Denmark,3,1,1,0,1,0,0,0,3,0,0,0,0.333,0.333
LACATUS,Romania,4,1,1,0,2,0,0,0,3,1,1,0,0.25,0.5
Joaquin PEIRO,Spain,6,2,1,0,0,0,0,0,4,2,0,0,0.167,0.0
M. GONZALEZ,Chile,4,1,1,0,0,0,0,0,2,2,0,0,0.25,0.0
Josef GAUCHEL,Germany,2,1,1,0,0,0,0,0,1,1,0,0,0.5,0.0
KOPUNEK,Slovakia,4,1,1,0,1,0,0,0,0,4,0,0,0.25,0.25
KOREN,Slovenia,3,1,1,0,0,0,0,3,3,0,0,0,0.333,0.0
MANECA,Brazil,6,1,1,0,0,0,0,0,4,2,0,0,0.167,0.0
XHAKA,Switzerland,4,1,1,0,1,0,0,0,4,0,0,0,0.25,0.25
Vaclav MASEK,Czechoslovakia,6,1,1,0,0,0,0,0,1,5,0,0,0.167,0.0
Josef KADRABA,Czechoslovakia,6,1,1,0,0,0,0,0,3,3,0,0,0.167,0.0
Josef KOSTALEK,Czechoslovakia,7,2,1,0,0,0,0,0,7,0,0,0,0.143,0.0
Andeas OGRIS,Austria,3,1,1,0,0,0,0,0,2,1,0,0,0.333,0.0
Jose Maria FUSTE,Spain,3,1,1,0,0,0,0,0,1,2,0,0,0.333,0.0
Lothar EMMERICH,West Germany,6,1,1,0,0,0,0,0,4,2,0,0,0.167,0.0
Yuri GAVRILOV,Soviet Union,5,1,1,0,0,0,0,0,5,0,0,0,0.2,0.0
Lakhdar BELLOUMI,Algeria,6,2,1,0,0,0,0,0,4,2,0,0,0.167,0.0
VARGAS,Chile,9,1,1,0,0,0,0,0,4,5,0,0,0.111,0.0
KONE B.,Cte d'Ivoire,3,1,1,0,0,0,0,0,1,2,0,0,0.333,0.0
Jimmy GREAVES,England,10,2,1,0,0,0,0,0,7,3,0,0,0.1,0.0
Jimmy MULLEN,England,6,2,1,0,0,0,0,0,3,3,0,0,0.167,0.0
KALINICHENKO,Ukraine,5,1,1,0,2,0,0,0,4,1,0,0,0.2,0.4
BLANCO,Mexico,4,1,1,0,2,0,0,0,4,0,0,0,0.25,0.5
BLIND,Netherlands,7,1,1,0,1,0,0,0,7,0,0,0,0.143,0.143
MARCHISIO,Italy,6,2,1,0,0,1,1,0,5,1,0,0,0.167,0.167
Alan SHEARER,England,4,1,1,0,1,0,0,4,4,0,1,0,0.25,0.25
MARCIO SANTOS,Brazil,7,1,1,0,0,0,0,0,7,0,0,0,0.143,0.0
Allan NIELSEN,Denmark,5,1,1,0,1,0,0,0,4,1,0,0,0.2,0.2
AGHAHOWA,Nigeria,3,1,1,0,0,0,0,0,3,0,0,0,0.333,0.0
Juergen SPARWASSER,East Germany,6,1,1,0,2,0,0,0,6,0,0,0,0.167,0.333
Albert BRUELLS,West Germany,10,2,1,0,0,0,0,0,6,4,0,0,0.1,0.0
KRYSZALOWICZ,Poland,3,1,1,0,0,0,0,0,2,1,0,0,0.333,0.0
BODE,Germany,7,1,1,0,0,0,0,0,3,4,0,0,0.143,0.0
WANCHOPE,Costa Rica,3,1,1,0,0,0,0,0,3,0,0,0,0.333,0.0
ADELARDO,Spain,6,2,1,0,0,0,0,0,2,4,0,0,0.167,0.0
Tarcisio BURGNICH,Italy,12,3,1,0,1,0,0,0,11,1,0,0,0.083,0.083
Tedj BENSAOULA,Algeria,6,2,1,0,0,0,0,0,1,5,0,0,0.167,0.0
BIRSA,Slovenia,3,1,1,0,1,0,0,0,3,0,0,0,0.333,0.333
Jimmy MURRAY,Scotland,3,1,1,0,0,0,0,0,2,1,0,0,0.333,0.0
Abdelkarim KRIMAU,Morocco,4,1,1,0,0,0,0,0,4,0,0,0,0.25,0.0
BERNAL,Mexico,8,2,1,0,0,0,0,0,4,4,0,0,0.125,0.0
Josef STIBRANYI,Czechoslovakia,6,1,1,0,0,0,0,0,3,3,0,0,0.167,0.0
Terry MEDWIN,Wales,5,1,1,0,0,0,0,0,4,1,0,0,0.2,0.0
Jiri FEUREISL,Czechoslovakia,4,1,1,0,0,0,0,0,3,1,0,0,0.25,0.0
Alan MULLERY,England,4,1,1,0,0,0,0,0,4,0,0,0,0.25,0.0
VARELA,Portugal,3,1,1,0,0,0,0,0,0,3,0,0,0.333,0.0
Josef ZEMAN,Czechoslovakia,3,1,1,0,0,0,0,0,1,2,0,0,0.333,0.0
BESCHASTNYKH,Russia,3,1,1,0,0,0,0,0,2,1,0,0,0.333,0.0
ZAMBROTTA,Italy,14,3,1,0,4,0,0,0,13,1,0,0,0.071,0.286
BETO,Portugal,10,3,1,0,3,1,1,0,4,6,0,0,0.1,0.4
Jose Luis GONZALEZ,Mexico,7,2,1,0,0,0,0,0,3,4,0,0,0.143,0.0
Asparukh NIKODIMOV,Bulgaria,6,2,1,0,0,0,0,0,4,2,0,0,0.167,0.0
KHUMALO,South Africa,3,1,1,0,0,0,0,0,3,0,0,0,0.333,0.0
Jose LAMADRID,Mexico,2,1,1,0,0,0,0,0,2,0,0,0,0.5,0.0
BIERHOFF,Germany,7,1,1,0,0,0,0,0,0,7,0,0,0.143,0.0
VERA,Paraguay,5,1,1,0,1,0,0,0,4,1,0,0,0.2,0.2
MALOUDA,France,10,2,1,0,1,0,0,0,7,3,0,0,0.1,0.1
KALOU,Cte d'Ivoire,9,3,1,0,1,0,0,0,5,4,1,0,0.111,0.111
WRIGHT,Costa Rica,6,2,1,0,0,0,0,0,3,3,0,0,0.167,0.0
Toni POLSTER,Austria,6,2,1,0,0,0,0,6,6,0,0,0,0.167,0.0
YASSER,Saudi Arabia,3,1,1,0,0,0,0,0,2,1,0,0,0.333,0.0
BALOTELLI,Italy,3,1,1,0,2,0,0,0,3,0,0,0,0.333,0.667
Toni SCHALL,Austria,4,1,1,0,0,0,0,0,2,2,0,0,0.25,0.0
John CHARLES,Wales,5,1,1,0,0,0,0,0,4,1,0,0,0.2,0.0
Tomas FERNANDEZ,Cuba,3,1,1,0,0,0,0,3,3,0,0,0,0.333,0.0
Andrei ZYGMANTOVICH,Soviet Union,3,1,1,0,1,0,0,0,2,1,0,0,0.333,0.333
ALLBCK,Sweden,4,1,1,0,2,0,0,0,1,3,0,0,0.25,0.5
BARNETTA,Switzerland,11,3,1,0,2,0,0,0,6,5,0,0,0.091,0.182
Jose SANFILIPPO,Argentina,6,2,1,0,0,0,0,0,2,4,0,0,0.167,0.0
Tomas BALCAZAR,Mexico,2,1,1,0,0,0,0,0,2,0,0,0,0.5,0.0
YEKINI,Nigeria,8,2,1,0,0,0,0,0,5,3,0,0,0.125,0.0
Y.GOLMOHAMMADI,Iran,3,1,1,0,1,0,0,1,2,1,0,0,0.333,0.333
ALJABER,Saudi Arabia,6,2,1,0,1,0,0,2,2,4,0,0,0.167,0.167
Adrian ILIE,Romania,4,1,1,0,1,0,0,0,3,1,0,0,0.25,0.25
Tom TURESSON,Sweden,3,1,1,0,0,0,0,0,1,2,0,0,0.333,0.0
WYNALDA,USA,4,1,1,0,0,0,0,0,2,2,0,0,0.25,0.0
ALOISI,Australia,4,1,1,0,1,0,0,0,0,4,0,0,0.25,0.25
BALBO,Argentina,4,1,1,0,0,0,0,0,4,0,0,0,0.25,0.0
M.PEREIRA,Uruguay,7,1,1,0,1,0,0,0,7,0,0,0,0.143,0.143
Andrzej BUNCOL,Poland,11,2,1,0,2,0,0,0,8,3,0,0,0.091,0.182
M. ZEWLAKOW,Poland,3,1,1,0,0,0,0,0,0,3,0,0,0.333,0.0
LUIS REGUEIRO,Spain,3,1,1,0,0,0,0,0,2,1,0,0,0.333,0.0
YANG Seung Kook,North Korea,4,1,1,0,0,0,0,0,2,2,0,0,0.25,0.0
John HAYNES,England,11,3,1,0,0,0,0,4,8,3,0,0,0.091,0.0
Adalbert DESU,Romania,2,1,1,0,0,0,0,0,2,0,0,0,0.5,0.0
Ludo COECK,Belgium,5,1,1,0,0,0,0,0,5,0,0,0,0.2,0.0
Andres PRIETO,Chile,3,1,1,0,0,0,0,0,2,1,0,0,0.333,0.0
John ERIKSEN,Denmark,4,1,1,0,0,0,0,0,0,4,0,0,0.25,0.0
LUKAKU,Belgium,5,1,1,0,0,0,0,0,2,3,0,0,0.2,0.0
Ludovico AVIO,Argentina,3,1,1,0,0,0,0,0,2,1,0,0,0.333,0.0
John ROBERTSON,Scotland,6,2,1,0,0,0,0,0,4,2,0,0,0.167,0.0
ALONSO,Spain,14,3,1,0,2,0,0,0,13,1,1,1,0.071,0.143
K H SEOL,South Korea,7,1,1,0,1,0,0,0,6,1,0,0,0.143,0.143
K H LEE,South Korea,3,1,1,0,0,0,0,0,0,3,0,0,0.333,0.0
LOZANO,Colombia,6,2,1,0,0,0,0,0,3,3,0,0,0.167,0.0
Tom FLORIE,USA,4,2,1,0,0,0,0,3,4,0,0,0,0.25,0.0
Joe GAETJENS,USA,3,1,1,0,0,0,0,0,3,0,0,0,0.333,0.0
VRAJEVI?,Bosnia and Herzegovina,3,1,1,0,0,0,0,0,1,2,0,0,0.333,0.0
Angelo DOMENGHINI,Italy,6,1,1,0,1,0,0,0,6,0,0,0,0.167,0.167
Ahmed RADHI,Iraq,3,1,1,0,0,0,0,0,3,0,0,0,0.333,0.0
Thomas SJOBERG,Sweden,3,1,1,0,0,0,0,0,3,0,0,0,0.333,0.0
Lubos KUBIK,Czechoslovakia,5,1,1,0,2,0,0,0,4,1,0,0,0.2,0.4
BECKHAM,England,10,2,1,0,0,0,0,10,10,0,1,0,0.1,0.0
KOKORIN,Russia,3,1,1,0,0,0,0,0,3,0,0,0,0.333,0.0
Jose VELASQUEZ,Peru,9,2,1,0,4,0,0,0,8,1,0,0,0.111,0.444
Abdulaziz AL BALUSHI,Kuwait,3,1,1,0,0,0,0,0,3,0,0,0,0.333,0.0
Andrei BAL,Soviet Union,9,2,1,0,0,0,0,0,6,3,0,0,0.111,0.0
KOLLER,Czech Republic,3,1,1,0,0,0,0,0,1,2,0,0,0.333,0.0
ALCARAZ,Paraguay,5,1,1,0,1,0,0,0,4,1,0,0,0.2,0.2
WINTER,Netherlands,9,2,1,0,1,0,0,0,4,5,0,0,0.111,0.111
M. MAHDAVIKIA,Iran,3,1,1,0,0,0,0,0,3,0,0,0,0.333,0.0
Thomas HELVEG,Denmark,5,1,1,0,1,0,0,0,5,0,0,0,0.2,0.2
LAHM,Germany,21,3,1,0,2,0,0,13,20,1,0,0,0.048,0.095
Josef BICAN,Austria,4,1,1,0,0,0,0,0,4,0,0,0,0.25,0.0
MAICON,Brazil,12,2,1,0,0,0,0,0,8,4,0,0,0.083,0.0
Luc NILIS,Belgium,3,1,1,0,0,0,0,0,3,0,0,0,0.333,0.0
ALEXANDERSSON,Sweden,8,2,1,0,2,0,0,0,8,0,0,0,0.125,0.25
Tihomir OGNJANOV,Yugoslavia,6,2,1,0,0,0,0,0,1,5,0,0,0.167,0.0
Tom FINNEY,England,10,3,1,0,0,0,0,0,7,3,1,0,0.1,0.0
ALFREDO II,Brazil,6,1,1,0,0,0,0,0,1,5,0,0,0.167,0.0
Jose SIERRA,Chile,4,1,1,0,0,0,0,0,2,2,0,0,0.25,0.0
YOO S. C.,South Korea,3,1,1,0,0,0,0,3,3,0,0,0,0.333,0.0
Todor KOLEV,Bulgaria,3,1,1,0,0,0,0,0,2,1,0,0,0.333,0.0
Julio PEREZ,Uruguay,9,2,1,0,0,0,0,0,4,5,0,0,0.111,0.0
VERTONGHEN,Belgium,5,1,1,0,1,0,0,1,4,1,0,0,0.2,0.2
AMANCIO,Spain,3,1,1,0,0,0,0,0,2,1,0,0,0.333,0.0
John ALDRIDGE,Ireland,9,2,1,0,1,0,0,0,6,3,0,0,0.111,0.111
Tore KELLER,Sweden,5,2,1,0,0,0,0,2,4,1,0,0,0.2,0.0
Johnny EKSTROM,Sweden,3,1,1,0,0,0,0,0,1,2,0,0,0.333,0.0
Angel Ruben CABRERA,Uruguay,3,1,1,0,0,1,1,0,2,1,0,0,0.333,0.333
KIM Jong Boo,South Korea,3,1,1,0,0,0,0,0,0,3,0,0,0.333,0.0
Tijani BABANGIDA,Nigeria,4,1,1,0,0,0,0,0,1,3,0,0,0.25,0.0
Luigi DI BIAGIO,Italy,5,1,1,0,2,0,0,0,4,1,0,0,0.2,0.4
Vasili RATS,Soviet Union,7,2,1,0,1,0,0,0,4,3,0,0,0.143,0.143
Willhelm HAHNEMANN,Germany,2,1,1,0,0,0,0,0,2,0,0,0,0.5,0.0
Alfredo DEL AGUILA,Mexico,3,1,1,0,0,0,0,0,3,0,0,0,0.333,0.0
BROOKS,USA,4,1,1,0,0,0,0,0,0,4,0,0,0.25,0.0
Vlastimil KOPECKY,Czechoslovakia,7,2,1,0,0,0,0,0,3,4,0,0,0.143,0.0
Archie GEMMILL,Scotland,3,1,1,0,1,0,0,1,2,1,1,0,0.333,0.333
MATUIDI,France,5,1,1,0,1,0,0,0,5,0,0,0,0.2,0.2
Luis RAMIREZ,El Salvador,3,1,1,0,1,0,0,0,2,1,0,0,0.333,0.333
Jean-Marc FERRERI,France,7,1,1,0,0,0,0,0,1,6,0,0,0.143,0.0
Lazar SZENTES,Hungary,3,1,1,0,0,0,0,0,0,3,0,0,0.333,0.0
A. NAELSON,Mexico,4,1,1,0,1,0,0,0,1,3,0,0,0.25,0.25
Karl KOLLER,Austria,8,2,1,0,0,0,0,0,8,0,0,0,0.125,0.0
Aleksandar TIRNANIC,Yugoslavia,3,1,1,0,0,0,0,0,3,0,0,0,0.333,0.0
TITOV,Russia,3,1,1,0,0,0,0,0,3,0,0,0,0.333,0.0
LJUBIJANKI?,Slovenia,3,1,1,0,0,0,0,0,2,1,0,0,0.333,0.0
Jozsef VARGA,Hungary,6,2,1,0,0,0,0,0,4,2,0,0,0.167,0.0
Vladislav BOGICEVIC,Yugoslavia,6,1,1,0,0,0,0,0,5,1,0,0,0.167,0.0
Karl SESTA,Austria,4,1,1,0,0,0,0,0,4,0,0,0,0.25,0.0
Juan MUJICA,Uruguay,6,1,1,0,1,0,0,0,6,0,0,0,0.167,0.167
Jean TIGANA,France,14,2,1,0,1,0,0,0,11,3,0,0,0.071,0.071
Kevin SHEEDY,Ireland,5,1,1,0,0,0,0,0,5,0,0,0,0.2,0.0
Vilmos KOHUT,Hungary,4,1,1,0,0,0,0,0,2,2,0,0,0.25,0.0
VALDOMIRO,Brazil,7,1,1,0,0,0,0,0,5,2,0,0,0.143,0.0
Juan Manuel ASENSI,Spain,3,1,1,0,0,0,0,2,3,0,0,0,0.333,0.0
Kick SMIT,Netherlands,2,2,1,0,0,0,0,0,2,0,0,0,0.5,0.0
MATHIS,USA,5,1,1,0,0,0,0,0,2,3,0,0,0.2,0.0
KEWELL,Australia,7,2,1,0,0,1,1,0,3,4,0,0,0.143,0.143
Jeno VINCZE,Hungary,6,2,1,0,0,0,0,0,3,3,0,0,0.167,0.0
MATIP,Cameroon,6,2,1,0,0,0,0,0,3,3,0,0,0.167,0.0
Khoren OGANESIAN,Soviet Union,5,1,1,0,0,0,0,0,2,3,0,0,0.2,0.0
KERZHAKOV,Russia,6,2,1,0,0,0,0,0,1,5,0,0,0.167,0.0
Wilson ORUMA,Nigeria,4,1,1,0,0,0,0,0,1,3,0,0,0.25,0.0
BREEN,Ireland,4,1,1,0,0,0,0,0,4,0,0,0,0.25,0.0
Zdravko RAJKOV,Yugoslavia,4,1,1,0,0,0,0,0,4,0,0,0,0.25,0.0
Uwe BEIN,West Germany,7,1,1,0,0,0,0,0,3,4,0,0,0.143,0.0
Jose BROWN,Argentina,7,1,1,0,1,0,0,0,7,0,0,0,0.143,0.143
Alejandro SCOPELLI,Argentina,5,1,1,0,0,0,0,0,1,4,0,0,0.2,0.0
Alfred PFAFF,West Germany,6,1,1,0,0,0,0,0,1,5,0,0,0.167,0.0
Uwe REINDERS,West Germany,7,1,1,0,0,0,0,0,1,6,0,0,0.143,0.0
Karl ZISCHEK,Austria,4,1,1,0,0,0,0,0,4,0,0,0,0.25,0.0
Vitali KHMELNITSKI,Soviet Union,4,1,1,0,1,0,0,0,3,1,0,0,0.25,0.25
BRANCO,Brazil,16,3,1,0,2,0,0,0,12,4,0,0,0.062,0.125
MEHMEDI,Switzerland,4,1,1,0,0,0,0,0,3,1,0,0,0.25,0.0
Antonio RADA,Colombia,3,1,1,0,0,0,0,0,2,1,0,0,0.333,0.0
Karoly SANDOR,Hungary,8,2,1,0,0,0,0,0,6,2,0,0,0.125,0.0
Juan CARRENO,Mexico,3,1,1,0,0,0,0,0,3,0,0,0,0.333,0.0
Juan CAYASSO,Costa Rica,4,1,1,0,0,0,0,0,4,0,0,0,0.25,0.0
Juan LETELIER,Chile,3,1,1,0,1,0,0,0,0,3,0,0,0.333,0.333
Lennart SKOGLUND,Sweden,11,2,1,0,0,0,0,0,9,2,0,0,0.091,0.0
Juan Ignacio BASAGUREN,Mexico,4,1,1,0,0,0,0,0,0,4,0,0,0.25,0.0
VALBUENA,France,8,2,1,0,0,0,0,0,4,4,0,0,0.125,0.0
VALDIVIA,Chile,8,2,1,0,1,0,0,0,3,5,0,0,0.125,0.125
Alex CZERNIATYNSKI,Belgium,9,2,1,0,0,0,0,0,4,5,0,0,0.111,0.0
Willy JAEGGI,Switzerland,2,1,1,0,0,0,0,0,1,1,0,0,0.5,0.0
LI Dong Woon,North Korea,4,1,1,0,0,0,0,0,2,2,0,0,0.25,0.0
V.D.HEYDEN,Belgium,4,1,1,0,1,0,0,0,2,2,0,0,0.25,0.25
LIEDSON,Portugal,4,1,1,0,0,0,0,0,1,3,0,0,0.25,0.0
v. HOOIJDONK,Netherlands,7,1,1,0,1,0,0,0,0,7,0,0,0.143,0.143
TAMADA,Japan,7,2,1,0,0,0,0,0,1,6,0,0,0.143,0.0
TEO,Colombia,5,1,1,0,0,0,0,0,4,1,0,0,0.2,0.0
Karoly CSAPO,Hungary,6,2,1,0,0,0,0,0,2,4,0,0,0.167,0.0
Leo CLIJSTERS,Belgium,11,2,1,0,0,0,0,0,3,8,0,0,0.091,0.0
V. NISTELROOY,Netherlands,4,1,1,0,0,0,0,0,3,1,0,0,0.25,0.0
LINKE,Germany,7,1,1,0,0,0,0,0,7,0,0,0,0.143,0.0
Aleksandr IVANOV,Soviet Union,5,1,1,0,0,0,0,0,4,1,0,0,0.2,0.0
A. GUARDADO,Mexico,8,2,1,0,1,0,0,0,5,3,0,0,0.125,0.125
BULENT KORKMAZ,Turkey,7,1,1,0,0,0,0,0,6,1,0,0,0.143,0.0
V. BRONCKHORST,Netherlands,11,2,1,0,5,1,1,7,10,1,0,0,0.091,0.545
ASAMOAH,Germany,18,2,1,0,4,1,1,0,3,15,0,0,0.056,0.278
Juan Antonio SENOR,Spain,5,1,1,0,0,0,0,0,0,5,0,0,0.2,0.0
Karl-Heinz SCHNELLINGER,West Germany,22,4,1,0,0,0,0,0,17,5,0,0,0.045,0.0
Willy VAN DE KERKHOF,Netherlands,14,2,1,0,1,0,0,0,7,7,0,0,0.071,0.071
Karlheinz RIEDLE,West Germany,12,2,1,0,0,0,0,0,3,9,0,0,0.083,0.0
Leen VENTE,Netherlands,2,2,1,0,0,0,0,0,2,0,0,0,0.5,0.0
Aleksandre CHIVADZE,Soviet Union,9,2,1,0,1,0,0,5,5,4,0,0,0.111,0.111
Aleksei MAMYKIN,Soviet Union,4,1,1,0,0,0,0,0,2,2,0,0,0.25,0.0
Bart McGHEE,USA,3,1,1,0,0,0,0,0,3,0,0,0,0.333,0.0
Alexandru NEAGU,Romania,3,1,1,0,0,0,0,0,2,1,0,0,0.333,0.0
Jozsef BOZSIK,Hungary,9,2,1,0,0,1,1,4,8,1,0,0,0.111,0.111
Lucien LAURENT,France,4,2,1,0,0,0,0,0,2,2,0,0,0.25,0.0
BRAHIMI,Algeria,4,1,1,0,0,0,0,0,2,2,0,0,0.25,0.0
Luis SOUZA,Peru,2,1,1,0,0,0,0,0,2,0,0,0,0.5,0.0
Jesper OLSEN,Denmark,4,1,1,0,0,0,0,0,3,1,2,0,0.25,0.0
VALERON,Spain,5,1,1,0,1,0,0,0,4,1,0,0,0.2,0.2
Jorge ROBLEDO,Chile,3,1,1,0,0,0,0,0,3,0,0,0,0.333,0.0
Victor ESPARRAGO,Uruguay,13,3,1,0,1,0,0,0,6,7,0,0,0.077,0.077
ANTONIO SIMOES,Portugal,6,1,1,0,0,0,0,0,6,0,0,0,0.167,0.0
ACIMOVIC,Slovenia,3,1,1,0,0,0,0,0,2,1,0,0,0.333,0.0
W. PARKS,Costa Rica,3,1,1,0,0,0,0,0,0,3,0,0,0.333,0.0
KUYT,Netherlands,18,3,1,0,2,0,0,0,14,4,0,0,0.056,0.111
Ali KAABI,Tunisia,3,1,1,0,0,0,0,0,3,0,0,0,0.333,0.0
Wlodzimierz CIOLEK,Poland,7,1,1,0,0,0,0,0,1,6,0,0,0.143,0.0
Antonio ALZAMENDI,Uruguay,8,2,1,0,0,0,0,0,4,4,0,0,0.125,0.0
KHALID ISMAIL,United Arab Emirates,3,1,1,0,0,0,0,0,2,1,0,0,0.333,0.0
TSHABALALA,South Africa,3,1,1,0,0,0,0,0,3,0,0,0,0.333,0.0
Ali Thani JUMAA,United Arab Emirates,3,1,1,0,0,0,0,0,3,0,0,0,0.333,0.0
ZIDANE,France,10,2,1,0,3,1,1,6,7,3,2,0,0.1,0.4
Jim BROWN,USA,3,1,1,0,0,0,0,0,3,0,0,0,0.333,0.0
BORIMIROV,Bulgaria,7,1,1,0,1,0,0,0,2,5,0,0,0.143,0.143
Kakhi ASATIANI,Soviet Union,4,1,1,0,1,0,0,0,3,1,0,0,0.25,0.25
Luis FERNANDEZ,France,7,1,1,0,2,0,0,0,6,1,0,0,0.143,0.286
Aldo SERENA,Italy,11,2,1,0,0,0,0,0,0,11,0,0,0.091,0.0
UPSON,England,4,1,1,0,0,0,0,0,2,2,0,0,0.25,0.0
UREA M.,Costa Rica,5,1,1,0,0,0,0,0,0,5,0,0,0.2,0.0
ZIGIC,Serbia and Montenegro,3,1,1,0,0,0,0,0,1,2,0,0,0.333,0.0
ZITO,Brazil,15,3,1,0,0,0,0,0,10,5,0,0,0.067,0.0
Jesus ZAMORA,Spain,5,1,1,0,1,0,0,0,4,1,0,0,0.2,0.2
Luis VARGAS PENA,Paraguay,2,1,1,0,0,0,0,2,2,0,0,0,0.5,0.0
Josip KATALINSKI,Yugoslavia,6,1,1,0,2,0,0,0,6,0,0,0,0.167,0.333
Luis FLORES,Mexico,5,1,1,0,0,0,0,0,3,2,0,0,0.2,0.0
TOURE YAYA,Cte d'Ivoire,6,2,1,0,0,0,0,2,6,0,0,0,0.167,0.0
Alberto TARANTINI,Argentina,12,2,1,0,0,0,0,0,12,0,0,0,0.083,0.0
Knut KROON,Sweden,2,1,1,0,0,0,0,0,2,0,0,0,0.5,0.0
Kiki ANTENEN,Switzerland,10,3,1,0,0,0,0,3,8,2,0,0,0.1,0.0
TORRES,USA,18,2,1,0,0,0,0,0,7,12,0,0,0.056,0.0
Vojislav MELIC,Yugoslavia,6,1,1,0,0,0,0,0,2,4,0,0,0.167,0.0
A.PEREIRA,Uruguay,7,1,1,0,0,0,0,0,5,2,0,0,0.143,0.0
TOROSIDIS,Greece,7,2,1,0,2,0,0,0,7,0,0,0,0.143,0.286
BRADLEY,USA,8,2,1,0,0,0,0,0,8,0,0,0,0.125,0.0
Alberto GORRIZ,Spain,4,1,1,0,0,0,0,0,3,1,0,0,0.25,0.0
BOUZAIENE,Tunisia,3,1,1,0,0,0,0,0,3,0,0,0,0.333,0.0
LJUNGBERG,Sweden,8,2,1,0,1,0,0,0,6,2,0,0,0.125,0.125
Wim KIEFT,Netherlands,4,1,1,0,1,0,0,0,1,3,0,0,0.25,0.25
Victor RANGEL,Mexico,3,1,1,0,0,0,0,0,3,0,0,0,0.333,0.0
WALEM,Belgium,4,1,1,0,0,0,0,0,3,1,0,0,0.25,0.0
Jerzy GORGON,Poland,13,2,1,0,2,0,0,0,12,1,0,0,0.077,0.154
Kalman MESZOLY,Hungary,8,2,1,0,0,0,0,0,8,0,1,0,0.125,0.0
Antonio CABRINI,Italy,18,3,1,0,2,0,0,0,18,0,0,0,0.056,0.111
Jozsef BENCSIS,Hungary,4,1,1,0,0,0,0,0,2,2,0,0,0.25,0.0
MATA,Spain,10,2,1,0,0,0,0,0,0,10,0,0,0.1,0.0
Juergen GRABOWSKI,West Germany,19,3,1,0,0,0,0,0,6,13,0,0,0.053,0.0
LONNIS,Costa Rica,3,1,0,0,0,0,0,3,3,0,0,0,0.0,0.0
Nenad STOJKOVIC,Yugoslavia,3,1,0,0,1,0,0,0,3,0,0,0,0.0,0.333
LUCIC,Sweden,8,2,0,0,3,1,1,0,8,0,0,0,0.0,0.5
Nelson TAPIA,Chile,4,1,0,0,1,0,0,0,4,0,0,0,0.0,0.25
Nasser NURAY,Iran,3,1,0,0,0,0,0,0,0,3,0,0,0.0,0.0
LUCIO,Brazil,7,1,0,0,0,0,0,0,7,0,0,0,0.0,0.0
LOKVENC,Czech Republic,3,1,0,0,2,0,0,0,1,2,0,0,0.0,0.667
LUIS GARCIA,Spain,4,1,0,0,0,0,0,0,2,2,0,0,0.0,0.0
Nasser HEJAZI,Iran,3,1,0,0,0,0,0,0,3,0,0,0,0.0,0.0
LIMA,Brazil,3,1,0,0,0,0,0,0,3,0,0,0,0.0,0.0
LOMBAERTS,Belgium,5,1,0,0,0,0,0,0,1,4,0,0,0.0,0.0
Nick DI ORIO,USA,3,1,0,0,0,0,0,0,0,3,0,0,0.0,0.0
LUGANO,Uruguay,7,1,0,0,1,0,0,6,6,1,0,0,0.0,0.143
LUIS MARIN,Spain,3,1,0,0,0,0,0,0,0,3,0,0,0.0,0.0
Nasser DRID,Algeria,3,1,0,0,0,0,0,0,2,1,0,0,0.0,0.0
LIM Zoong Sun,North Korea,4,1,0,0,0,0,0,0,4,0,0,0,0.0,0.0
LODYGIN,Russia,3,1,0,0,0,0,0,0,0,3,0,0,0.0,0.0
Nelson VIVAS,Argentina,5,1,0,0,1,0,0,0,3,2,0,0,0.0,0.2
Niclas NYHLEN,Sweden,3,1,0,0,0,0,0,0,0,3,0,0,0.0,0.0
LODEIRO,Uruguay,7,1,0,0,2,1,1,0,0,7,0,0,0.0,0.429
Nestor COMBIN,France,3,1,0,0,0,0,0,0,1,2,0,0,0.0,0.0
LOPES,Brazil,5,1,0,0,0,0,0,0,3,2,0,0,0.0,0.0
Neil SULLIVAN,Scotland,3,1,0,0,0,0,0,0,0,3,0,0,0.0,0.0
LOVENKRANDS,Denmark,4,1,0,0,0,0,0,0,0,4,0,0,0.0,0.0
Neil COVONE,USA,3,1,0,0,0,0,0,0,0,3,0,0,0.0,0.0
LJUBOJA,Serbia and Montenegro,3,1,0,0,0,0,0,0,0,3,0,0,0.0,0.0
Nelson DIAZ,Uruguay,4,1,0,0,0,0,0,0,0,4,0,0,0.0,0.0
Nestor SUBIAT,Switzerland,4,1,0,0,2,0,0,0,0,4,0,0,0.0,0.5
LOURENCO,Portugal,6,1,0,0,0,0,0,0,0,6,0,0,0.0,0.0
LLAMOSA,USA,5,1,0,0,0,0,0,0,0,5,0,0,0.0,0.0
Neil MOCHAN,Scotland,2,1,0,0,0,0,0,0,2,0,0,0,0.0,0.0
Nestor ROSSI,Argentina,3,1,0,0,0,0,0,0,3,0,0,0,0.0,0.0
LUCAS,Paraguay,5,1,0,0,0,0,0,0,3,2,0,0,0.0,0.0
Nery PUMPIDO,Argentina,19,3,0,0,2,0,0,0,9,10,0,0,0.0,0.105
Nestor ORTIZ,Colombia,3,1,0,0,0,0,0,0,0,3,0,0,0.0,0.0
Neil WEBB,England,7,1,0,0,0,0,0,0,0,7,0,0,0.0,0.0
Nestor LORENZO,Argentina,7,1,0,0,0,0,0,0,2,5,0,0,0.0,0.0
LOPEZ UFARTE,Spain,5,1,0,0,0,0,0,0,3,2,1,0,0.0,0.0
Nestor GONCALVES,Uruguay,7,2,0,0,0,0,0,0,7,0,0,0,0.0,0.0
Nejib LIMAN,Tunisia,3,1,0,0,0,0,0,0,0,3,0,0,0.0,0.0
LOPEZ G.,Argentina,3,1,0,0,0,0,0,0,0,3,0,0,0.0,0.0
LOPEZ C.,Argentina,3,1,0,0,0,0,0,0,2,1,0,0,0.0,0.0
Nestor FABBRI,Argentina,7,1,0,0,0,0,0,0,1,6,0,0,0.0,0.0
LLORENTE,Spain,7,1,0,0,0,0,0,0,0,7,0,0,0.0,0.0
LLORIS,France,8,2,0,0,0,0,0,5,8,0,0,0,0.0,0.0
LUBO PENEV,Bulgaria,3,1,0,0,1,0,0,0,1,2,0,0,0.0,0.333
Nica PANDURU,Romania,5,1,0,0,1,0,0,0,0,5,0,0,0.0,0.2
Natalio PERINETTI,Argentina,5,1,0,0,0,0,0,0,1,4,0,0,0.0,0.0
LOVREN,Croatia,3,1,0,0,1,0,0,0,3,0,0,0,0.0,0.333
LINDEROTH,Sweden,8,2,0,0,1,0,0,0,8,0,0,0,0.0,0.125
LOCHHEAD,New Zealand,3,1,0,0,1,0,0,0,3,0,0,0,0.0,0.333
Nelson PARRAGUEZ,Chile,4,1,0,0,2,0,0,0,3,1,0,0,0.0,0.5
Ndaye MULAMBA,Zaire,3,1,0,0,0,1,1,0,2,1,0,0,0.0,0.333
Necula RADUCANU,Romania,3,1,0,0,0,0,0,0,0,3,0,0,0.0,0.0
Nestor CLAUSEN,Argentina,7,1,0,0,0,0,0,0,1,6,0,0,0.0,0.0
LOPEZ,Costa Rica,6,2,0,0,0,0,0,0,2,4,0,0,0.0,0.0
Nelson LOPEZ,Argentina,4,1,0,0,0,0,0,0,0,4,0,0,0.0,0.0
Nestor TOGNERI,Argentina,6,1,0,0,0,0,0,0,0,6,0,0,0.0,0.0
Nedim GUNAR,Turkey,3,1,0,0,0,0,0,0,0,3,0,0,0.0,0.0
LIZARAZU,France,3,1,0,0,0,0,0,0,3,0,0,0,0.0,0.0
Nelson GUTIERREZ,Uruguay,8,2,0,0,1,0,0,0,8,0,0,0,0.0,0.125
LOC,Angola,3,1,0,0,2,0,0,0,3,0,0,0,0.0,0.667
Nestor CARBALLO,Uruguay,5,1,0,0,0,0,0,0,2,3,0,0,0.0,0.0
Lahcen OUDANI,Morocco,4,1,0,0,0,0,0,0,1,3,0,0,0.0,0.0
LUIS PEREIRA,Brazil,7,1,0,0,1,1,1,0,6,1,0,0,0.0,0.286
NEFZI,Tunisia,3,1,0,0,0,0,0,0,0,3,0,0,0.0,0.0
NELSEN,New Zealand,3,1,0,0,2,0,0,3,3,0,0,0,0.0,0.667
Laszlo SAROSI,Hungary,8,2,0,0,0,0,0,1,8,0,0,0,0.0,0.0
NEIRA,Chile,4,1,0,0,0,0,0,0,0,4,0,0,0.0,0.0
Laszlo STERNBERG,Hungary,2,1,0,0,0,0,0,2,2,0,0,0,0.0,0.0
Laurent DI LORTO,France,2,1,0,0,0,0,0,0,2,0,0,0,0.0,0.0
NEILL,Australia,7,2,0,0,1,0,0,3,7,0,0,0,0.0,0.143
Laurent ROBUSCHI,France,3,1,0,0,0,0,0,0,0,3,0,0,0.0,0.0
Laszlo PUSZTAI,Hungary,3,1,0,0,0,0,0,0,2,1,0,0,0.0,0.0
Laurie HUGHES,England,3,1,0,0,0,0,0,0,3,0,0,0,0.0,0.0
NEDVED,Czech Republic,3,1,0,0,0,0,0,1,3,0,0,0,0.0,0.0
NDY ASSEMBE,Cameroon,3,1,0,0,0,0,0,0,0,3,0,0,0.0,0.0
NDOUR,Senegal,5,1,0,0,0,0,0,0,1,4,0,0,0.0,0.0
NDO,Cameroon,3,1,0,0,0,0,0,0,0,3,0,0,0.0,0.0
NDIEFI,Cameroon,3,1,0,0,0,0,0,0,0,3,0,0,0.0,0.0
NELSON,Portugal,3,1,0,0,0,0,0,0,0,3,0,0,0.0,0.0
NEMEC,Slovenia,3,1,0,0,0,0,0,0,0,3,0,0,0.0,0.0
LUISINHO,Brazil,6,2,0,0,0,0,0,0,3,3,0,0,0.0,0.0
NEUER,Germany,14,2,0,0,0,0,0,0,13,1,0,0,0.0,0.0
NGCONGCA,South Africa,3,1,0,0,0,0,0,0,1,2,0,0,0.0,0.0
Laszlo BODOR,Hungary,4,1,0,0,0,0,0,0,0,4,0,0,0.0,0.0
Laszlo BUDAI,Hungary,9,2,0,0,0,0,0,0,4,5,0,0,0.0,0.0
Laszlo CSEH,Hungary,4,1,0,0,0,0,0,0,0,4,0,0,0.0,0.0
Laszlo DAJKA,Hungary,3,1,0,1,0,0,0,0,1,2,0,0,0.0,0.0
Laszlo DISZTL,Hungary,3,1,0,0,0,0,0,0,0,3,0,0,0.0,0.0
NETO,Portugal,3,1,0,0,0,0,0,0,0,3,0,0,0.0,0.0
Laszlo NAGY,Hungary,3,1,0,0,0,0,0,0,3,0,0,0,0.0,0.0
NESTA,Italy,11,2,0,0,0,0,0,0,6,5,0,0,0.0,0.0
NESMACHNYI,Ukraine,5,1,0,0,1,0,0,0,5,0,0,0,0.0,0.2
Laszlo KOVACS,Hungary,3,1,0,0,0,0,0,0,0,3,0,0,0.0,0.0
Laszlo LACHOS,Hungary,4,1,0,0,0,0,0,0,0,4,0,0,0.0,0.0
NEQROUZ,Morocco,3,1,0,0,0,0,0,0,1,2,0,0,0.0,0.0
NENA,Brazil,6,1,0,0,0,0,0,0,0,6,0,0,0.0,0.0
NAZARENKO,Ukraine,5,1,0,0,0,0,0,0,0,5,0,0,0.0,0.0
NAYBET,Morocco,3,1,0,0,2,0,0,0,2,1,0,0,0.0,0.667
NAVAS K.,Costa Rica,5,1,0,0,1,0,0,0,5,0,0,0,0.0,0.2
N. SAADAVI,Iran,3,1,0,0,0,0,0,0,0,3,0,0,0.0,0.0
NAGATOMO,Japan,7,2,0,0,2,0,0,0,7,0,0,0,0.0,0.286
NAFTI,Tunisia,3,1,0,0,0,0,0,0,2,1,0,0,0.0,0.0
NADJ,Serbia and Montenegro,3,1,0,0,3,1,1,0,2,1,0,0,0.0,1.333
NADAL,Spain,13,3,0,0,1,1,1,2,9,4,0,0,0.0,0.154
N.VALENTE,Portugal,7,1,0,0,2,0,0,0,6,1,0,0,0.0,0.286
N. SONG CHOL,North Korea,3,1,0,0,0,0,0,0,0,3,0,0,0.0,0.0
N. REASCO,Ecuador,4,1,0,0,0,0,0,0,3,1,0,0,0.0,0.0
NASIR KHAMEES,United Arab Emirates,3,1,0,0,0,0,0,0,3,0,0,0,0.0,0.0
Leif ENGQVIST,Sweden,3,1,0,0,0,0,0,0,0,3,0,0,0.0,0.0
N. OLIVERA,Uruguay,3,1,0,0,0,0,0,0,0,3,0,0,0.0,0.0
N. MOHAMMAD KHANI,Iran,3,1,0,0,0,0,0,1,3,0,0,0,0.0,0.0
Leif ERIKSSON,Sweden,3,1,0,0,0,0,0,0,2,1,0,0,0.0,0.0
N. LODEIRO,Uruguay,4,1,0,0,0,0,0,0,2,2,0,0,0.0,0.0
Leif MALBERG,Sweden,3,1,0,0,0,0,0,0,0,3,0,0,0.0,0.0
NAJAR,Honduras,3,1,0,0,0,0,0,0,1,2,0,0,0.0,0.0
Lebogang MORULA,South Africa,3,1,0,0,0,0,0,0,0,3,0,0,0.0,0.0
Leandro REMONDINI,Italy,2,1,0,0,0,0,0,0,1,1,0,0,0.0,0.0
Lazare GIANESSI,France,2,1,0,0,0,0,0,0,2,0,0,0,0.0,0.0
NAKAYAMA,Japan,4,1,0,0,1,0,0,0,0,4,0,0,0.0,0.25
NAKAZAWA,Japan,7,2,0,0,0,0,0,1,7,0,0,0,0.0,0.0
NAKISA,Iran,3,1,0,0,0,0,0,0,1,2,0,0,0.0,0.0
NAM CHOL,North Korea,3,1,0,0,0,0,0,0,0,3,0,0,0.0,0.0
NAMIL,South Korea,7,2,0,0,1,0,0,0,2,5,0,0,0.0,0.143
Lazar SFERA,Romania,3,2,0,0,0,0,0,0,0,3,0,0,0.0,0.0
NAMOUCHI,Tunisia,3,1,0,0,0,0,0,0,3,0,0,0,0.0,0.0
NANDO,Spain,6,1,0,0,0,0,0,0,0,6,0,0,0.0,0.0
Lav MANTULA,Yugoslavia,3,1,0,0,0,0,0,0,0,3,0,0,0.0,0.0
NARAZAKI,Japan,11,3,0,0,0,0,0,0,4,7,0,0,0.0,0.0
Lauro AMADO,Switzerland,3,1,0,0,0,0,0,0,3,0,0,0,0.0,0.0
NARIZ,Brazil,5,1,0,0,0,0,0,0,1,4,0,0,0.0,0.0
Laurie SCOTT,England,3,1,0,0,0,0,0,0,0,3,0,0,0.0,0.0
Laszlo BALINT,Hungary,6,2,0,0,0,0,0,0,3,3,0,0,0.0,0.0
Lars HOGH,Denmark,4,1,0,0,0,0,0,0,2,2,0,0,0.0,0.0
NGOM KOME,Cameroon,3,1,0,0,0,0,0,0,1,2,0,0,0.0,0.0
Ladislav KUNA,Czechoslovakia,3,1,0,0,0,0,0,0,3,0,0,0,0.0,0.0
NYOM,Cameroon,3,1,0,0,0,0,0,0,1,2,0,0,0.0,0.0
Ladislao MAZURKIEWICZ,Uruguay,13,3,0,0,0,0,0,2,13,0,0,0,0.0,0.0
Ladislau RAFFINSKY,Romania,4,2,0,0,0,0,0,0,4,0,0,0,0.0,0.0
NWOFOR,Nigeria,4,1,0,0,0,0,0,0,0,4,0,0,0.0,0.0
Ladislav JURKEMIK,Czechoslovakia,3,1,0,0,0,0,0,0,2,1,0,0,0.0,0.0
Ladislav KACANI,Czechoslovakia,2,1,0,0,0,0,0,0,2,0,0,0,0.0,0.0
Ladislav NOVAK,Czechoslovakia,12,3,0,0,0,0,0,12,12,0,0,0,0.0,0.0
NOUNKEU,Cameroon,3,1,0,0,1,0,0,0,0,3,0,0,0.0,0.333
NUMAN,Netherlands,5,1,0,0,0,0,0,0,0,5,0,0,0.0,0.0
NUEZ V.,Costa Rica,3,1,0,0,0,0,0,0,0,3,0,0,0.0,0.0
Ladislav SIMUNEK,Czechoslovakia,3,1,0,0,0,0,0,0,2,1,0,0,0.0,0.0
NUEZ,Paraguay,6,2,0,0,1,0,0,0,4,2,0,0,0.0,0.167
NOWOTNY,Germany,7,1,0,0,0,0,0,0,1,6,0,0,0.0,0.0
NOVAKOVI?,Slovenia,3,1,0,0,0,0,0,0,3,0,0,0,0.0,0.0
Labid KHALIFA,Morocco,4,1,0,0,2,0,0,0,4,0,0,0,0.0,0.5
NZAMA,South Africa,3,1,0,0,1,0,0,0,3,0,0,0,0.0,0.333
Nacer ABDELLAH,Morocco,3,1,0,0,0,0,0,0,2,1,0,0,0.0,0.0
LUSTU,Denmark,4,1,0,0,0,0,0,0,0,4,0,0,0.0,0.0
LUSTRINELLI,Switzerland,4,1,0,0,0,0,0,0,0,4,0,0,0.0,0.0
Naim FAJAH,Kuwait,3,1,0,0,1,0,0,0,3,0,0,0,0.0,0.333
Naoki SOMA,Japan,3,1,0,0,0,0,0,0,3,0,0,0,0.0,0.0
LUQUE,Spain,5,1,0,0,0,0,0,0,0,5,0,0,0.0,0.0
LUONGO,Australia,3,1,0,0,0,0,0,0,0,3,0,0,0.0,0.0
Narciso LOPEZ,Mexico,2,1,0,0,0,0,0,0,2,0,0,0,0.0,0.0
Nasrollah ABDOLLAHI,Iran,3,1,0,0,0,0,0,0,3,0,0,0,0.0,0.0
LULI?,Bosnia and Herzegovina,3,1,0,0,0,0,0,0,2,1,0,0,0.0,0.0
LUKOVI?,Serbia,3,1,0,0,3,1,1,0,2,1,0,0,0.0,1.333
LUIZINHO,Brazil,5,1,0,0,0,0,0,0,5,0,0,0,0.0,0.0
LUIZAO,Brazil,7,1,0,0,0,0,0,0,0,7,0,0,0.0,0.0
Nasser AL GHANEM,Kuwait,3,1,0,0,0,0,0,0,0,3,0,0,0.0,0.0
LUISO,Brazil,10,2,0,0,0,0,0,0,0,10,0,0,0.0,0.0
NOVAK,Slovenia,3,1,0,0,0,0,0,0,3,0,0,0,0.0,0.0
Ladislav VIZEK,Czechoslovakia,3,1,0,0,0,1,1,0,3,0,0,0,0.0,0.333
NGUEMO,Cameroon,6,2,0,0,0,0,0,0,2,4,0,0,0.0,0.0
NIKIFOROV,Russia,3,1,0,0,0,0,0,0,3,0,0,0,0.0,0.0
NILSSON,Sweden,4,1,0,0,0,0,0,0,0,4,0,0,0.0,0.0
Lamine BEN AZIZA,Tunisia,3,1,0,0,0,0,0,0,0,3,0,0,0.0,0.0
NILO,Brazil,2,1,0,0,0,0,0,0,1,1,0,0,0.0,0.0
NILMAR,Brazil,5,1,0,0,0,0,0,0,1,4,0,0,0.0,0.0
Larbi EL HADI,Algeria,3,1,0,0,0,0,0,0,1,2,0,0,0.0,0.0
NILIS,Belgium,4,1,0,0,0,0,0,0,2,2,0,0,0.0,0.0
Lars BOHINEN,Norway,3,1,0,0,0,0,0,0,2,1,0,0,0.0,0.0
NORONHA,Brazil,6,1,0,0,0,0,0,0,1,5,0,0,0.0,0.0
NIHAT,Turkey,7,1,0,0,0,0,0,0,0,7,0,0,0.0,0.0
Lars ERIKSSON,Sweden,10,2,0,0,0,0,0,0,0,10,0,0,0.0,0.0
NIGMATULLIN,Russia,3,1,0,0,0,0,0,0,3,0,0,0,0.0,0.0
NIGINHO,Brazil,5,1,0,0,0,0,0,0,0,5,0,0,0.0,0.0
NIELSEN,Denmark,4,1,0,0,0,0,0,0,0,4,0,0,0.0,0.0
NIBOMBE,Togo,3,1,0,0,0,0,0,0,3,0,0,0,0.0,0.0
Lajos PUSKAS,Hungary,4,1,0,0,0,0,0,0,0,4,0,0,0.0,0.0
NINIS,Greece,3,1,0,0,0,0,0,0,0,3,0,0,0.0,0.0
NINKOVI?,Serbia,3,1,0,0,1,0,0,0,2,1,0,0,0.0,0.333
NISHIKAWA,Japan,3,1,0,0,0,0,0,0,0,3,0,0,0.0,0.0
NISHIZAWA,Japan,4,1,0,0,0,0,0,0,1,3,0,0,0.0,0.0
Lajos KORANYI,Hungary,4,1,0,0,0,0,0,0,3,1,0,0,0.0,0.0
NJITAP,Cameroon,3,1,0,0,0,0,0,0,2,1,0,0,0.0,0.0
NKOULOU,Cameroon,6,2,0,0,2,0,0,2,6,0,0,0,0.0,0.333
Lajos CSORDAS,Hungary,5,1,0,0,0,0,0,0,0,5,0,0,0.0,0.0
NKUFO,Switzerland,3,1,0,0,1,0,0,0,3,0,0,0,0.0,0.333
NOBOA,Ecuador,3,1,0,0,0,0,0,0,3,0,0,0,0.0,0.0
LI Sao Nam,South Korea,2,1,0,0,0,0,0,0,1,1,0,0,0.0,0.0
NOH J. Y.,South Korea,3,1,0,0,0,0,0,0,1,2,0,0,0.0,0.0
NOH Soo Jin,South Korea,6,2,0,0,0,0,0,0,2,4,0,0,0.0,0.0
Lahcen ABRAMI,Morocco,3,1,0,0,0,0,0,0,1,2,0,0,0.0,0.0
Ladislav ZENISEK,Czechoslovakia,4,1,0,0,0,0,0,0,3,1,0,0,0.0,0.0
NOOR,Saudi Arabia,6,2,0,0,1,0,0,0,4,2,0,0,0.0,0.167
LICHTSTEINER,Switzerland,7,2,0,0,0,0,0,0,7,0,0,0,0.0,0.0
Norberto SCOPONI,Argentina,4,1,0,0,0,0,0,0,0,4,0,0,0.0,0.0
LI Ki Joo,South Korea,2,1,0,0,0,0,0,0,1,1,0,0,0.0,0.0
Krunoslav JURCIC,Croatia,7,1,0,0,1,0,0,0,3,4,0,0,0.0,0.143
Orlando RAMIREZ,Chile,3,1,0,0,0,0,0,0,0,3,0,0,0.0,0.0
Koebi KUHN,Switzerland,3,1,0,0,0,0,0,0,2,1,0,0,0.0,0.0
Konrad WEISE,East Germany,6,1,0,0,0,0,0,0,6,0,0,0,0.0,0.0
Orlando DE LA TORRE,Peru,4,1,0,0,0,0,0,0,3,1,0,0,0.0,0.0
Orjan PERSSON,Sweden,9,2,0,0,2,0,0,0,3,6,0,0,0.0,0.222
Konstantin KRIZHEVSKI,Soviet Union,5,1,0,0,0,0,0,0,5,0,0,0,0.0,0.0
Kostadin KOSTADINOV,Bulgaria,4,1,0,0,0,0,0,0,1,3,0,0,0.0,0.0
Onarici NECMI,Turkey,3,1,0,0,0,0,0,0,1,2,0,0,0.0,0.0
Krasimir BORISOV,Bulgaria,3,1,0,0,0,0,0,0,0,3,0,0,0.0,0.0
Onandi LOWE,Jamaica,3,1,0,0,0,0,0,0,2,1,0,0,0.0,0.0
Krassimir BALAKOV,Bulgaria,3,1,0,0,0,0,0,0,3,0,0,0,0.0,0.0
Omero TOGNON,Italy,5,2,0,0,0,0,0,0,3,2,0,0,0.0,0.0
Omar TETRADZE,Russia,3,1,0,0,0,0,0,0,1,2,0,0,0.0,0.0
Omar SIVORI,Italy,3,1,0,0,0,0,0,0,2,1,0,0,0.0,0.0
Omar MENDEZ,Uruguay,5,1,0,0,0,0,0,0,1,4,0,0,0.0,0.0
Omar LARROSA,Argentina,7,1,0,0,1,0,0,0,1,6,0,0,0.0,0.143
Omar JEBALI,Tunisia,3,1,0,0,0,0,0,0,3,0,0,0,0.0,0.0
Orvar BERGMARK,Sweden,6,1,0,0,0,0,0,0,6,0,0,0,0.0,0.0
Osama ORABY,Egypt,3,1,0,0,0,0,0,0,1,2,0,0,0.0,0.0
Knut NORDAHL,Sweden,5,1,0,0,0,0,0,0,3,2,0,0,0.0,0.0
Oscar LOPEZ,Colombia,3,1,0,0,0,0,0,0,3,0,0,0,0.0,0.0
Oscar ORTIZ,Argentina,7,1,0,0,0,0,0,0,4,3,0,0,0.0,0.0
Kjetil REKDAL,Norway,4,1,0,0,2,0,0,0,4,0,1,0,0.0,0.5
Oscar MAS,Argentina,4,1,0,0,0,0,0,0,4,0,0,0,0.0,0.0
Klas INGESSON,Sweden,10,2,0,0,1,0,0,0,10,0,0,0,0.0,0.1
Klaus AUGENTHALER,West Germany,14,2,0,0,0,0,0,0,9,5,0,0,0.0,0.0
Klaus BERGGREEN,Denmark,4,1,0,0,1,0,0,0,3,1,0,0,0.0,0.25
Klaus FICHTEL,West Germany,6,1,0,0,0,0,0,0,5,1,0,0,0.0,0.0
Klaus LINDENBERGER,Austria,8,2,0,0,1,0,0,0,3,5,0,0,0.0,0.125
Oscar AGUILERA,Paraguay,3,1,0,0,0,0,0,0,0,3,0,0,0.0,0.0
Klaus-Dieter SIELOFF,West Germany,12,2,0,0,0,0,0,0,0,12,0,0,0.0,0.0
Oscar GARRE,Argentina,7,1,0,0,2,0,0,0,4,3,0,0,0.0,0.286
Oscar CORTES,Colombia,3,1,0,0,0,0,0,0,0,3,0,0,0.0,0.0
Oscar CALICS,Argentina,4,1,0,0,0,0,0,0,1,3,0,0,0.0,0.0
Knut HANSSON,Sweden,3,1,0,0,0,0,0,0,0,3,0,0,0.0,0.0
Oscar BONFIGLIO,Mexico,3,1,0,0,0,0,0,0,2,1,0,0,0.0,0.0
Oscar ARIZAGA,Peru,3,1,0,0,0,0,0,0,0,3,0,0,0.0,0.0
Krister KIRSTERSSON,Sweden,3,1,0,0,0,0,0,0,0,3,0,0,0.0,0.0
Omar CAETANO,Uruguay,10,2,0,0,0,0,0,0,4,6,0,0,0.0,0.0
OSTERC,Slovenia,3,1,0,0,0,0,0,0,2,1,0,0,0.0,0.0
Olle NORDIN,Sweden,3,1,0,0,0,0,0,0,1,2,0,0,0.0,0.0
Oldrich RULC,Czechoslovakia,3,1,0,0,0,0,0,0,2,1,0,0,0.0,0.0
L GUSTAVO,Brazil,7,1,0,0,2,0,0,0,6,1,0,0,0.0,0.286
L MICHEL,Mexico,4,1,0,0,0,0,0,0,0,4,0,0,0.0,0.0
Olaf THON,West Germany,19,3,0,0,0,0,0,0,4,15,0,0,0.0,0.0
L. FERDINAND,England,4,1,0,0,0,0,0,0,0,4,0,0,0.0,0.0
Olaf MARSCHALL,Germany,5,1,0,0,0,0,0,0,0,5,0,0,0.0,0.0
Olaf HEREDIA,Mexico,5,1,0,0,0,0,0,0,0,5,0,0,0.0,0.0
L. HERNANDEZ,Mexico,4,1,0,0,1,0,0,0,0,4,0,0,0.0,0.25
Ola By RISE,Norway,3,1,0,0,0,0,0,0,0,3,0,0,0.0,0.0
Ohman CHEHAIBI,Tunisia,3,1,0,0,0,0,0,0,0,3,0,0,0.0,0.0
Ognjen PETROVIC,Yugoslavia,6,1,0,0,0,0,0,0,0,6,0,0,0.0,0.0
L. JACOBSEN,Denmark,3,1,0,0,0,0,0,0,3,0,0,0,0.0,0.0
Odilon POLLEUNIS,Belgium,3,1,0,0,0,0,0,0,1,2,0,0,0.0,0.0
L. PEREZ,Mexico,4,1,0,0,2,1,1,0,1,3,0,0,0.0,0.75
OWUSU ABEYIE,Ghana,5,1,0,0,0,0,0,0,0,5,0,0,0.0,0.0
OWU,Ghana,4,1,0,0,0,0,0,0,0,4,0,0,0.0,0.0
OVERMARS,Netherlands,5,1,0,0,0,0,0,0,4,1,0,0,0.0,0.0
Ole QVIST,Denmark,4,1,0,0,0,0,0,0,0,4,0,0,0.0,0.0
Kyriakos KARATAIDIS,Greece,3,1,0,0,0,0,0,0,1,2,0,0,0.0,0.0
Oleg KUZNETSOV,Soviet Union,7,2,0,0,0,0,0,1,7,0,0,0,0.0,0.0
Oliver KAHN,Germany,10,2,0,0,0,0,0,0,0,10,0,0,0.0,0.0
Krzysztof PAWLAK,Poland,4,1,0,0,0,0,0,0,2,2,0,0,0.0,0.0
Olle KALLGREN,Sweden,3,1,0,0,0,0,0,0,2,1,0,0,0.0,0.0
Olle HAKANSSON,Sweden,6,1,0,0,0,0,0,0,0,6,0,0,0.0,0.0
Kurt AMBRUSTER,Switzerland,3,1,0,0,0,0,0,0,2,1,0,0,0.0,0.0
Olle AHLUND,Sweden,5,1,0,0,0,0,0,0,0,5,0,0,0.0,0.0
Kurt AXELSSON,Sweden,3,1,0,0,0,0,0,0,3,0,0,0,0.0,0.0
Olivier ROUYER,France,3,1,0,0,0,0,0,0,1,2,0,0,0.0,0.0
Oliver EGGIMANN,Switzerland,7,2,0,0,0,0,0,0,6,1,0,0,0.0,0.0
Kurt WELZL,Austria,5,1,0,0,0,0,0,0,0,5,0,0,0.0,0.0
Kurt JARA,Austria,11,2,0,0,0,0,0,0,5,6,0,0,0.0,0.0
Kurt REY,Switzerland,3,1,0,0,0,0,0,0,0,3,0,0,0.0,0.0
Kurt RUSS,Austria,3,1,0,0,0,0,0,0,2,1,0,0,0.0,0.0
Kurt SCHMIED,Austria,8,2,0,0,0,0,0,1,5,3,0,0,0.0,0.0
Kurt STETTLER,Switzerland,3,1,0,0,0,0,0,0,0,3,0,0,0.0,0.0
Oleg ROMANTSEV,Soviet Union,5,1,0,0,0,0,0,0,0,5,0,0,0.0,0.0
Kurt SVANSTROM,Sweden,3,1,0,0,0,0,0,1,3,0,0,0,0.0,0.0
Oscar PEREZ,Mexico,4,1,0,0,0,0,0,0,0,4,0,0,0.0,0.0
Oscar RAMIREZ,Costa Rica,4,1,0,0,0,0,0,0,4,0,0,0,0.0,0.0
Oscar ROJAS,Chile,3,1,0,0,0,0,0,0,0,3,0,0,0.0,0.0
Oscar ROSSI,Argentina,3,1,0,0,0,0,0,0,1,2,0,0,0.0,0.0
P.FERREIRA,Portugal,7,1,0,0,1,0,0,0,1,6,0,0,0.0,0.143
P. URRUTIA,Ecuador,4,1,0,0,0,0,0,0,0,4,0,0,0.0,0.0
P. SUNG HYOK,North Korea,3,1,0,0,0,0,0,0,0,3,0,0,0.0,0.0
P. SOUSA,Portugal,3,1,0,0,0,0,0,0,0,3,0,0,0.0,0.0
P. SANTOS,Portugal,7,1,0,0,0,0,0,0,0,7,0,0,0.0,0.0
P. PARDO,Mexico,4,1,0,0,0,0,0,0,4,0,0,0,0.0,0.0
P. NAM CHOL,North Korea,3,1,0,0,0,0,0,0,3,0,0,0,0.0,0.0
Kent KARLSSON,Sweden,9,2,0,0,0,0,0,0,6,3,0,0,0.0,0.0
P. MENDES,Portugal,4,1,0,0,1,0,0,0,2,2,0,0,0.0,0.25
P. FERREIRA,Portugal,4,1,0,0,0,0,0,0,1,3,0,0,0.0,0.0
P. DJORDJEVIC,Serbia and Montenegro,3,1,0,0,0,0,0,0,3,0,0,0,0.0,0.0
P. CHOL JIN,North Korea,3,1,0,0,1,0,0,0,3,0,0,0,0.0,0.333
P. BROUMAND,Iran,3,1,0,0,0,0,0,0,0,3,0,0,0.0,0.0
P. BENTO,Portugal,3,1,0,0,0,0,0,0,2,1,0,0,0.0,0.0
Kent NIELSEN,Denmark,4,1,0,0,0,0,0,0,0,4,0,0,0.0,0.0
Kerry DIXON,England,5,1,0,0,0,0,0,0,0,5,0,0,0.0,0.0
Kevin GALLACHER,Scotland,3,1,0,0,1,0,0,0,3,0,0,0,0.0,0.333
P.GARCIA,Uruguay,3,1,0,0,2,0,0,0,3,0,0,0,0.0,0.667
Kenny SANSOM,England,10,2,0,0,0,0,0,0,9,1,0,0,0.0,0.0
P.M. DIOP,Senegal,5,1,0,0,0,0,0,1,5,0,0,0,0.0,0.0
PAINTSIL,Ghana,4,1,0,0,1,0,0,0,4,0,0,0,0.0,0.25
PALENCIA,Mexico,4,1,0,0,0,0,0,0,2,2,0,0,0.0,0.0
PALACIOS,Colombia,3,1,0,0,0,0,0,0,3,0,0,0,0.0,0.0
PALACIO,Argentina,12,2,0,0,0,0,0,0,0,12,0,0,0.0,0.0
Ken ARMSTRONG,England,3,1,0,0,0,0,0,0,0,3,0,0,0.0,0.0
PAK Li Sup,North Korea,4,1,0,0,0,0,0,0,2,2,0,0,0.0,0.0
Ken GREEN,England,3,1,0,0,0,0,0,0,0,3,0,0,0.0,0.0
Ken JONES,Wales,5,1,0,0,0,0,0,0,0,5,0,0,0.0,0.0
Ken LEEK,Wales,5,1,0,0,0,0,0,0,0,5,0,0,0.0,0.0
P.MONTERO,Uruguay,3,1,0,0,1,0,0,3,3,0,0,0,0.0,0.333
PAGLIUCA,Italy,7,1,0,0,0,1,1,0,5,2,0,0,0.0,0.143
PADALINO,Switzerland,3,1,0,0,0,0,0,0,0,3,0,0,0.0,0.0
Kenny BURNS,Scotland,3,1,0,0,0,0,0,0,2,1,0,0,0.0,0.0
Kenny CRESSWELL,New Zealand,3,1,0,0,0,0,0,0,3,0,0,0,0.0,0.0
PACHIN,Spain,3,1,0,0,0,0,0,0,2,1,0,0,0.0,0.0
PACHECO,Portugal,3,1,0,0,1,0,0,0,3,0,0,0,0.0,0.333
PABLO,Spain,4,1,0,0,0,0,0,0,3,1,0,0,0.0,0.0
P. BARBOSA,Portugal,3,1,0,0,0,0,0,0,0,3,0,0,0.0,0.0
Kevin KEEGAN,England,5,1,0,0,0,0,0,0,0,5,0,0,0.0,0.0
P. AMBROSI,Ecuador,4,1,0,0,0,0,0,0,1,3,0,0,0.0,0.0
Kilasu MASSAMBA,Zaire,3,1,0,0,0,0,0,0,2,1,0,0,0.0,0.0
Oszkar SZIGETI,Hungary,4,1,0,0,0,0,0,0,0,4,0,0,0.0,0.0
Kidumu MANTANTU,Zaire,3,1,0,0,1,0,0,3,3,0,0,0,0.0,0.333
Osvaldo SAEZ,Chile,3,1,0,0,0,0,0,0,0,3,0,0,0.0,0.0
Osvaldo RAMIREZ,Peru,4,1,0,0,0,0,0,0,0,4,0,0,0.0,0.0
Osvaldo FATTORI,Italy,2,1,0,0,0,0,0,0,1,1,0,0,0.0,0.0
Osvaldo CRUZ,Argentina,3,1,0,0,0,0,0,0,2,1,0,0,0.0,0.0
Osvaldo CASTRO,Chile,3,1,0,0,0,0,0,0,0,3,0,0,0.0,0.0
Kiril DOJCINOVSKI,Yugoslavia,6,1,0,0,0,0,0,0,0,6,0,0,0.0,0.0
Kibonge MAFU,Zaire,3,1,0,0,0,0,0,0,1,2,0,0,0.0,0.0
Kiril IVKOV,Bulgaria,3,1,0,0,0,0,0,0,3,0,0,0,0.0,0.0
Kiril MILANOV,Bulgaria,3,1,0,0,0,0,0,0,0,3,0,0,0.0,0.0
Oskar RAUCH,Switzerland,3,1,0,0,0,0,0,0,0,3,0,0,0.0,0.0
Oscar ZUBIA,Uruguay,6,1,0,0,0,0,0,0,1,5,0,0,0.0,0.0
Oscar WIRTH,Chile,3,1,0,0,0,0,0,0,0,3,0,0,0.0,0.0
Oscar SANCHEZ,Bolivia,3,1,0,0,0,0,0,0,0,3,0,0,0.0,0.0
Kiril RAKAROV,Bulgaria,3,1,0,0,0,0,0,2,2,1,0,0,0.0,0.0
Otakar NOZIR,Czechoslovakia,3,1,0,0,0,0,0,0,0,3,0,0,0.0,0.0
Otto ANDERSSON,Sweden,2,1,0,0,0,0,0,0,0,2,0,0,0.0,0.0
P. AGUILAR,Mexico,4,1,0,0,2,0,0,0,4,0,0,0,0.0,0.5
Ovidiu STANGA,Romania,9,2,0,0,0,0,0,0,0,9,0,0,0.0,0.0
P YANG,China PR,3,1,0,0,1,0,0,0,1,2,0,0,0.0,0.333
Kevin MORAN,Ireland,9,2,0,0,1,0,0,0,5,4,0,0,0.0,0.111
P BARRERA,Mexico,4,1,0,0,0,0,0,0,0,4,0,0,0.0,0.0
P AGUILAR,Mexico,4,1,0,0,0,0,0,0,1,3,0,0,0.0,0.0
Khaled BADRA,Tunisia,3,1,0,0,0,0,0,0,1,2,0,0,0.0,0.0
Oyvind LEONHARDSEN,Norway,4,1,0,0,1,0,0,0,3,1,0,0,0.0,0.25
Khaled GASMI,Tunisia,3,1,0,0,0,0,0,0,2,1,0,0,0.0,0.0
Ove OHLSSON,Sweden,6,1,0,0,0,0,0,0,0,6,0,0,0.0,0.0
Otto BUEHLER,Switzerland,2,1,0,0,0,0,0,0,0,2,0,0,0.0,0.0
Ove KINDVALL,Sweden,9,2,0,0,0,0,0,0,5,4,0,0,0.0,0.0
Khalil AZMI,Morocco,3,1,0,0,0,0,0,1,2,1,0,0,0.0,0.0
Ottorino SARTOR,Peru,6,1,0,0,0,0,0,0,0,6,0,0,0.0,0.0
Khamis AL DOSSARI,Saudi Arabia,3,1,0,0,1,0,0,0,3,0,0,0,0.0,0.333
Khemais LABIDI,Tunisia,3,1,0,0,0,0,0,0,2,1,0,0,0.0,0.0
Otto KONRAD,Austria,3,1,0,0,0,0,0,0,0,3,0,0,0.0,0.0
Otto HEMELE,Czechoslovakia,2,1,0,0,0,0,0,0,2,0,0,0,0.0,0.0
OTAMENDI,Argentina,5,1,0,0,1,0,0,0,3,2,0,0,0.0,0.2
OSPINA,Colombia,5,1,0,0,0,0,0,1,5,0,0,0,0.0,0.0
Nico VAN KERCKHOVEN,Belgium,3,1,0,0,0,0,0,0,1,2,0,0,0.0,0.0
Nobby STILES,England,10,2,0,0,1,0,0,0,6,4,0,0,0.0,0.1
Norman HUNTER,England,10,2,0,0,0,0,0,0,0,10,0,0,0.0,0.0
LEE Sang Yi,South Korea,2,1,0,0,0,0,0,0,0,2,0,0,0.0,0.0
Norio OMURA,Japan,3,1,0,0,0,0,0,0,1,2,0,0,0.0,0.0
Nordine KOURICHI,Algeria,6,2,0,0,0,0,0,0,5,1,0,0,0.0,0.0
N. JENSEN,Denmark,4,1,0,0,1,0,0,0,2,2,0,0,0.0,0.25
LEE Sang Yoon,South Korea,3,1,0,0,0,0,0,0,0,3,0,0,0.0,0.0
Norberto BOGGIO,Argentina,3,1,0,0,0,0,0,0,1,2,0,0,0.0,0.0
LEE Tae Ho,South Korea,6,2,0,0,0,0,0,0,0,6,0,0,0.0,0.0
LEE Woonjae,South Korea,3,1,0,0,0,0,0,0,0,3,0,0,0.0,0.0
LEE Young Jin,South Korea,6,2,0,0,0,0,0,0,4,2,0,0,0.0,0.0
LEHMANN,Germany,14,2,0,0,0,0,0,0,6,8,0,0,0.0,0.0
LEIGHTON,Scotland,3,1,0,0,0,0,0,0,3,0,0,0,0.0,0.0
Norberto ALONSO,Argentina,7,1,0,0,0,0,0,0,0,7,0,0,0.0,0.0
Norbert NIGBUR,West Germany,7,1,0,0,0,0,0,0,0,7,0,0,0.0,0.0
Norbert ESCHMANN,Switzerland,7,2,0,0,0,0,0,0,2,5,0,0,0.0,0.0
Norbert EDER,West Germany,7,1,0,0,1,0,0,0,7,0,0,0,0.0,0.143
Noel BROTHERSTON,Northern Ireland,5,1,0,0,0,0,0,0,0,5,0,0,0.0,0.0
LEE S. H.,South Korea,3,1,0,0,0,0,0,0,1,2,0,0,0.0,0.0
Norman UPRICHARD,Northern Ireland,5,1,0,0,0,0,0,0,1,4,0,0,0.0,0.0
LEE M. S.,South Korea,3,1,0,0,2,0,0,0,3,0,0,0,0.0,0.667
LEE J. Y.,South Korea,3,1,0,0,0,0,0,0,2,1,0,0,0.0,0.0
O. CHAVEZ,Honduras,3,1,0,0,0,0,0,0,0,3,0,0,0.0,0.0
O. AL-DOSARY,Saudi Arabia,3,1,0,0,0,0,0,0,0,3,0,0,0.0,0.0
O'BRIEN,USA,3,1,0,0,0,0,0,0,0,3,0,0,0.0,0.0
LEE Chang Myung,North Korea,4,1,0,0,0,0,0,0,4,0,0,0,0.0,0.0
O PEREZ,Mexico,4,1,0,0,0,0,0,0,4,0,0,0,0.0,0.0
LEE D. G.,South Korea,3,1,0,0,0,0,0,0,0,3,0,0,0.0,0.0
LEE Heung Sil,South Korea,3,1,0,0,1,0,0,0,1,2,0,0,0.0,0.333
LEE Jong Uwa,South Korea,3,1,0,0,0,0,0,0,0,3,0,0,0.0,0.0
Nouma ANDOIRE,France,3,1,0,0,0,0,0,0,0,3,0,0,0.0,0.0
O ADDO,Ghana,4,1,0,0,1,0,0,0,1,3,0,0,0.0,0.25
Ntumba KALALA,Zaire,3,1,0,0,0,0,0,0,1,2,0,0,0.0,0.0
Novak TOMIC,Yugoslavia,4,1,0,0,0,0,0,0,2,2,0,0,0.0,0.0
Noureddine NAYBET,Morocco,3,1,0,0,0,0,0,3,3,0,0,0,0.0,0.0
LEE Keun Hak,North Korea,4,1,0,0,0,0,0,0,0,4,0,0,0.0,0.0
LEE L. S.,South Korea,3,1,0,0,1,0,0,0,0,3,0,0,0.0,0.333
Noureddine BOUYAHYAOUI,Morocco,4,1,0,0,0,0,0,0,4,0,0,0,0.0,0.0
Nobuyuki KOJIMA,Japan,3,1,0,0,0,0,0,0,0,3,0,0,0.0,0.0
LEIVINHA,Brazil,7,1,0,0,0,0,0,0,3,4,0,0,0.0,0.0
OSHANIWA,Nigeria,4,1,0,0,1,0,0,0,4,0,0,0,0.0,0.25
Nisa SAVELJIC,Yugoslavia,4,1,0,0,0,0,0,0,0,4,0,0,0.0,0.0
Nikola KOTKOV,Bulgaria,3,1,0,0,0,0,0,0,1,2,0,0,0.0,0.0
Nikola JOVANOVIC,Yugoslavia,3,1,0,0,0,0,0,0,3,0,0,0,0.0,0.0
LESMES II,Spain,6,1,0,0,0,0,0,0,0,6,0,0,0.0,0.0
LETSHOLONYANE,South Africa,3,1,0,0,0,0,0,0,2,1,0,0,0.0,0.0
LEWANDOWSKI,Poland,3,1,0,0,0,0,0,0,0,3,0,0,0.0,0.0
Nigel WORTHINGTON,Northern Ireland,3,1,0,0,1,0,0,0,2,1,0,0,0.0,0.333
LEWIS,USA,8,2,0,0,2,0,0,0,4,4,0,0,0.0,0.25
Nigel MARTYN,England,4,1,0,0,0,0,0,0,0,4,0,0,0.0,0.0
Niculae PESCARU,Romania,3,1,0,0,0,0,0,0,0,3,0,0,0.0,0.0
Nicolas FUENTES,Peru,4,1,0,0,0,0,0,0,4,0,0,0,0.0,0.0
Nicolas DEWALQUE,Belgium,3,1,0,0,0,0,0,0,3,0,0,0,0.0,0.0
Nicolai KISELYOV,Soviet Union,4,1,0,0,0,0,0,0,0,4,0,0,0.0,0.0
Nicolae LUPESCU,Romania,3,1,0,0,0,0,0,0,3,0,0,0,0.0,0.0
LI Chi An,North Korea,4,1,0,0,0,0,0,0,0,4,0,0,0.0,0.0
Nicolae DOBRIN,Romania,3,1,0,0,0,0,0,0,0,3,0,0,0.0,0.0
Nicola BERTI,Italy,14,2,0,0,2,0,0,0,8,6,0,0,0.0,0.143
LI Jong Kap,South Korea,2,1,0,0,0,0,0,0,1,1,0,0,0.0,0.0
Nikola KOVACHEV,Bulgaria,3,1,0,0,0,0,0,1,3,0,0,0,0.0,0.0
Nikola PARCHANOV,Bulgaria,3,1,0,0,0,0,0,0,0,3,0,0,0.0,0.0
Nikola RADOVIC,Yugoslavia,4,1,0,0,0,0,0,0,0,4,0,0,0.0,0.0
Nikolai MANOSHIN,Soviet Union,4,1,0,0,0,0,0,0,0,4,0,0,0.0,0.0
LEKGETHO,South Africa,3,1,0,0,0,0,0,0,0,3,0,0,0.0,0.0
Nils ROSEN,Sweden,2,1,0,0,0,0,0,2,2,0,0,0,0.0,0.0
LENNON,England,9,2,0,0,0,0,0,0,2,7,0,0,0.0,0.0
Nils AXELSSON,Sweden,2,1,0,0,0,0,0,0,2,0,0,0,0.0,0.0
Nikos TSIANTAKIS,Greece,3,1,0,0,0,0,0,0,1,2,0,0,0.0,0.0
Nikos NIOPLIAS,Greece,3,1,0,0,0,0,0,0,3,0,0,0,0.0,0.0
Nikos MACHLAS,Greece,3,1,0,0,0,0,0,0,3,0,0,0,0.0,0.0
Nikolai LARIONOV,Soviet Union,4,1,0,0,0,0,0,0,2,2,0,0,0.0,0.0
Nikola STIPIC,Yugoslavia,6,1,0,0,0,0,0,0,0,6,0,0,0.0,0.0
Nikolai ILIEV,Bulgaria,7,1,0,0,0,0,0,0,0,7,0,0,0.0,0.0
LENS,Netherlands,7,1,0,0,0,0,0,0,1,6,0,0,0.0,0.0
LEONARDO,Brazil,14,2,0,0,1,1,1,0,10,4,0,0,0.0,0.143
Nikolai ARABOV,Bulgaria,4,1,0,0,1,0,0,0,3,1,0,0,0.0,0.25
LEONHARDSEN,Norway,3,1,0,0,1,0,0,0,3,0,0,0,0.0,0.333
LEONI,Switzerland,3,1,0,0,0,0,0,0,0,3,0,0,0.0,0.0
Nikolaas HOYDONCKX,Belgium,2,1,0,0,0,0,0,0,2,0,0,0,0.0,0.0
LECKIE,Australia,3,1,0,0,0,0,0,0,3,0,0,0,0.0,0.0
O. PEREZ,Mexico,4,1,0,0,1,0,0,0,4,0,0,0,0.0,0.25
O. SANCHEZ,Mexico,8,2,0,0,0,0,0,0,4,4,0,0,0.0,0.0
OAR,Australia,3,1,0,0,0,0,0,0,3,0,0,0,0.0,0.0
ONOPKO,Russia,3,1,0,0,0,0,0,3,3,0,0,0,0.0,0.0
ONO,Japan,7,2,0,0,0,0,0,0,4,3,0,0,0.0,0.0
ONAZI,Nigeria,4,1,0,0,0,0,0,0,4,0,0,0,0.0,0.0
LANDZAAT,Netherlands,4,1,0,0,0,0,0,0,0,4,0,0,0.0,0.0
OMERUO,Nigeria,4,1,0,0,1,0,0,0,4,0,0,0,0.0,0.25
OMER,Turkey,7,1,0,0,0,0,0,0,0,7,0,0,0.0,0.0
LANG,Switzerland,4,1,0,0,0,0,0,0,0,4,0,0,0.0,0.0
OMAR,Saudi Arabia,5,2,0,0,1,0,0,0,2,3,0,0,0.0,0.2
LANGERAK,Australia,3,1,0,0,0,0,0,0,0,3,0,0,0.0,0.0
OLUFADE,Togo,3,1,0,0,0,0,0,0,0,3,0,0,0.0,0.0
LARA,Mexico,4,1,0,0,0,0,0,0,2,2,0,0,0.0,0.0
OLSEN,USA,3,1,0,0,0,0,0,0,0,3,0,0,0.0,0.0
LARSEN,Denmark,3,1,0,0,0,0,0,0,0,3,0,0,0.0,0.0
OLIVEIRA,Portugal,6,2,0,0,0,0,0,0,6,0,0,0,0.0,0.0
OLISEH,Nigeria,4,1,0,0,2,0,0,0,4,0,0,0,0.0,0.5
LATAPY,Trinidad and Tobago,3,1,0,0,0,0,0,0,0,3,0,0,0.0,0.0
OLINGA,Cameroon,3,1,0,0,0,0,0,0,0,3,0,0,0.0,0.0
ONYEWU,USA,7,2,0,0,1,0,0,0,5,2,0,0,0.0,0.143
OOIJER,Netherlands,11,2,0,0,2,0,0,0,5,6,0,0,0.0,0.182
OPABUNMI,Nigeria,3,1,0,0,0,0,0,0,1,2,0,0,0.0,0.0
LALLANA,England,3,1,0,0,1,0,0,0,1,2,0,0,0.0,0.333
OSCARINO,Brazil,2,1,0,0,0,0,0,0,0,2,0,0,0.0,0.0
LACEN,Algeria,7,2,0,0,2,0,0,0,4,3,0,0,0.0,0.286
LAFUENTE,Spain,3,1,0,0,0,0,0,0,2,1,0,0,0.0,0.0
OSAKO,Japan,3,1,0,0,0,0,0,0,2,1,0,0,0.0,0.0
LAIFAOUI,Algeria,3,1,0,0,0,0,0,0,0,3,0,0,0.0,0.0
LALAS,USA,4,1,0,0,1,0,0,0,4,0,0,0,0.0,0.25
ORTIGOZA,Paraguay,5,1,0,0,0,0,0,0,1,4,0,0,0.0,0.0
ORTEGA,Argentina,7,2,0,0,0,0,0,0,4,3,0,1,0.0,0.0
ORECO,Brazil,6,1,0,0,0,0,0,0,0,6,0,0,0.0,0.0
LAM,Angola,3,1,0,0,0,0,0,0,0,3,0,0,0.0,0.0
LAMBERT,England,3,1,0,0,0,0,0,0,0,3,0,0,0.0,0.0
ORLANDO,Brazil,9,2,0,0,0,0,0,1,7,2,0,0,0.0,0.0
LAMPARD,England,12,3,0,0,1,0,0,1,10,2,0,0,0.0,0.083
ORION,Argentina,7,1,0,0,0,0,0,0,0,7,0,0,0.0,0.0
LANDREAU,France,12,2,0,0,0,0,0,0,0,12,0,0,0.0,0.0
ORELLANA,Chile,8,2,0,0,0,0,0,0,0,8,0,0,0.0,0.0
LAUDRUP M.,Denmark,5,1,0,0,0,0,0,5,5,0,1,0,0.0,0.0
OLEMBE,Cameroon,3,1,0,0,1,0,0,0,2,1,0,0,0.0,0.333
OLEMB,Cameroon,3,1,0,0,0,0,0,0,2,1,0,0,0.0,0.0
OBID ANNAD,Iraq,3,1,0,0,0,0,0,0,1,2,0,0,0.0,0.0
LAZAROS,Greece,4,1,0,0,0,0,0,0,2,2,0,0,0.0,0.0
OBREGON,Ecuador,3,1,0,0,0,0,0,0,3,0,0,0,0.0,0.0
OBRADOVI?,Serbia,3,1,0,0,0,0,0,0,1,2,0,0,0.0,0.0
OBOABONA,Nigeria,4,1,0,0,0,0,0,0,1,3,0,0,0.0,0.0
OBIORAH,Nigeria,3,1,0,0,0,0,0,0,1,2,0,0,0.0,0.0
OBINNA,Nigeria,3,1,0,0,0,0,0,0,1,2,0,0,0.0,0.0
OBILALE K.,Togo,3,1,0,0,0,0,0,0,0,3,0,0,0.0,0.0
OBASI,Nigeria,3,1,0,0,2,0,0,0,2,1,0,0,0.0,0.667
LAZARIDIS,Australia,4,1,0,0,0,0,0,0,0,4,0,0,0.0,0.0
LAZOVI?,Serbia,3,1,0,0,0,0,0,0,0,3,0,0,0.0,0.0
LCIO,Brazil,10,2,0,0,1,0,0,5,10,0,0,0,0.0,0.1
OBAID,Saudi Arabia,3,1,0,0,0,0,0,0,1,2,0,0,0.0,0.0
LEANDRO,Brazil,5,1,0,0,0,0,0,0,5,0,0,0,0.0,0.0
LEAO,Brazil,25,4,0,0,0,0,0,6,14,11,0,0,0.0,0.0
LEBO LEBO,Angola,3,1,0,0,0,0,0,0,0,3,0,0,0.0,0.0
LEBOEUF,France,3,1,0,0,0,0,0,0,2,1,0,0,0.0,0.0
ODDO,Italy,7,1,0,0,0,0,0,0,0,7,0,0,0.0,0.0
LAWRENCE,Trinidad and Tobago,3,1,0,0,0,0,0,0,3,0,0,0,0.0,0.0
OKUBO,Japan,7,2,0,0,0,0,0,0,6,1,0,0,0.0,0.0
OH Yun Kyo,South Korea,3,1,0,0,0,0,0,0,3,0,0,0,0.0,0.0
OKPARA W.,Nigeria,4,1,0,0,0,0,0,0,0,4,0,0,0.0,0.0
LAUREN,Cameroon,3,1,0,0,1,0,0,0,3,0,0,0,0.0,0.333
LAURSEN,Denmark,4,1,0,0,1,0,0,0,4,0,0,0,0.0,0.25
OKPARA G.,Nigeria,4,1,0,0,0,0,0,0,0,4,0,0,0.0,0.0
OKORONKWO,Nigeria,3,1,0,0,0,0,0,0,3,0,0,0,0.0,0.0
OKOCHA,Nigeria,7,2,0,0,0,0,0,3,4,3,0,0,0.0,0.0
OKAN,Turkey,7,1,0,0,0,0,0,0,0,7,0,0,0.0,0.0
OH Yoon Kyung,North Korea,4,1,0,0,0,0,0,0,3,1,0,0,0.0,0.0
LAWAL,Nigeria,3,1,0,0,0,0,0,0,1,2,0,0,0.0,0.0
OGURO,Japan,3,1,0,0,0,0,0,0,0,3,0,0,0.0,0.0
OGBECHE,Nigeria,3,1,0,0,0,0,0,0,2,1,0,0,0.0,0.0
OGASAWARA,Japan,7,2,0,0,0,0,0,0,2,5,0,0,0.0,0.0
LAVEZZI,Argentina,7,1,0,0,0,0,0,0,4,3,0,0,0.0,0.0
ODUNLAMI,Nigeria,4,1,0,0,0,0,0,0,0,4,0,0,0.0,0.0
ODONKOR,Germany,7,1,0,0,2,0,0,0,0,7,0,0,0.0,0.286
ODIAH,Nigeria,3,1,0,0,0,0,0,0,3,0,0,0,0.0,0.0
Len ALLCHURCH,Wales,5,1,0,0,0,0,0,0,0,5,0,0,0.0,0.0
Libor RADIMEC,Czechoslovakia,3,1,0,0,0,0,0,0,2,1,0,0,0.0,0.0
Len GRAHAM,Northern Ireland,5,1,0,0,0,0,0,0,0,5,0,0,0.0,0.0
MALM,Togo,3,1,0,0,0,0,0,0,0,3,0,0,0.0,0.0
Marc HOTTIGER,Switzerland,4,1,0,0,1,0,0,0,4,0,0,0,0.0,0.25
Marc EMMERS,Belgium,8,2,0,0,0,0,0,0,4,4,0,0,0.0,0.0
MAHREZ,Algeria,4,1,0,0,0,0,0,0,1,3,0,0,0.0,0.0
Marc BAECKE,Belgium,5,1,0,0,0,0,0,0,3,2,0,0,0.0,0.0
MAJDAN,Poland,3,1,0,0,1,0,0,0,1,2,0,0,0.0,0.333
MAKELELE,France,10,2,0,0,2,0,0,0,8,2,0,0,0.0,0.2
Manuel ROJAS,Chile,3,1,0,0,0,0,0,0,0,3,0,0,0.0,0.0
Manuel RODRIGUEZ,Chile,6,1,0,0,0,0,0,0,2,4,0,0,0.0,0.0
MAKI,Japan,3,1,0,0,0,0,0,0,1,2,0,0,0.0,0.0
Manuel NAJERA,Mexico,3,1,0,0,0,0,0,0,0,3,0,0,0.0,0.0
MAKOUN,Cameroon,6,2,0,0,0,0,0,0,2,4,0,0,0.0,0.0
Manuel MUNOZ,Chile,3,1,0,0,0,0,0,0,2,1,0,0,0.0,0.0
MALDINI,Italy,11,2,0,0,1,0,0,8,11,0,0,0,0.0,0.091
Manuel MACHUCA,Chile,3,1,0,0,0,0,0,0,1,2,0,0,0.0,0.0
MALEK,Saudi Arabia,3,1,0,0,0,0,0,0,0,3,0,0,0.0,0.0
Manuel JIMENEZ,Spain,9,2,0,0,1,0,0,0,1,8,0,0,0.0,0.111
MALEZAS,Greece,3,1,0,0,0,0,0,0,0,3,0,0,0.0,0.0
Marc MILLECAMPS,Belgium,5,1,0,0,0,0,0,0,0,5,0,0,0.0,0.0
MAHOUV,Cameroon,3,1,0,0,0,0,0,0,1,2,0,0,0.0,0.0
MAHMOUD SHAKER,Iraq,3,1,0,0,0,0,0,0,0,3,0,0,0.0,0.0
Marcel CAPELLE,France,3,1,0,0,0,0,0,0,3,0,0,0,0.0,0.0
Marcel VONLANTHEN,Switzerland,3,1,0,0,0,0,0,0,0,3,0,0,0.0,0.0
Marcel PINEL,France,3,1,0,0,0,0,0,0,3,0,0,0,0.0,0.0
Marcel MAURON,Switzerland,4,1,0,0,0,0,0,0,0,4,0,0,0.0,0.0
MACHADO,Brazil,5,1,0,0,0,1,1,0,4,1,0,0,0.0,0.2
Marcel FLUECKIGER,Switzerland,4,1,0,0,0,0,0,0,1,3,0,0,0.0,0.0
Marcel DRIES,Belgium,2,1,0,0,0,0,0,0,2,0,0,0,0.0,0.0
Marcel DESAILLY,France,7,1,0,0,2,1,1,0,7,0,0,0,0.0,0.429
MADSEN,Denmark,4,1,0,0,0,0,0,0,0,4,0,0,0.0,0.0
Marc VAN DER LINDEN,Belgium,4,1,0,0,0,0,0,0,1,3,0,0,0.0,0.0
Marcel AUBOUR,France,3,1,0,0,0,0,0,0,3,0,0,0,0.0,0.0
Marcel ARTELESA,France,3,1,0,0,0,0,0,3,3,0,0,0,0.0,0.0
Marc-Vivien FOE,Cameroon,3,1,0,0,0,0,0,0,3,0,0,0,0.0,0.0
MADURO,Netherlands,4,1,0,0,0,0,0,0,0,4,0,0,0.0,0.0
MAGGIO,Italy,3,1,0,0,0,0,0,0,0,3,0,0,0.0,0.0
PALETTA,Italy,3,1,0,0,0,0,0,0,1,2,0,0,0.0,0.0
MAGNIN,Switzerland,7,2,0,0,1,0,0,0,3,4,0,0,0.0,0.143
Manuel GUTIERREZ,Mexico,3,1,0,0,0,0,0,0,2,1,0,0,0.0,0.0
Manuel GAVILAN,Paraguay,2,1,0,0,0,0,0,0,2,0,0,0,0.0,0.0
Marcelo BALBOA,USA,6,2,0,0,0,0,0,0,2,4,0,0,0.0,0.0
Manuel FERREIRA,Argentina,5,1,0,0,0,0,0,4,4,1,0,0,0.0,0.0
MANGALA,France,5,1,0,0,0,0,0,0,0,5,0,0,0.0,0.0
Mahdi CERBAH,Algeria,3,1,0,0,0,0,0,0,3,0,0,0,0.0,0.0
Mahboud MUBARAK,Kuwait,3,1,0,0,0,0,0,0,3,0,0,0,0.0,0.0
Magnus HEDMAN,Sweden,7,1,0,0,0,0,0,0,0,7,0,0,0.0,0.0
Magnus ERLINGMARK,Sweden,7,1,0,0,0,0,0,0,0,7,0,0,0.0,0.0
Magnus ANDERSSON,Sweden,3,1,0,0,0,0,0,0,0,3,0,0,0.0,0.0
Magdy TOLBA,Egypt,3,1,0,0,0,0,0,0,1,2,0,0,0.0,0.0
Magdy ABDELGHANY,Egypt,3,1,0,0,1,0,0,0,3,0,1,0,0.0,0.333
Magdaleno MERCADO,Mexico,3,1,0,0,0,0,0,0,2,1,0,0,0.0,0.0
Maad IBRAHIM,Iraq,3,1,0,0,0,0,0,0,1,2,0,0,0.0,0.0
MYRIE D.,Costa Rica,5,1,0,0,0,0,0,0,0,5,0,0,0.0,0.0
MANIATIS,Greece,4,1,0,0,0,0,0,0,4,0,0,0,0.0,0.0
MYOJIN,Japan,4,1,0,0,0,0,0,0,3,1,0,0,0.0,0.0
MANOELZINHO,Brazil,2,1,0,0,0,0,0,0,0,2,0,0,0.0,0.0
MANOLAS,Greece,4,1,0,0,1,0,0,0,4,0,0,0,0.0,0.25
MYKLAND,Norway,3,1,0,0,0,0,0,0,3,0,0,0,0.0,0.0
MUSTAFI,Germany,7,1,0,0,0,0,0,0,1,6,0,0,0.0,0.0
Mahmoud GUENDOUZ,Algeria,6,2,0,0,0,0,0,3,6,0,0,0,0.0,0.0
Maino NERI,Italy,3,1,0,0,0,0,0,0,2,1,0,0,0.0,0.0
Majed ABDULLAH,Saudi Arabia,4,1,0,0,0,0,0,2,2,2,0,0,0.0,0.0
Manfred ZSAK,Austria,3,1,0,0,2,0,0,0,2,1,0,0,0.0,0.667
Manuel CHORENS,Cuba,3,1,0,0,0,0,0,0,3,0,0,0,0.0,0.0
Manuel CAMACHO,Mexico,3,1,0,0,0,0,0,0,0,3,0,0,0.0,0.0
Manuel ASTORGA,Chile,6,1,0,0,0,0,0,0,0,6,0,0,0.0,0.0
MANDANDA,France,3,1,0,0,0,0,0,0,0,3,0,0,0.0,0.0
Manuel AMOROS,France,14,2,0,0,3,0,0,0,12,2,1,0,0.0,0.214
Manuel ALVAREZ,Chile,3,1,0,0,0,0,0,0,3,0,0,0,0.0,0.0
MANDI,Algeria,4,1,0,0,0,0,0,0,3,1,0,0,0.0,0.0
Manfred SCHAEFER,Australia,3,1,0,0,0,0,0,0,3,0,0,0,0.0,0.0
Majid BISHKAR,Iran,3,1,0,0,0,0,0,0,0,3,0,0,0.0,0.0
MANDJECK,Cameroon,3,1,0,0,0,0,0,0,0,3,0,0,0.0,0.0
Manfred MANGLITZ,West Germany,6,1,0,0,0,0,0,0,0,6,0,0,0.0,0.0
Manfred LINZMAIER,Austria,3,1,0,0,0,0,0,0,1,2,0,0,0.0,0.0
Manfred KALTZ,West Germany,13,2,0,0,0,0,0,1,13,0,0,0,0.0,0.0
Mana MAMBUENE,Zaire,3,1,0,0,0,0,0,0,3,0,0,0,0.0,0.0
Mal DONAGHY,Northern Ireland,8,2,0,0,1,1,1,0,7,1,0,0,0.0,0.25
MANGA,Brazil,3,1,0,0,0,0,0,0,1,2,0,0,0.0,0.0
Marcelino VARGAS,Paraguay,2,1,0,0,0,0,0,0,2,0,0,0,0.0,0.0
Marcelo DELGADO,Argentina,5,1,0,0,0,0,0,0,0,5,0,0,0.0,0.0
MUSLERA,Uruguay,7,1,0,0,0,0,0,0,7,0,0,0,0.0,0.0
M. PONCE,Mexico,4,1,0,0,0,0,0,0,0,4,0,0,0.0,0.0
Mario LEPE,Chile,6,1,0,0,0,0,0,0,0,6,0,0,0.0,0.0
M. MARTINEZ,Honduras,3,1,0,0,0,0,0,0,0,3,0,0,0.0,0.0
Mario HAAS,Austria,3,1,0,0,0,0,0,0,1,2,0,0,0.0,0.0
M. MENDEZ,Mexico,4,1,0,0,0,0,0,0,4,0,0,0,0.0,0.0
Mario GONZALEZ,Uruguay,3,1,0,0,0,0,0,0,0,3,0,0,0.0,0.0
Mario GENTA,Italy,4,1,0,0,0,0,0,0,0,4,0,0,0.0,0.0
M. MINAVAND,Iran,3,1,0,0,1,0,0,0,3,0,0,0,0.0,0.333
Mario GALINDO,Chile,6,2,0,0,0,0,0,0,1,5,0,0,0.0,0.0
M. NDIAYE,Senegal,5,1,0,0,0,0,0,0,2,3,0,0,0.0,0.0
M. PASHAZADEH,Iran,3,1,0,0,0,0,0,0,3,0,0,0,0.0,0.0
M. PEREIRA,Uruguay,4,1,0,0,0,1,1,0,2,2,0,0,0.0,0.25
M. PERNIA,Spain,4,1,0,0,0,0,0,0,3,1,0,0,0.0,0.0
Mario DE LAS CASAS,Peru,2,1,0,0,0,0,0,0,2,0,0,0,0.0,0.0
Mario DAVID,Italy,3,1,0,0,0,1,1,0,1,2,0,0,0.0,0.333
Mario CHALDU,Argentina,4,1,0,0,0,0,0,0,0,4,0,0,0.0,0.0
Mario CASTILLO,El Salvador,3,1,0,0,0,0,0,0,1,2,0,0,0.0,0.0
M. PETKOV,Bulgaria,3,1,0,0,0,0,0,0,0,3,0,0,0.0,0.0
Mario MEDINA,Mexico,3,1,0,0,0,0,0,0,0,3,0,0,0.0,0.0
M. LAYUN,Mexico,4,1,0,0,0,0,0,0,4,0,0,0,0.0,0.0
Mario MENDEZ,Uruguay,3,1,0,0,0,0,0,0,3,0,0,0,0.0,0.0
Mario PERAZZOLO,Italy,4,1,0,0,0,0,0,0,0,4,0,0,0.0,0.0
M. BROWN,Mexico,4,1,0,0,0,0,0,0,0,4,0,0,0.0,0.0
Mario SARALEGUI,Uruguay,4,1,0,0,1,0,0,0,1,3,0,0,0.0,0.25
Mario PROSPERI,Switzerland,3,1,0,0,0,0,0,0,0,3,0,0,0.0,0.0
Mario PIZZIOLO,Italy,5,1,0,0,0,0,0,0,2,3,0,0,0.0,0.0
Mario PINEDO,Bolivia,3,1,0,0,0,0,0,0,0,3,0,0,0.0,0.0
Mario PEREZ,Mexico,7,2,0,0,0,0,0,0,6,1,0,0,0.0,0.0
M. CACERES,Uruguay,4,1,0,0,1,0,0,0,4,0,0,0,0.0,0.25
Mario OSBEN,Chile,3,1,0,0,0,0,0,0,3,0,0,0,0.0,0.0
M. KHAKPOUR,Iran,3,1,0,0,0,0,0,0,3,0,0,0,0.0,0.0
M. CHAVEZ,Honduras,3,1,0,0,0,0,0,0,0,3,0,0,0.0,0.0
Mario ORTIZ,Chile,6,1,0,0,0,0,0,0,0,6,0,0,0.0,0.0
Mario OCHOA,Mexico,5,2,0,0,0,0,0,0,2,3,0,0,0.0,0.0
Mario MORENO,Chile,6,1,0,0,0,0,0,0,1,5,0,0,0.0,0.0
Mario MONGE,El Salvador,3,1,0,0,0,0,0,0,1,2,0,0,0.0,0.0
M. FABIAN,Mexico,4,1,0,0,0,0,0,0,0,4,0,0,0.0,0.0
M. IN GUK,North Korea,3,1,0,0,0,0,0,0,3,0,0,0,0.0,0.0
Mario BERTINI,Italy,6,1,0,0,0,0,0,0,6,0,0,0,0.0,0.0
M. RODRIGUEZ,Argentina,12,2,0,0,0,0,0,0,5,7,0,0,0.0,0.0
Marcelo GALLARDO,Argentina,5,1,0,0,0,0,0,0,1,4,0,0,0.0,0.0
Mario BERGARA,Uruguay,3,1,0,0,0,0,0,0,1,2,0,0,0.0,0.0
M.MAHDAVIKIA,Iran,3,1,0,0,0,0,0,0,3,0,0,0,0.0,0.0
Marco PASCOLO,Switzerland,4,1,0,0,1,0,0,0,4,0,0,0,0.0,0.25
Marco GRASSI,Switzerland,4,1,0,0,0,0,0,0,0,4,0,0,0.0,0.0
M.NAVIDKIA,Iran,3,1,0,0,0,0,0,0,0,3,0,0,0.0,0.0
M.NOSRATI,Iran,3,1,0,0,0,0,0,0,3,0,0,0,0.0,0.0
Marco ETCHEVERRY,Bolivia,3,1,0,0,0,1,1,0,0,3,0,0,0.0,0.333
Marco CORNEZ,Chile,3,1,0,0,0,0,0,0,0,3,0,0,0.0,0.0
Marco Antonio SANDY,Bolivia,3,1,0,0,0,0,0,0,3,0,0,0,0.0,0.0
M.REGUEIRO,Uruguay,3,1,0,0,0,0,0,0,0,3,0,0,0.0,0.0
M.ROMERO,Uruguay,3,1,0,0,2,0,0,0,2,1,0,0,0.0,0.667
Marcial AVALOS,Paraguay,2,1,0,0,0,0,0,0,0,2,0,0,0.0,0.0
Marcelo VEGA,Chile,4,1,0,0,0,0,0,0,0,4,0,0,0.0,0.0
Marcelo TROBBIANI,Argentina,7,1,0,0,0,0,0,0,0,7,0,0,0.0,0.0
Marcelo TORRICO,Bolivia,3,1,0,0,0,0,0,0,0,3,0,0,0.0,0.0
M.SOLEIMANI,Iran,3,1,0,0,0,0,0,0,0,3,0,0,0.0,0.0
Marcelo RAMIREZ,Chile,4,1,0,0,0,0,0,0,0,4,0,0,0.0,0.0
Marcelo PAGANI,Argentina,3,1,0,0,0,0,0,0,2,1,0,0,0.0,0.0
Marco VAN BASTEN,Netherlands,4,1,0,0,1,0,0,0,4,0,0,0,0.0,0.25
M.MADANCHI,Iran,3,1,0,0,2,0,0,0,2,1,0,0,0.0,0.667
Marcos RIVAS,Mexico,4,1,0,0,0,0,0,0,0,4,0,0,0.0,0.0
Marian MASNY,Czechoslovakia,3,1,0,0,0,0,0,0,0,3,0,0,0.0,0.0
Mario BASLER,Germany,5,1,0,0,0,0,0,0,0,5,0,0,0.0,0.0
Mario ALBORTA,Bolivia,2,1,0,0,0,0,0,0,2,0,0,0,0.0,0.0
Marino PERANI,Italy,3,1,0,0,0,0,0,0,2,1,0,0,0.0,0.0
M. SALGADO,Spain,4,1,0,0,0,0,0,0,1,3,0,0,0.0,0.0
Marin TUFAN,Romania,3,1,0,0,0,0,0,0,0,3,0,0,0.0,0.0
M. SAYOUBA,Cte d'Ivoire,3,1,0,0,0,0,0,0,0,3,0,0,0.0,0.0
M. SILVA,Uruguay,4,1,0,0,0,0,0,0,0,4,0,0,0.0,0.0
M. VELOSO,Portugal,4,1,0,0,0,0,0,0,0,4,0,0,0.0,0.0
Marcus GAYLE,Jamaica,3,1,0,0,0,0,0,0,1,2,0,0,0.0,0.0
Marian IVAN,Romania,5,1,0,0,0,0,0,0,0,5,0,0,0.0,0.0
M. VIDRIO,Mexico,4,1,0,0,1,0,0,0,4,0,0,0,0.0,0.25
Marian HRISTOV,Bulgaria,3,1,0,0,0,0,0,0,1,2,0,0,0.0,0.0
M.AL-JAHNI,Saudi Arabia,3,1,0,0,1,0,0,0,3,0,0,0,0.0,0.333
Marek OSTROWSKI,Poland,4,1,0,0,0,0,0,0,4,0,0,0,0.0,0.0
Marek KUSTO,Poland,20,3,0,0,0,0,0,0,0,20,0,0,0.0,0.0
Marek DZIUBA,Poland,7,1,0,0,0,0,0,0,4,3,0,0,0.0,0.0
MUSTAFA IZZET,Turkey,7,1,0,0,0,0,0,0,0,7,0,0,0.0,0.0
MANOLO,Spain,4,1,0,0,0,0,0,0,1,3,0,0,0.0,0.0
N. DJORDJEVIC,Serbia and Montenegro,3,1,0,0,0,0,0,0,2,1,0,0,0.0,0.0
MILA,Poland,3,1,0,0,0,0,0,0,0,3,0,0,0.0,0.0
MATTHUS,Germany,10,2,0,0,2,0,0,5,8,2,1,0,0.0,0.2
MINEIRO,Brazil,5,1,0,0,0,0,0,0,0,5,0,0,0.0,0.0
MINDA,Ecuador,3,1,0,0,0,0,0,0,2,1,0,0,0.0,0.0
MIN Byung Dae,South Korea,2,1,0,0,0,0,0,1,1,1,0,0,0.0,0.0
MILOY,Angola,3,1,0,0,0,0,0,0,1,2,0,0,0.0,0.0
MILOSEVIC,Serbia and Montenegro,3,1,0,0,0,0,0,2,2,1,0,0,0.0,0.0
MILNER,England,7,2,0,0,1,0,0,0,4,3,0,0,0.0,0.143
MILLS,England,5,1,0,0,1,0,0,0,5,0,0,0,0.0,0.2
MATYSEK,Poland,3,1,0,0,0,0,0,0,0,3,0,0,0.0,0.0
MILLIGAN,Australia,10,3,0,0,1,0,0,0,1,9,0,0,0.0,0.1
MILLER R.,Costa Rica,5,1,0,0,0,0,0,0,1,4,0,0,0.0,0.0
MAURINHO,Brazil,3,1,0,0,0,0,0,0,1,2,0,0,0.0,0.0
MAURO GALVAO,Brazil,9,2,0,0,1,0,0,0,4,5,0,0,0.0,0.111
MILITO,Argentina,5,1,0,0,0,0,0,0,1,4,0,0,0.0,0.0
MAURO RAMOS,Brazil,15,3,0,0,0,0,0,6,6,9,0,0,0.0,0.0
MILINOVIC,Slovenia,3,1,0,0,2,0,0,0,3,0,0,0,0.0,0.667
MILIJA,Serbia,3,1,0,0,0,0,0,0,1,2,0,0,0.0,0.0
MINI,Norway,7,2,0,0,0,0,0,0,1,6,0,0,0.0,0.0
MINSOO,South Korea,4,1,0,0,0,0,0,0,0,4,0,0,0.0,0.0
MIRALLAS,Belgium,5,1,0,0,0,0,0,0,2,3,0,0,0.0,0.0
MKADMI,Tunisia,3,1,0,0,0,0,0,0,0,3,0,0,0.0,0.0
MODRIC,Croatia,3,1,0,0,0,0,0,0,0,3,0,0,0.0,0.0
MODRI?,Croatia,3,1,0,0,0,0,0,0,3,0,0,0,0.0,0.0
MODISE,South Africa,3,1,0,0,0,0,0,0,2,1,0,0,0.0,0.0
MOACIR,Brazil,6,1,0,0,0,0,0,0,0,6,0,0,0.0,0.0
MNGUNI,South Africa,3,1,0,0,0,0,0,0,0,3,0,0,0.0,0.0
MNGOMENI,South Africa,3,1,0,0,0,0,0,0,0,3,0,0,0.0,0.0
MKHALELE,South Africa,3,1,0,0,0,0,0,0,2,1,0,0,0.0,0.0
MKACHER,Tunisia,3,1,0,0,0,0,0,0,1,2,0,0,0.0,0.0
MIRANDINHA,Brazil,7,1,0,0,1,0,0,0,1,6,0,0,0.0,0.143
MJALLBY,Sweden,4,1,0,0,1,0,0,4,4,0,0,0,0.0,0.25
MATMOUR,Algeria,3,1,0,0,0,0,0,0,3,0,0,0,0.0,0.0
MATSUDA,Japan,4,1,0,0,0,0,0,0,4,0,0,0,0.0,0.0
MIYAMOTO,Japan,7,2,0,0,3,0,0,5,5,2,0,0,0.0,0.429
MITROGLOU,Greece,4,1,0,0,0,0,0,0,1,3,0,0,0.0,0.0
MATSUI,Japan,4,1,0,0,1,0,0,0,4,0,0,0,0.0,0.25
MISIMOVI?,Bosnia and Herzegovina,3,1,0,0,0,0,0,0,2,1,0,0,0.0,0.0
MILEVSKYI,Ukraine,5,1,0,0,1,0,0,0,1,4,0,0,0.0,0.2
MIKEL,Nigeria,4,1,0,0,1,0,0,0,4,0,0,0,0.0,0.25
MOHAMED HARIS,Iraq,3,1,0,0,1,0,0,0,2,1,0,0,0.0,0.333
MIGUELI,Spain,3,1,0,0,0,0,0,0,2,1,0,0,0.0,0.0
MESEN,Costa Rica,3,1,0,0,0,0,0,0,0,3,0,0,0.0,0.0
MEDEL,Chile,8,2,0,0,2,0,0,0,7,1,0,0,0.0,0.25
MESBAH,Algeria,7,2,0,0,1,0,0,0,2,5,0,0,0.0,0.143
MEDFORD,Costa Rica,3,1,0,0,0,0,0,0,0,3,0,0,0.0,0.0
MEDJANI,Algeria,7,2,0,0,0,0,0,0,3,4,0,0,0.0,0.0
MERTESACKER,Germany,21,3,0,0,0,0,0,0,17,4,0,0,0.0,0.0
MEDUNJANIN,Bosnia and Herzegovina,3,1,0,0,1,0,0,0,1,2,0,0,0.0,0.333
MEHRDAD,Iran,3,1,0,0,0,0,0,0,3,0,0,0,0.0,0.0
MEITE,Cte d'Ivoire,3,1,0,0,0,0,0,0,2,1,0,0,0.0,0.0
MEOLA,USA,5,1,0,0,0,0,0,0,0,5,0,0,0.0,0.0
MELKI,Tunisia,2,1,0,0,1,0,0,0,1,1,0,0,0.0,0.5
MENSAH,Ghana,9,2,0,0,2,0,0,4,8,1,0,0,0.0,0.222
MELLBERG,Sweden,8,2,0,0,0,0,0,4,8,0,0,0,0.0,0.0
MENGALVIO,Brazil,6,1,0,0,0,0,0,0,0,6,0,0,0.0,0.0
MENDOZA,Honduras,3,1,0,0,0,0,0,0,2,1,0,0,0.0,0.0
MENDONCA,Angola,3,1,0,0,1,0,0,0,3,0,0,0,0.0,0.333
MELLITI,Tunisia,3,1,0,0,0,0,0,0,0,3,0,0,0.0,0.0
MESEN A.,Costa Rica,3,1,0,0,0,0,0,0,0,3,0,0,0.0,0.0
MCKAY,Australia,3,1,0,0,0,0,0,0,2,1,0,0,0.0,0.0
METTOMO,Cameroon,3,1,0,0,0,0,0,0,0,3,0,0,0.0,0.0
MAXWELL,Brazil,7,1,0,0,0,0,0,0,1,6,0,0,0.0,0.0
MAURO SILVA,Brazil,7,1,0,0,1,0,0,0,7,0,0,0,0.0,0.143
MIGUEL ANGEL,Spain,8,2,0,0,0,0,0,0,3,5,0,0,0.0,0.0
MAVRI?,Slovenia,3,1,0,0,0,0,0,0,0,3,0,0,0.0,0.0
MIGUEL,Portugal,14,3,0,0,1,0,0,0,10,4,0,0,0.0,0.071
MIGNOLET,Belgium,5,1,0,0,0,0,0,0,0,5,0,0,0.0,0.0
MICOUD,France,3,1,0,0,0,0,0,0,1,2,0,0,0.0,0.0
MAVUBA,France,5,1,0,0,0,0,0,0,0,5,0,0,0.0,0.0
MAZINHO,Brazil,11,2,0,0,2,0,0,0,4,7,0,0,0.0,0.182
MCGOWAN,Australia,3,1,0,0,0,0,0,0,2,1,0,0,0.0,0.0
MBIA,Cameroon,6,2,0,0,3,0,0,0,6,0,0,0,0.0,0.5
MICHAELSEN,Denmark,4,1,0,0,0,0,0,0,0,4,0,0,0.0,0.0
MBOLHI,Algeria,3,1,0,0,0,0,0,0,2,1,0,0,0.0,0.0
MC GLINCHEY,New Zealand,3,1,0,0,0,0,0,0,0,3,0,0,0.0,0.0
MHADHEBI,Tunisia,3,1,0,0,0,0,0,0,0,3,0,0,0.0,0.0
MCATEER,Ireland,4,1,0,0,1,0,0,0,1,3,0,0,0.0,0.25
METZELDER,Germany,14,2,0,0,2,0,0,0,13,1,0,0,0.0,0.143
MOGILEVETC,Russia,3,1,0,0,0,0,0,0,0,3,0,0,0.0,0.0
MOHAMED ISMAIL,Iraq,3,1,0,0,0,0,0,0,0,3,0,0,0.0,0.0
MURAWSKI,Poland,3,1,0,0,0,0,0,0,1,2,0,0,0.0,0.0
MARIO COLUNA,Portugal,6,1,0,0,1,0,0,6,6,0,0,0,0.0,0.167
MARCHETTI,Italy,3,1,0,0,0,0,0,0,2,1,0,0,0.0,0.0
MOUKANDJO,Cameroon,3,1,0,0,0,0,0,0,3,0,0,0,0.0,0.0
MOSTOVOY,Russia,3,1,0,0,0,0,0,0,0,3,0,0,0.0,0.0
MOSTEFA,Algeria,4,1,0,0,0,0,0,0,2,2,0,0,0.0,0.0
MARCO ABREU,Angola,3,1,0,0,0,0,0,0,0,3,0,0,0.0,0.0
MOSS,New Zealand,3,1,0,0,0,0,0,0,0,3,0,0,0.0,0.0
MARCO ANTONIO,Brazil,13,2,0,0,0,0,0,0,1,12,0,0,0.0,0.0
MARCOS,Brazil,7,1,0,0,0,0,0,0,7,0,0,0,0.0,0.0
MARCULETA,Spain,3,1,0,0,0,0,0,0,1,2,0,0,0.0,0.0
MOSES,Nigeria,4,1,0,0,0,0,0,0,2,2,0,0,0.0,0.0
MORRISON,Ireland,4,1,0,0,0,0,0,0,0,4,0,0,0.0,0.0
MARES,Czech Republic,3,1,0,0,0,0,0,0,0,3,0,0,0.0,0.0
MARGAIRAZ,Switzerland,4,1,0,0,0,0,0,0,0,4,0,0,0.0,0.0
MARIN,Costa Rica,14,2,0,0,1,0,0,0,3,11,0,0,0.0,0.071
MARIN L.,Costa Rica,3,1,0,0,2,0,0,3,3,0,0,0,0.0,0.667
MARINHO CHAGAS,Brazil,7,1,0,0,1,0,0,0,7,0,0,0,0.0,0.143
MARINHO PERES,Brazil,7,1,0,0,2,0,0,4,7,0,0,0,0.0,0.286
MOZER,Brazil,4,1,0,0,2,0,0,0,2,2,0,0,0.0,0.5
MARCELO,Brazil,7,1,0,1,0,0,0,0,6,1,0,0,0.0,0.0
MPENZA E.,Belgium,3,1,0,0,0,0,0,0,0,3,0,0,0.0,0.0
MUHSIN MUSABAH,United Arab Emirates,3,1,0,0,0,0,0,0,3,0,0,0,0.0,0.0
MUNTEANU,Romania,5,1,0,0,0,0,0,0,5,0,0,0,0.0,0.0
MANSOURI,Algeria,3,1,0,0,0,0,0,0,0,3,0,0,0.0,0.0
MULLIGAN,New Zealand,3,1,0,0,0,0,0,0,0,3,0,0,0.0,0.0
MANTORRAS,Angola,3,1,0,0,0,0,0,0,0,3,0,0,0.0,0.0
MANUEL DUARTE,Portugal,6,1,0,0,0,0,0,0,0,6,0,0,0.0,0.0
MUKANSI,South Africa,3,1,0,0,0,0,0,0,0,3,0,0,0.0,0.0
MUJDA,Bosnia and Herzegovina,3,1,0,0,0,0,0,0,2,1,0,0,0.0,0.0
MUELLER,Switzerland,4,1,0,0,0,0,0,0,4,0,0,0,0.0,0.0
MPENZA M.,Belgium,7,2,0,0,0,0,0,0,2,5,0,0,0.0,0.0
MANZUR,Paraguay,3,1,0,0,0,0,0,0,0,3,0,0,0.0,0.0
MUCHA,Slovakia,4,1,0,0,1,0,0,0,4,0,0,0,0.0,0.25
MARANON,Spain,3,1,0,0,0,0,0,0,0,3,0,0,0.0,0.0
MTILIGA,Denmark,3,1,0,0,0,0,0,0,0,3,0,0,0.0,0.0
MRIO,Angola,3,1,0,0,0,0,0,0,0,3,0,0,0.0,0.0
MRDJA,Serbia,3,1,0,0,0,0,0,0,0,3,0,0,0.0,0.0
MARCELINO,Spain,6,2,0,0,0,0,0,0,4,2,0,0,0.0,0.0
MORISHIGE,Japan,3,1,0,0,1,0,0,0,1,2,0,0,0.0,0.333
MARLIN,South Africa,3,1,0,0,0,0,0,0,0,3,0,0,0.0,0.0
MATHIJSEN,Netherlands,11,2,0,0,2,0,0,0,9,2,0,0,0.0,0.182
MARTIM,Brazil,6,2,0,0,0,0,0,4,4,2,0,0,0.0,0.0
MONTERO,Ecuador,3,1,0,0,1,0,0,0,3,0,0,0,0.0,0.333
MARTYN,England,5,1,0,0,0,0,0,0,0,5,0,0,0.0,0.0
MARZOUKI,Tunisia,3,1,0,0,0,0,0,0,0,3,0,0,0.0,0.0
MONTELLA,Italy,4,1,0,0,1,0,0,0,0,4,0,0,0.0,0.25
MASCHERANO,Argentina,17,3,0,0,5,0,0,4,16,1,0,0,0.0,0.294
MONTAZERI,Iran,3,1,0,0,0,0,0,0,3,0,0,0,0.0,0.0
MONIWA,Japan,3,1,0,0,1,0,0,0,0,3,0,0,0.0,0.333
MASILELA,South Africa,3,1,0,0,1,0,0,0,2,1,0,0,0.0,0.333
MASOUD. SH,Iran,3,1,0,0,1,0,0,0,2,1,0,0,0.0,0.333
MASSAD,Saudi Arabia,3,1,0,0,0,0,0,0,0,3,0,0,0.0,0.0
MONDRAGON,Colombia,8,2,0,0,0,0,0,0,3,5,0,0,0.0,0.0
MASTROENI,USA,8,2,0,0,2,1,1,0,5,3,0,0,0.0,0.375
MATAV,Slovenia,3,1,0,0,0,0,0,0,0,3,0,0,0.0,0.0
MOLINA,Spain,3,1,0,0,0,0,0,0,0,3,0,0,0.0,0.0
MOLEFE,South Africa,3,1,0,0,0,0,0,0,0,3,0,0,0.0,0.0
MOHAMED SALIM,United Arab Emirates,3,1,0,0,0,0,0,0,0,3,0,0,0.0,0.0
MATEUS,Angola,3,1,0,0,0,0,0,0,3,0,0,0,0.0,0.0
MONTES,Honduras,3,1,0,0,0,0,0,0,0,3,0,0,0.0,0.0
MONTIEL,Paraguay,3,1,0,0,0,0,0,0,0,3,0,0,0.0,0.0
MONTOLIVO,Italy,3,1,0,0,0,0,0,0,3,0,0,0,0.0,0.0
MORENO,Colombia,3,1,0,0,0,0,0,0,1,2,0,0,0.0,0.0
MORIRI,South Africa,3,1,0,0,0,0,0,0,0,3,0,0,0.0,0.0
MORIOKA,Japan,4,1,0,0,0,0,0,1,1,3,0,0,0.0,0.0
MARTIN VAZQUEZ,Spain,4,1,0,0,0,0,0,0,4,0,0,0,0.0,0.0
MORINIGO,Paraguay,4,1,0,0,0,0,0,0,0,4,0,0,0.0,0.0
MORIMOTO,Japan,4,1,0,0,0,0,0,0,0,4,0,0,0.0,0.0
MARTINEZ,Costa Rica,9,3,0,0,1,0,0,0,4,5,0,0,0.0,0.111
MORGAN,Costa Rica,3,1,0,0,0,0,0,0,0,3,0,0,0.0,0.0
MOREL R.,Paraguay,5,1,0,0,1,0,0,0,5,0,0,0,0.0,0.2
MOORE,USA,12,3,0,0,3,0,0,0,6,6,1,0,0.0,0.25
MORATO,Portugal,3,1,0,0,0,0,0,0,0,3,0,0,0.0,0.0
MARTINEZ G.,Costa Rica,3,1,0,0,0,0,0,0,1,2,0,0,0.0,0.0
MORAS,Greece,6,2,0,0,0,0,0,0,1,5,0,0,0.0,0.0
MARTINS,Nigeria,3,1,0,0,0,0,0,0,0,3,0,0,0.0,0.0
MORALES,Paraguay,4,1,0,0,0,0,0,0,1,3,0,0,0.0,0.0
MORAIS,Portugal,6,1,0,0,0,0,0,0,3,3,0,0,0.0,0.0
MARTINS INDI,Netherlands,7,1,0,0,2,0,0,0,5,2,0,0,0.0,0.286
M. BASTOS,Brazil,5,1,0,0,1,0,0,0,5,0,0,0,0.0,0.2
M. AYOVI,Ecuador,7,2,0,0,0,0,0,1,2,5,0,0,0.0,0.0
Mario SOSA,Cuba,3,1,0,0,0,0,0,0,2,1,0,0,0.0,0.0
Milton VIERA,Uruguay,4,1,0,0,0,0,0,0,3,1,0,0,0.0,0.0
Miroslav PAVLOVIC,Yugoslavia,6,1,0,0,0,0,0,0,1,5,0,0,0.0,0.0
Miroslav KADLEC,Czechoslovakia,5,1,0,0,1,0,0,0,5,0,0,0,0.0,0.2
Lobilo BOBA,Zaire,3,1,0,0,0,0,0,0,3,0,0,0,0.0,0.0
Miroslav JUSTEK,Poland,6,1,0,0,0,0,0,0,0,6,0,0,0.0,0.0
Lorenzo BUFFON,Italy,3,1,0,0,0,0,0,2,2,1,0,0,0.0,0.0
Miroslav DJUKIC,Yugoslavia,4,1,0,0,0,0,0,0,0,4,0,0,0.0,0.0
Mirko STOJANOVIC,Yugoslavia,6,1,0,0,0,0,0,0,0,6,0,0,0.0,0.0
Lorenzo CALONGA,Paraguay,2,1,0,0,0,0,0,0,0,2,0,0,0.0,0.0
Mircea REDNIC,Romania,4,1,0,0,0,0,0,0,4,0,0,0,0.0,0.0
Lorenzo FERNANDEZ,Uruguay,4,1,0,0,0,0,0,0,4,0,0,0,0.0,0.0
Mircea LUCESCU,Romania,3,1,0,0,0,0,0,3,3,0,0,0,0.0,0.0
Mircea DAVID,Romania,2,1,0,0,0,0,0,0,0,2,0,0,0.0,0.0
Miodrag JOVANOVIC,Yugoslavia,3,1,0,0,0,0,0,0,3,0,0,0,0.0,0.0
Miodrag BELODEDICI,Romania,5,1,0,0,1,0,0,0,5,0,0,0,0.0,0.2
Lorenzo MINOTTI,Italy,7,1,0,0,0,0,0,0,0,7,0,0,0.0,0.0
Minas HANTZIDIS,Greece,3,1,0,0,1,0,0,0,2,1,0,0,0.0,0.333
Milutin SOSKIC,Yugoslavia,6,1,0,0,0,0,0,0,6,0,0,0,0.0,0.0
Miroslav STEVIC,Yugoslavia,4,1,0,0,0,0,0,0,0,4,0,0,0.0,0.0
Ljubomir SPAJIC,Yugoslavia,3,1,0,0,0,0,0,0,0,3,0,0,0.0,0.0
Miroslaw BULZACKI,Poland,7,1,0,0,0,0,0,0,0,7,0,0,0.0,0.0
Modesto DENIS,Paraguay,2,1,0,0,0,0,0,0,1,1,0,0,0.0,0.0
Mohamed CHAIB,Algeria,3,1,0,0,0,0,0,0,0,3,0,0,0.0,0.0
Mohamed BEN MOUSSA,Tunisia,3,1,0,0,0,0,0,0,0,3,0,0,0.0,0.0
Mohamed AKID,Tunisia,3,1,0,0,0,0,0,0,3,0,0,0,0.0,0.0
Mohamed ABDULLAH,United Arab Emirates,3,1,0,0,0,0,0,2,3,0,0,0,0.0,0.0
Mohamed ABDELJAWAD,Saudi Arabia,4,1,0,0,1,0,0,2,4,0,0,0,0.0,0.25
Mogens KROGH,Denmark,5,1,0,0,0,0,0,0,0,5,0,0,0.0,0.0
Modesto SORUCO,Bolivia,3,1,0,0,0,0,0,0,1,2,0,0,0.0,0.0
Mobi OPARAKU,Nigeria,4,1,0,0,0,0,0,0,1,3,0,0,0.0,0.0
Ljubisa STEFANOVIC,Yugoslavia,3,1,0,0,0,0,0,0,3,0,0,0,0.0,0.0
Mo JOHNSTON,Scotland,3,1,0,0,1,0,0,0,3,0,1,0,0.0,0.333
Lizardo NUE RODRIGUEZ,Peru,2,1,0,0,0,0,0,0,0,2,0,0,0.0,0.0
Ljubinko DRULOVIC,Yugoslavia,4,1,0,0,0,0,0,0,0,4,0,0,0.0,0.0
Mladen VASILEV,Bulgaria,3,1,0,0,0,0,0,0,0,3,0,0,0.0,0.0
Misael ESCUTI,Chile,6,1,0,0,0,0,0,0,5,1,0,0,0.0,0.0
Mirto DAVOINE,Uruguay,5,1,0,0,0,0,0,0,0,5,0,0,0.0,0.0
Mirsad BALJIC,Yugoslavia,5,1,0,0,0,0,0,0,1,4,0,0,0.0,0.0
Milutin IVKOVIC,Yugoslavia,3,1,0,0,0,0,0,3,3,0,0,0,0.0,0.0
Lorenzo STAELENS,Belgium,7,2,0,0,1,0,0,0,4,3,0,0,0.0,0.143
Lizardo GARRIDO,Chile,3,1,0,0,1,0,0,0,2,1,0,0,0.0,0.333
Milton MELGAR,Bolivia,3,1,0,0,0,0,0,0,3,0,0,0,0.0,0.0
Luc VAN HOYWEGEN,Belgium,2,1,0,0,0,0,0,0,0,2,0,0,0.0,0.0
Mike SWEENEY,Canada,3,1,0,0,1,1,1,0,1,2,0,0,0.0,0.667
Mike BURNS,USA,7,2,0,0,0,0,0,0,2,5,0,0,0.0,0.0
Mike BOOKIE,USA,3,1,0,0,0,0,0,0,0,3,0,0,0.0,0.0
Mikael NILSSON,Sweden,7,1,0,0,0,0,0,0,0,7,0,0,0.0,0.0
Luca BUCCI,Italy,7,1,0,0,0,0,0,0,0,7,0,0,0.0,0.0
Mihaly VASAS,Hungary,4,1,0,0,0,0,0,0,0,4,0,0,0.0,0.0
Mihaly TOTH,Hungary,5,1,0,0,0,0,0,0,2,3,0,0,0.0,0.0
Luca MARCHEGIANI,Italy,7,1,0,0,0,0,0,0,2,5,0,0,0.0,0.0
Mihaly BIRO,Hungary,4,1,0,0,0,0,0,0,0,4,0,0,0.0,0.0
Mihai MOCANU,Romania,3,1,0,0,1,0,0,0,3,0,0,0,0.0,0.333
Mihai IVANCESCU,Romania,3,1,0,0,0,0,0,0,0,3,0,0,0.0,0.0
Miguel TENDILLO,Spain,5,1,0,0,0,0,0,0,5,0,0,0,0.0,0.0
Miguel SEGURA,Costa Rica,4,1,0,0,0,0,0,0,0,4,0,0,0.0,0.0
Miguel SANTORO,Argentina,6,1,0,0,0,0,0,0,0,6,0,0,0.0,0.0
Lucas RADEBE,South Africa,3,1,0,0,2,0,0,3,3,0,0,0,0.0,0.667
Miguel REINA,Spain,3,1,0,0,0,0,0,0,0,3,0,0,0.0,0.0
Mike VERSTRAETEN,Belgium,3,1,0,0,0,0,0,0,1,2,0,0,0.0,0.0
Luc MILLECAMPS,Belgium,5,1,0,0,1,0,0,0,5,0,0,0,0.0,0.2
Mikhail MESKHI,Soviet Union,4,1,0,0,0,0,0,0,3,1,0,0,0.0,0.0
Milorad MILUTINOVIC,Yugoslavia,4,1,0,0,0,0,0,0,0,4,0,0,0.0,0.0
Milovan JAKSIC,Yugoslavia,3,1,0,0,0,0,0,0,3,0,0,0,0.0,0.0
Milos SESTIC,Yugoslavia,3,1,0,0,0,0,0,0,0,3,0,0,0.0,0.0
Lothar KURBJUWEIT,East Germany,6,1,0,0,0,0,0,0,4,2,0,0,0.0,0.0
Lou MACARI,Scotland,3,1,0,0,0,0,0,0,1,2,0,0,0.0,0.0
Milos HRSTIC,Yugoslavia,3,1,0,0,0,0,0,0,1,2,0,0,0.0,0.0
Louis CARRE,Belgium,2,1,0,0,0,0,0,0,2,0,0,0,0.0,0.0
Louis GOBET,Switzerland,2,1,0,0,0,0,0,0,0,2,0,0,0.0,0.0
Louis MFEDE,Cameroon,8,2,0,0,0,0,0,0,7,1,0,0,0.0,0.0
Miklos MOLNAR,Denmark,5,1,0,0,0,1,1,0,0,5,0,0,0.0,0.2
Milorad ARSENIJEVIC,Yugoslavia,3,1,0,0,0,0,0,0,3,0,0,0,0.0,0.0
Milko GAIDARSKI,Bulgaria,3,1,0,0,0,0,0,0,2,1,0,0,0.0,0.0
Milan ZEKOVIC,Yugoslavia,3,1,0,0,0,0,0,0,0,3,0,0,0.0,0.0
Louis VERSYP,Belgium,3,2,0,0,0,0,0,0,2,1,0,0,0.0,0.0
Milan STOJANOVIC,Yugoslavia,3,1,0,0,0,0,0,0,0,3,0,0,0.0,0.0
Lubomir MORAVCIK,Czechoslovakia,5,1,0,0,2,1,1,0,5,0,0,0,0.0,0.6
Milan ALBRECHT,Czechoslovakia,3,1,0,0,0,0,0,0,0,3,0,0,0.0,0.0
Mohamed EL FILALI,Morocco,3,1,0,0,0,0,0,0,3,0,0,0,0.0,0.0
Liviu CIOBOTARIU,Romania,4,1,0,0,1,0,0,0,4,0,0,0,0.0,0.25
Mario SOTO,Chile,3,1,0,0,0,0,0,0,1,2,0,0,0.0,0.0
Leonel ALVAREZ,Colombia,7,2,0,0,3,0,0,0,7,0,0,0,0.0,0.429
Mustafa DAHLEB,Algeria,3,1,0,0,0,0,0,0,2,1,0,0,0.0,0.0
Leon SEMMELING,Belgium,3,1,0,0,0,0,0,0,3,0,0,0,0.0,0.0
Mustafa CHOUKRI,Morocco,3,1,0,0,0,0,0,0,0,3,0,0,0.0,0.0
Leon VILLA,Colombia,4,1,0,0,0,0,0,0,0,4,0,0,0.0,0.0
Leonardo ASTRADA,Argentina,5,1,0,0,0,0,0,0,0,5,0,0,0.0,0.0
Murtaz KHURTSILAVA,Soviet Union,10,2,0,0,0,0,0,0,6,4,0,0,0.0,0.0
Murdo McLEOD,Scotland,3,1,0,0,1,0,0,0,2,1,0,0,0.0,0.333
Leonardo COSTAGLIOLA,Italy,3,1,0,0,0,0,0,0,0,3,0,0,0.0,0.0
Muhamed MUJIC,Yugoslavia,6,1,0,0,0,0,0,0,1,5,0,0,0.0,0.0
Leonardo CUELLAR,Mexico,3,1,0,0,0,0,0,0,3,0,0,0,0.0,0.0
Muepu ILUNGA,Zaire,3,1,0,0,1,0,0,0,3,0,0,0,0.0,0.333
Leonardo RODRIGUEZ,Argentina,4,1,0,0,1,0,0,0,1,3,0,0,0.0,0.25
Mubarak MUBARAK,Kuwait,3,1,0,0,0,0,0,0,0,3,0,0,0.0,0.0
Mourad EL MELKI,Tunisia,3,1,0,0,0,0,0,0,0,3,0,0,0.0,0.0
Mourad AMARA,Algeria,6,2,0,0,0,0,0,0,0,6,0,0,0.0,0.0
Mounir BOUKADIDA,Tunisia,3,1,0,0,0,0,0,0,2,1,0,0,0.0,0.0
Mouayad AL HADDAD,Kuwait,3,1,0,0,0,0,0,0,0,3,0,0,0.0,0.0
Leon JECK,Belgium,3,1,0,0,0,0,0,0,2,1,0,0,0.0,0.0
Mustafa EL BIYAZ,Morocco,4,1,0,0,0,0,0,0,3,1,0,0,0.0,0.0
Leon GLOVACKI,France,2,1,0,0,0,0,0,0,1,1,0,0,0.0,0.0
N I KIM,South Korea,7,1,0,0,1,0,0,0,5,2,0,0,0.0,0.143
Lennart BUNKE,Sweden,3,1,0,0,0,0,0,0,0,3,0,0,0.0,0.0
N. ALTEMYAT,Saudi Arabia,6,2,0,0,2,0,0,0,4,2,0,0,0.0,0.333
Lennart LARSSON,Sweden,3,1,0,0,0,0,0,0,3,0,0,0,0.0,0.0
N. ALQADI,Saudi Arabia,3,1,0,0,0,0,0,0,0,3,0,0,0.0,0.0
N. AL-TEMIYAT,Saudi Arabia,3,1,0,0,0,0,0,0,1,2,0,0,0.0,0.0
N'DJOCK,Cameroon,3,1,0,0,0,0,0,0,0,3,0,0,0.0,0.0
Lennart SAMUELSSON,Sweden,5,1,0,0,0,0,0,0,5,0,0,0,0.0,0.0
Mwape MIALO,Zaire,3,1,0,0,0,0,0,0,0,3,0,0,0.0,0.0
Leo WILDEN,West Germany,4,1,0,0,0,0,0,0,0,4,0,0,0.0,0.0
Mwanza Nel MUKOMBO,Zaire,3,1,0,0,0,0,0,0,3,0,0,0,0.0,0.0
Mustapha EL HADAOUI,Morocco,7,2,0,0,0,0,0,1,4,3,0,0,0.0,0.0
Mustapha EL CHADILI,Morocco,3,1,0,0,0,0,0,0,0,3,0,0,0.0,0.0
Mustafa MERRY,Morocco,4,1,0,0,0,0,0,0,2,2,0,0,0.0,0.0
Leo EICHMANN,Switzerland,3,1,0,0,0,0,0,0,1,2,0,0,0.0,0.0
Mustafa KOUICI,Algeria,3,1,0,0,0,0,0,0,0,3,0,0,0.0,0.0
Leo VAN DER ELST,Belgium,7,1,0,0,0,0,0,0,0,7,0,0,0.0,0.0
Leonardo VELIZ,Chile,3,1,0,0,1,0,0,0,2,1,0,0,0.0,0.333
Motohiro YAMAGUCHI,Japan,3,1,0,0,1,0,0,0,3,0,0,0,0.0,0.333
Mohamed HAZZAZ,Morocco,3,1,0,0,0,0,0,0,1,2,0,0,0.0,0.0
Leongino UNZAIN,Paraguay,2,1,0,0,0,0,0,0,2,0,0,0,0.0,0.0
MENA,Chile,4,1,0,0,2,0,0,0,4,0,0,0,0.0,0.5
Lido VIERI,Italy,6,1,0,0,0,0,0,0,0,6,0,0,0.0,0.0
Mohammed EL HADDAOUI,Morocco,4,1,0,0,0,0,0,0,0,4,0,0,0.0,0.0
Ligorio LOPEZ,Mexico,3,1,0,0,0,0,0,0,0,3,0,0,0.0,0.0
Lino NESSI,Paraguay,2,1,0,0,0,0,0,0,2,0,0,0,0.0,0.0
Linval DIXON,Jamaica,3,1,0,0,0,0,0,0,0,3,0,0,0.0,0.0
Mohammed AL KHILAIWI,Saudi Arabia,4,1,0,0,0,0,0,0,4,0,0,0,0.0,0.0
Mohammad SADEQI,Iran,3,1,0,0,0,0,0,0,3,0,0,0,0.0,0.0
Mohammad Reza KORBEKANDI,Iran,3,1,0,0,0,0,0,0,0,3,0,0,0.0,0.0
Lionel CHARBONNIER,France,7,1,0,0,0,0,0,0,0,7,0,0,0.0,0.0
Mohamed TIMOUMI,Morocco,4,1,0,0,1,0,0,0,4,0,0,0,0.0,0.25
Mohamed SAMADI,Morocco,3,1,0,0,1,0,0,0,1,2,0,0,0.0,0.333
Mohamed SAHIL,Morocco,4,1,0,0,0,0,0,0,0,4,0,0,0.0,0.0
Mohamed MAAROUFI,Morocco,3,1,0,0,0,0,0,0,3,0,0,0,0.0,0.0
Mohamed KARAM,Kuwait,3,1,0,0,0,0,0,0,2,1,0,0,0.0,0.0
Lionello MANFREDONIA,Italy,7,1,0,0,0,0,0,0,0,7,0,0,0.0,0.0
Mohamed KACI SAID,Algeria,3,1,0,0,0,0,0,0,3,0,0,0,0.0,0.0
Mohsen LABIDI,Tunisia,3,1,0,0,0,0,0,0,1,2,0,0,0.0,0.0
Lev YASHIN,Soviet Union,19,4,0,0,0,0,0,1,13,6,0,0,0.0,0.0
Leslaw CMIKIEWICZ,Poland,7,1,0,0,0,0,0,0,0,7,0,0,0.0,0.0
Momcilo DJOKIC,Yugoslavia,3,1,0,0,0,0,0,0,3,0,0,0,0.0,0.0
Moshe ROMANO,Israel,3,1,0,0,0,0,0,0,0,3,0,0,0.0,0.0
Leonid BURYAK,Soviet Union,5,1,0,0,0,0,0,0,0,5,0,0,0.0,0.0
Morten WIEGHORST,Denmark,5,1,0,0,1,1,1,0,1,4,0,0,0.0,0.4
Leonid OSTROVSKI,Soviet Union,15,3,0,0,0,0,0,0,6,9,0,0,0.0,0.0
Morten OLSEN,Denmark,4,1,0,0,0,0,0,4,4,0,0,0,0.0,0.0
Moreno TORRICELLI,Italy,5,1,0,0,0,0,0,0,0,5,0,0,0.0,0.0
Leonid SHMUTS,Soviet Union,4,1,0,0,0,0,0,0,0,4,0,0,0.0,0.0
Leopold BARSCHANDT,Austria,8,2,0,0,0,0,0,0,4,4,0,0,0.0,0.0
Moises JINICH,Mexico,2,1,0,0,0,0,0,0,0,2,0,0,0.0,0.0
Mokhtar NAILI,Tunisia,3,1,0,0,0,0,0,0,3,0,0,0,0.0,0.0
Leopold GERNAEY,Belgium,2,1,0,0,0,0,0,0,2,0,0,0,0.0,0.0
Mokhtar HASNI,Tunisia,3,1,0,0,0,0,0,0,0,3,0,0,0.0,0.0
Leopold HOFMANN,Austria,4,1,0,0,0,0,0,0,0,4,0,0,0.0,0.0
Leopold NEUMER,Germany,2,1,0,0,0,0,0,0,1,1,0,0,0.0,0.0
Moises VILLARROEL,Chile,4,1,0,0,2,0,0,0,3,1,0,0,0.0,0.5
Leopoldo VALLEJOS,Chile,3,1,0,0,0,0,0,0,3,0,0,0,0.0,0.0
Miguel RAMIREZ,Chile,4,1,0,0,1,0,0,0,1,3,0,0,0.0,0.25
Miguel PARDEZA,Spain,4,1,0,0,0,0,0,0,0,4,0,0,0.0,0.0
Miguel OVIEDO,Argentina,7,1,0,0,0,0,0,0,0,7,0,0,0.0,0.0
Luis RAMOS,Uruguay,4,1,0,0,0,0,0,0,0,4,0,0,0.0,0.0
Luis MUSRRI,Chile,4,1,0,0,0,0,0,0,0,4,0,0,0.0,0.0
Mauk WEBER,Netherlands,2,2,0,0,0,0,0,0,2,0,0,0,0.0,0.0
Luis PAZ,Colombia,3,1,0,0,0,0,0,0,0,3,0,0,0.0,0.0
Matthias SAMMER,Germany,5,1,0,0,0,0,0,0,4,1,0,0,0.0,0.0
Matthias HERGET,West Germany,7,1,0,0,0,0,0,0,1,6,0,0,0.0,0.0
Luis PEREZ,Mexico,3,1,0,0,0,0,0,0,2,1,0,0,0.0,0.0
Matt ELLIOTT,Scotland,3,1,0,0,0,0,0,0,0,3,0,0,0.0,0.0
Mats MAGNUSSON,Sweden,3,1,0,0,0,0,0,0,1,2,0,0,0.0,0.0
Mats GREN,Sweden,3,1,0,0,0,0,0,0,0,3,0,0,0.0,0.0
Matias GONZALEZ,Uruguay,4,1,0,0,0,0,0,0,4,0,0,0,0.0,0.0
Luis RAMALLO,Bolivia,3,1,0,0,0,0,0,0,3,0,0,0,0.0,0.0
Matias ALMEYDA,Argentina,5,1,0,0,1,0,0,0,5,0,0,0,0.0,0.2
Mathias KABUREK,Austria,4,1,0,0,0,0,0,0,0,4,0,0,0.0,0.0
Mathias HEIDEMANN,Germany,4,1,0,0,0,0,0,0,1,3,0,0,0.0,0.0
Mate FENYVESI,Hungary,12,3,0,0,0,0,0,0,6,6,0,0,0.0,0.0
Masayuki OKANO,Japan,3,1,0,0,0,0,0,0,0,3,0,0,0.0,0.0
Masami IHARA,Japan,3,1,0,0,1,0,0,3,3,0,0,0,0.0,0.333
Maurice LAFONT,France,6,1,0,0,0,0,0,0,1,5,0,0,0.0,0.0
Maurice MALPAS,Scotland,6,2,0,0,1,0,0,0,5,1,0,0,0.0,0.167
Maurice MARTENS,Belgium,3,1,0,0,0,0,0,0,0,3,0,0,0.0,0.0
Luis ISLAS,Argentina,11,2,0,0,0,0,0,0,4,7,0,0,0.0,0.0
Maurizio GAUDINO,Germany,5,1,0,0,0,0,0,0,0,5,0,0,0.0,0.0
Maurits DE SCHRIJVER,Belgium,5,1,0,0,0,0,0,0,2,3,0,0,0.0,0.0
Luis GUEVARA MORA,El Salvador,3,1,0,0,0,0,0,0,3,0,0,0,0.0,0.0
Mauricio SERNA,Colombia,3,1,0,0,0,0,0,0,0,3,0,0,0.0,0.0
Mauricio RODRIGUEZ,El Salvador,3,1,0,0,0,0,0,0,2,1,0,0,0.0,0.0
Mauricio RAMOS,Bolivia,3,1,0,0,0,0,0,0,1,2,0,0,0.0,0.0
Luis HERRERA,Colombia,7,2,0,0,2,0,0,0,7,0,0,0,0.0,0.286
Luis MAIDANA,Uruguay,3,1,0,0,0,0,0,0,0,3,0,0,0.0,0.0
Luis MOLOWNY,Spain,6,1,0,0,0,0,0,0,1,5,0,0,0.0,0.0
Luis MAYANES,Chile,3,1,0,0,0,0,0,0,1,2,0,0,0.0,0.0
Mauricio MONTERO,Costa Rica,4,1,0,0,0,0,0,0,4,0,0,0,0.0,0.0
Mauricio MANZANO,El Salvador,3,1,0,0,0,0,0,0,1,2,0,0,0.0,0.0
Mauricio AROS,Chile,4,1,0,0,0,0,0,0,1,3,0,0,0.0,0.0
Mauricio ALFARO,El Salvador,3,1,0,0,0,0,0,0,0,3,0,0,0.0,0.0
Maurice SETTERS,England,4,1,0,0,0,0,0,0,0,4,0,0,0.0,0.0
Maurice NORMAN,England,8,2,0,0,0,0,0,0,4,4,0,0,0.0,0.0
Marvin OBANDO,Costa Rica,4,1,0,0,0,0,0,0,1,3,0,0,0.0,0.0
Luis REGUEIRO,Mexico,3,1,0,0,0,0,0,0,0,3,0,0,0.0,0.0
Miguel NEIRA,Chile,3,1,0,0,0,0,0,0,2,1,1,0,0.0,0.0
Luis REYES PENARANDA,Bolivia,2,1,0,0,0,0,0,0,0,2,0,0,0.0,0.0
Markus SCHOPP,Austria,3,1,0,0,0,0,0,0,0,3,0,0,0.0,0.0
Markus BABBEL,Germany,5,1,0,0,1,0,0,0,1,4,0,0,0.0,0.2
Luka PERUZOVIC,Yugoslavia,6,1,0,0,0,0,0,0,0,6,0,0,0.0,0.0
M S LEE,South Korea,7,1,0,0,1,0,0,0,1,6,0,0,0.0,0.143
Mark HATELEY,England,5,1,0,0,1,0,0,0,2,3,0,0,0.0,0.2
Mark FISH,South Africa,3,1,0,0,0,0,0,0,3,0,0,0,0.0,0.0
Mark CAUGHEY,Northern Ireland,3,1,0,0,0,0,0,0,0,3,0,0,0.0,0.0
Marjan MRMIC,Croatia,7,1,0,0,0,0,0,0,0,7,0,0,0.0,0.0
M Y MA,China PR,3,1,0,0,0,0,0,2,2,1,0,0,0.0,0.0
M ZH SU,China PR,3,1,0,0,0,0,0,0,0,3,0,0,0.0,0.0
Marius LACATUS,Romania,4,1,0,0,0,0,0,0,1,3,0,0,0.0,0.0
Mario ZATELLI,France,2,1,0,0,0,0,0,0,0,2,0,0,0.0,0.0
M. A. PEYRAVANI,Iran,3,1,0,0,0,0,0,0,0,3,0,0,0.0,0.0
M. AL-KHLAIWI,Saudi Arabia,3,1,0,0,0,1,1,0,2,1,0,0,0.0,0.333
Mario VELARDE,Mexico,7,2,0,0,0,0,0,0,1,6,0,0,0.0,0.0
Mario VARGLIEN,Italy,5,1,0,0,0,0,0,0,0,5,0,0,0.0,0.0
Mario TREJO,Mexico,5,1,0,0,1,0,0,0,2,3,0,0,0.0,0.2
Martin AMERHAUSER,Austria,3,1,0,0,0,0,0,0,0,3,0,0,0.0,0.0
Martin BRUNNER,Switzerland,4,1,0,0,0,0,0,0,0,4,0,0,0.0,0.0
Martin BUCHAN,Scotland,6,2,0,0,0,0,0,0,5,1,0,0,0.0,0.0
Martin PANDO,Argentina,3,1,0,0,0,0,0,1,1,2,0,0,0.0,0.0
Martin WAGNER,Germany,5,1,0,0,2,0,0,0,2,3,0,0,0.0,0.4
Luis REYNA,Peru,3,1,0,0,0,0,0,0,0,3,0,0,0.0,0.0
Martin VERGES,Spain,3,1,0,0,0,0,0,0,2,1,0,0,0.0,0.0
Martin VENTOLRA,Spain,3,1,0,0,0,0,0,0,1,2,0,0,0.0,0.0
Martin RUEDA,Switzerland,4,1,0,0,0,0,0,0,0,4,0,0,0.0,0.0
Luis RIJO,Uruguay,4,1,0,0,0,0,0,0,0,4,0,0,0.0,0.0
Luis RUBINOS,Peru,4,1,0,0,0,0,0,0,4,0,0,0,0.0,0.0
Luis SALVADOR,Mexico,4,1,0,0,0,0,0,0,0,4,0,0,0.0,0.0
Luka LIPOSINOVIC,Yugoslavia,4,1,0,0,0,0,0,0,0,4,0,0,0.0,0.0
Martin O NEILL,Northern Ireland,5,1,0,0,0,0,0,5,5,0,0,0,0.0,0.0
Martin KEOWN,England,4,1,0,0,0,0,0,0,0,4,0,0,0.0,0.0
Luis SILVA,Paraguay,3,1,0,0,0,0,0,0,0,3,0,0,0.0,0.0
Luis SUAREZ,Spain,6,2,0,0,0,0,0,0,4,2,0,0,0.0,0.0
Luis UBINA,Uruguay,10,2,0,0,1,0,0,5,10,0,0,0,0.0,0.1
Luis VALDEZ,Mexico,4,1,0,0,0,0,0,0,1,3,0,0,0.0,0.0
Martin HIDEN,Austria,3,1,0,0,0,0,0,0,0,3,0,0,0.0,0.0
Mauro BELLUGI,Italy,10,2,0,0,0,0,0,0,5,5,0,0,0.0,0.0
Luis GINI,Paraguay,3,1,0,0,0,0,0,0,0,3,0,0,0.0,0.0
Mauro TASSOTTI,Italy,7,1,0,0,0,0,0,0,2,5,0,0,0.0,0.0
Mavuda MAFUILA,Zaire,3,1,0,0,0,0,0,0,0,3,0,0,0.0,0.0
Ludek MIKLOSKO,Czechoslovakia,5,1,0,0,0,0,0,0,0,5,0,0,0.0,0.0
Ludovic SATMAREANU,Romania,3,1,0,0,0,0,0,0,3,0,0,0,0.0,0.0
Miguel ALONSO,Spain,5,1,0,0,0,0,0,0,5,0,0,0,0.0,0.0
Mick MILLS,England,5,1,0,0,0,0,0,5,5,0,0,0,0.0,0.0
Ludwig GOLDBRUNNER,Germany,2,1,0,0,0,0,0,0,1,1,0,0,0.0,0.0
Mick MC CARTHY,Ireland,5,1,0,0,0,0,0,4,5,0,0,0,0.0,0.0
Luigi ALLEMANDI,Italy,5,1,0,0,0,0,0,0,5,0,0,0,0.0,0.0
Luigi APOLLONI,Italy,7,1,0,0,1,0,0,0,1,6,0,0,0.0,0.143
Michele ANDREOLO,Italy,4,1,0,0,0,0,0,0,4,0,0,0,0.0,0.0
Michel RENQUIN,Belgium,12,2,0,0,1,0,0,0,7,5,0,0,0.0,0.083
Luigi BERTOLINI,Italy,5,1,0,0,0,0,0,0,4,1,0,0,0.0,0.0
Luigi DE AGOSTINI,Italy,7,1,0,0,1,0,0,0,4,3,0,0,0.0,0.143
Michel PREUDHOMME,Belgium,8,2,0,0,0,0,0,0,8,0,0,0,0.0,0.0
Michel LEBLOND,France,2,1,0,0,0,0,0,0,0,2,0,0,0.0,0.0
Michel KAHAM,Cameroon,3,1,0,0,0,0,0,0,3,0,0,0,0.0,0.0
Luigi MERONI,Italy,3,1,0,0,0,0,0,0,1,2,0,0,0.0,0.0
Luigi RADICE,Italy,3,1,0,0,0,0,0,0,2,1,0,0,0.0,0.0
Miguel Angel DIAZ,El Salvador,3,1,0,0,0,0,0,0,0,3,0,0,0.0,0.0
Miguel Angel RIMBA,Bolivia,3,1,0,0,1,0,0,0,3,0,0,0,0.0,0.333
Lucien MULLER,France,3,1,0,0,0,0,0,0,0,3,0,0,0.0,0.0
Miguel FLORES,Chile,3,1,0,0,0,0,0,0,0,3,0,0,0.0,0.0
Miguel MURILLO,Bolivia,2,1,0,0,0,0,0,0,0,2,0,0,0.0,0.0
Lucian MARINESCU,Romania,4,1,0,0,0,0,0,0,1,3,0,0,0.0,0.0
Luciano CASTELLINI,Italy,3,1,0,0,0,0,0,0,0,3,0,0,0.0,0.0
Miguel GUTIERREZ,Mexico,6,2,0,0,0,0,0,0,2,4,0,0,0.0,0.0
Miguel GUERRERO,Colombia,4,1,0,0,0,0,0,0,0,4,0,0,0.0,0.0
Luciano RE CECCONI,Italy,3,1,0,0,0,0,0,0,0,3,0,0,0.0,0.0
Miguel GAMBOA,Chile,3,1,0,0,1,0,0,0,1,2,0,0,0.0,0.333
Miguel ESPANA,Mexico,5,1,0,0,0,0,0,0,3,2,0,0,0.0,0.0
Miguel BOSSIO,Uruguay,4,1,0,0,1,1,1,0,3,1,0,0,0.0,0.5
Miguel DAVIS,Costa Rica,4,1,0,0,0,0,0,0,0,4,0,0,0.0,0.0
Miguel CAPPUCCINI,Uruguay,4,1,0,0,0,0,0,0,0,4,0,0,0.0,0.0
Miguel BUSQUETS,Chile,3,1,0,0,0,0,0,0,3,0,0,0,0.0,0.0
Luciano SPINOSI,Italy,3,1,0,0,0,0,0,0,3,0,0,0,0.0,0.0
Miguel BRITO,Bolivia,2,1,0,0,0,0,0,0,0,2,0,0,0.0,0.0
Lucidio SENTIMENTI,Italy,2,1,0,0,0,0,0,0,1,1,0,0,0.0,0.0
Lucien JASSERON,France,2,1,0,0,0,0,0,0,0,2,0,0,0.0,0.0
Luis ARCONADA,Spain,8,2,0,0,0,0,0,5,5,3,0,0,0.0,0.0
Luis CABALLERO,Paraguay,4,1,0,0,0,0,0,0,0,4,0,0,0.0,0.0
Michel BRUSSEAUX,France,2,1,0,0,0,0,0,0,0,2,0,0,0.0,0.0
Luis GALVAN,Argentina,12,2,0,0,0,0,0,0,12,0,0,0,0.0,0.0
Mel HOPKINS,Wales,5,1,0,0,0,0,0,0,5,0,0,0,0.0,0.0
Mel CHARLES,Wales,5,1,0,0,0,0,0,0,5,0,0,0,0.0,0.0
Luis Ernesto CASTRO,Uruguay,5,1,0,0,0,0,0,0,0,5,0,0,0.0,0.0
McNAMARA,Scotland,3,1,0,0,0,0,0,0,1,2,0,0,0.0,0.0
McMANAMAN,England,4,1,0,0,0,0,0,0,0,4,0,0,0.0,0.0
Luis FAJARDO,Colombia,4,1,0,0,0,0,0,0,2,2,0,0,0.0,0.0
McBRIDE,USA,3,1,0,0,0,0,0,0,3,0,0,0,0.0,0.0
Mbungu EKOFO,Zaire,3,1,0,0,0,0,0,0,0,3,0,0,0.0,0.0
Luis EYZAGUIRRE,Chile,9,2,0,0,0,0,0,0,7,2,0,0,0.0,0.0
Mayanga MAKU,Zaire,3,1,0,0,0,0,0,0,2,1,0,0,0.0,0.0
Luis GARISTO,Uruguay,3,1,0,0,0,0,0,0,2,1,0,0,0.0,0.0
Max WEILER,Switzerland,2,1,0,0,0,0,0,0,0,2,0,0,0.0,0.0
Max TOLSON,Australia,3,1,0,0,0,0,0,0,0,3,0,0,0.0,0.0
Max PRIETO,Mexico,3,1,0,0,0,0,0,0,0,3,0,0,0.0,0.0
Max LORENZ,West Germany,12,2,0,0,1,0,0,0,0,12,0,0,0.0,0.083
Max HAGMAYR,Austria,5,1,0,0,0,0,0,0,1,4,0,0,0.0,0.0
Melanio BAEZ,Paraguay,2,1,0,0,0,0,0,0,0,2,0,0,0.0,0.0
Menachem BELLO,Israel,3,1,0,0,1,0,0,0,1,2,0,0,0.0,0.333
Michel BIBARD,France,7,1,0,0,0,0,0,0,1,6,0,0,0.0,0.0
Michael TARNAT,Germany,5,1,0,0,2,0,0,0,3,2,0,0,0.0,0.4
Luis CRISTALDO,Bolivia,3,1,0,0,2,1,1,0,2,1,0,0,0.0,1.0
Luis CRUZ,Uruguay,5,1,0,1,0,0,0,0,5,0,0,0,0.0,0.0
Luis CRUZADO,Peru,4,1,0,0,0,0,0,0,0,4,0,0,0.0,0.0
Michal BILEK,Czechoslovakia,5,1,0,0,1,0,0,0,5,0,2,0,0.0,0.2
Luis Carlos PEREA,Colombia,7,2,0,0,1,0,0,0,6,1,0,0,0.0,0.143
Michal BENEDIKOVIC,Czechoslovakia,2,1,0,0,0,0,0,0,0,2,0,0,0.0,0.0
Michael WINDISCHMANN,USA,3,1,0,0,1,0,0,3,3,0,0,0,0.0,0.333
Michael STREITER,Austria,3,1,0,0,0,0,0,0,2,1,0,0,0.0,0.0
Michael BAUR,Austria,3,1,0,0,0,0,0,0,0,3,0,0,0.0,0.0
Michael SORBER,USA,4,1,0,0,0,0,0,0,4,0,0,0,0.0,0.0
Michael REIZIGER,Netherlands,7,1,0,0,1,0,0,0,4,3,0,0,0.0,0.143
Luis DEL SOL,Spain,6,2,0,0,0,0,0,0,4,2,0,0,0.0,0.0
Michael LAPPER,USA,4,1,0,0,0,0,0,0,0,4,0,0,0.0,0.0
Michael KONSEL,Austria,6,2,0,0,0,0,0,0,3,3,0,0,0.0,0.0
Michael KLEIN,Romania,4,1,0,0,1,0,0,0,4,0,0,0,0.0,0.25
Michael EMENALO,Nigeria,4,1,0,0,2,0,0,0,3,1,0,0,0.0,0.5
?URI?I?,Serbia,3,1,0,0,0,0,0,0,0,3,0,0,0.0,0.0
Puck VAN HEEL,Netherlands,2,2,0,0,0,0,0,2,2,0,0,0,0.0,0.0
PALOMBO,Italy,3,1,0,0,0,0,0,0,0,3,0,0,0.0,0.0
Terry BUTCHER,England,17,3,0,0,2,0,0,3,13,4,0,0,0.0,0.118
Theo CUSTERS,Belgium,5,1,0,0,0,0,0,0,1,4,0,0,0.0,0.0
Themba MNGUNI,South Africa,3,1,0,0,0,0,0,0,0,3,0,0,0.0,0.0
Thanasis KOLITSIDAKIS,Greece,3,1,0,0,0,0,0,0,1,2,0,0,0.0,0.0
Thabet EL BATAL,Egypt,3,1,0,0,0,0,0,0,0,3,0,0,0.0,0.0
Teruyoshi ITO,Japan,3,1,0,0,0,0,0,0,0,3,0,0,0.0,0.0
Terry PHELAN,Ireland,4,1,0,0,2,0,0,0,3,1,0,0,0.0,0.5
Terry PAINE,England,6,1,0,0,0,0,0,0,1,5,0,0,0.0,0.0
Terry McDERMOTT,England,5,1,0,0,0,0,0,0,0,5,0,0,0.0,0.0
Terry FENWICK,England,5,1,0,0,3,0,0,0,4,1,0,0,0.0,0.6
Terry COOPER,England,4,1,0,0,0,0,0,0,4,0,0,0,0.0,0.0
Terence MOORE,Canada,3,1,0,0,0,0,0,0,0,3,0,0,0.0,0.0
Theodor REIMANN,Czechoslovakia,2,1,0,0,0,0,0,0,1,1,0,0,0.0,0.0
Teofilo SPASOJEVIC,Yugoslavia,3,1,0,0,0,0,0,0,0,3,0,0,0.0,0.0
Tengiz SULAKVELIDZE,Soviet Union,5,1,0,0,0,0,0,0,4,1,0,0,0.0,0.0
Temime LAKHZAMI,Tunisia,3,1,0,0,0,0,0,3,3,0,0,0,0.0,0.0
Teddy SHERINGHAM,England,4,1,0,0,0,0,0,0,2,2,0,0,0.0,0.0
Teddy LUCIC,Sweden,7,1,0,0,0,0,0,0,0,7,0,0,0.0,0.0
Ted DITCHBURN,England,3,1,0,0,0,0,0,0,0,3,0,0,0.0,0.0
Ted BURGIN,England,3,1,0,0,0,0,0,0,0,3,0,0,0.0,0.0
Tassos MITROPOULOS,Greece,3,1,0,0,2,0,0,1,1,2,0,0,0.0,0.667
Taribo WEST,Nigeria,4,1,0,0,0,0,0,0,4,0,0,0,0.0,0.0
Tarek THABET,Tunisia,3,1,0,0,0,0,0,0,1,2,0,0,0.0,0.0
Theo SNELDERS,Netherlands,5,1,0,0,0,0,0,0,0,5,0,0,0.0,0.0
Theodore NOUWENS,Belgium,2,1,0,0,0,0,0,0,2,0,0,0,0.0,0.0
Tarek DHIAB,Tunisia,3,1,0,0,1,0,0,0,3,0,0,0,0.0,0.333
Thomas NKONO,Cameroon,11,3,0,0,3,0,0,3,8,3,0,0,0.0,0.273
Tim FLOWERS,England,4,1,0,0,0,0,0,0,0,4,0,0,0.0,0.0
Tibor SELYMES,Romania,4,1,0,0,0,0,0,0,0,4,0,0,0.0,0.0
Tibor RAB,Hungary,6,2,0,0,0,0,0,0,1,5,0,0,0.0,0.0
Tibor KEMENY,Hungary,2,1,0,0,0,0,0,0,1,1,0,0,0.0,0.0
Thomson ALLAN,Scotland,3,1,0,0,0,0,0,0,0,3,0,0,0.0,0.0
Thompson OLIHA,Nigeria,4,1,0,0,0,0,0,0,0,4,0,0,0.0,0.0
Thomas WYSS,Switzerland,4,1,0,0,0,0,0,0,0,4,0,0,0.0,0.0
Thomas STRUNZ,Germany,5,1,0,0,0,0,0,0,1,4,0,0,0.0,0.0
Thomas RAVELLI,Sweden,10,2,0,0,0,0,0,0,10,0,0,0,0.0,0.0
Thomas NORDAHL,Sweden,3,1,0,0,0,0,0,0,1,2,0,0,0.0,0.0
Thomas MYHRE,Norway,4,1,0,0,0,0,0,0,0,4,0,0,0.0,0.0
Theophile ABEGA,Cameroon,3,1,0,0,0,0,0,0,3,0,0,0,0.0,0.0
Thomas LIBIIH,Cameroon,8,2,0,0,0,0,0,0,4,4,0,0,0.0,0.0
Thomas HELMER,Germany,5,1,0,0,0,0,0,0,2,3,0,0,0.0,0.0
Thomas HAESSLER,West Germany,7,1,0,0,0,0,0,0,4,3,0,0,0.0,0.0
Thomas FINNEY,Northern Ireland,5,1,0,0,0,0,0,0,0,5,0,0,0.0,0.0
Thomas DOOLEY,USA,3,1,0,0,0,0,0,3,3,0,0,0,0.0,0.0
Thomas BICKEL,Switzerland,4,1,0,0,0,0,0,0,2,2,0,0,0.0,0.0
Thomas BERTHOLD,West Germany,19,3,0,0,1,1,1,0,18,1,0,0,0.0,0.105
Thomas ALLOFS,West Germany,7,1,0,0,0,0,0,0,0,7,0,0,0.0,0.0
Thomas AHLSTROM,Sweden,6,1,0,0,0,0,0,0,0,6,0,0,0.0,0.0
Thierry TUSSEAU,France,7,1,0,0,0,0,0,0,2,5,0,0,0.0,0.0
Tarek SOLIMAN,Egypt,3,1,0,0,0,0,0,0,0,3,0,0,0.0,0.0
Talal JEBRIN,Saudi Arabia,4,1,0,0,1,0,0,0,3,1,0,0,0.0,0.25
Titus BUBERNIK,Czechoslovakia,10,2,0,0,0,1,1,0,1,9,0,0,0.0,0.1
TOFTING,Denmark,4,1,0,0,1,0,0,0,4,0,0,0,0.0,0.25
TOTTI,Italy,11,2,0,0,4,1,1,0,10,1,1,0,0.0,0.455
TOSELLI,Chile,4,1,0,0,0,0,0,0,0,4,0,0,0.0,0.0
TONINHO CEREZO,Brazil,12,2,0,0,1,0,0,0,10,2,0,0,0.0,0.083
TONINHO,Brazil,7,1,0,0,0,0,0,0,6,1,0,0,0.0,0.0
TOMMASI,Italy,4,1,0,0,1,0,0,0,4,0,0,0,0.0,0.25
TOMAS,Spain,11,3,0,0,2,0,0,0,9,2,0,0,0.0,0.182
TOLEDO,Paraguay,3,1,0,0,0,0,0,0,1,2,0,0,0.0,0.0
TOLDO,Italy,4,1,0,0,0,0,0,0,0,4,0,0,0.0,0.0
TOKIC,Croatia,3,1,0,0,0,0,0,0,0,3,0,0,0.0,0.0
TOI?,Serbia,3,1,0,0,0,0,0,0,0,3,0,0,0.0,0.0
TODA,Japan,4,1,0,0,2,0,0,0,4,0,0,0,0.0,0.5
TOURE K.,Cte d'Ivoire,3,1,0,0,0,0,0,0,2,1,0,0,0.0,0.0
TIZIE,Cte d'Ivoire,3,1,0,0,0,0,0,0,2,1,0,0,0.0,0.0
TITI BUENGO,Angola,3,1,0,0,0,0,0,0,0,3,0,0,0.0,0.0
TITA,Brazil,4,1,0,0,0,0,0,0,0,4,0,0,0.0,0.0
TIOTE,Cte d'Ivoire,6,2,0,0,2,0,0,0,6,0,0,0,0.0,0.333
TIMMER,Netherlands,4,1,0,0,0,0,0,0,0,4,0,0,0.0,0.0
TIM,Brazil,5,1,0,0,0,0,0,0,1,4,0,0,0.0,0.0
TIGANJ,Slovenia,3,1,0,0,0,0,0,0,0,3,0,0,0.0,0.0
TIENE,Cte d'Ivoire,3,1,0,0,1,0,0,0,2,1,0,0,0.0,0.333
THWALA,South Africa,3,1,0,0,0,0,0,0,1,2,0,0,0.0,0.0
THURAM,France,10,2,0,0,1,0,0,0,10,0,0,0,0.0,0.1
TOULALAN,France,3,1,0,0,2,0,0,0,2,1,0,0,0.0,0.667
TOURE KOLO,Cte d'Ivoire,3,1,0,0,0,0,0,1,3,0,0,0,0.0,0.0
Takashi HIRANO,Japan,3,1,0,0,1,0,0,0,0,3,0,0,0.0,0.333
TULIO,Japan,4,1,0,0,0,0,0,0,4,0,0,0,0.0,0.0
Taher EL KHALEJ,Morocco,3,1,0,0,0,0,0,0,3,0,0,0,0.0,0.0
Taher ABOU ZEID,Egypt,3,1,0,0,0,0,0,0,0,3,0,0,0.0,0.0
Tadeusz DOLNY,Poland,7,1,0,0,0,0,0,0,0,7,0,0,0.0,0.0
Tadeas KRAUS,Czechoslovakia,6,2,0,0,0,0,0,0,2,4,0,0,0.0,0.0
Tab RAMOS,USA,6,2,0,0,0,0,0,0,4,2,0,0,0.0,0.0
TZORVAS,Greece,3,1,0,0,0,0,0,0,3,0,0,0,0.0,0.0
TZIOLIS,Greece,7,2,0,0,1,0,0,0,3,4,0,0,0.0,0.143
TZAVELLAS,Greece,4,1,0,0,0,0,0,0,0,4,0,0,0.0,0.0
TYMOSCHUK,Ukraine,5,1,0,0,1,0,0,0,5,0,0,0,0.0,0.2
TURCIOS,Honduras,3,1,0,0,1,0,0,0,1,2,0,0,0.0,0.333
TUKER,Saudi Arabia,3,1,0,0,0,0,0,0,3,0,0,0,0.0,0.0
TOURE Y.,Cte d'Ivoire,3,1,0,0,0,0,0,0,3,0,0,0,0.0,0.0
TUKAR,Saudi Arabia,3,1,0,0,0,0,0,0,3,0,0,0,0.0,0.0
TUGAY,Turkey,7,1,0,0,3,0,0,0,7,0,0,0,0.0,0.429
TUDOR,Croatia,3,1,0,0,2,0,0,0,3,0,0,0,0.0,0.667
TSUBOI,Japan,3,1,0,0,0,0,0,0,2,1,0,0,0.0,0.0
TROISI,Australia,3,1,0,0,0,0,0,0,0,3,0,0,0.0,0.0
TROCHOWSKI,Germany,7,1,0,0,0,0,0,0,1,6,0,0,0.0,0.0
TRIKI,Morocco,3,1,0,0,0,0,0,0,3,0,0,0,0.0,0.0
TREZEGUET,France,10,2,0,0,0,0,0,0,4,6,0,0,0.0,0.0
TRAORE,Senegal,5,1,0,0,0,0,0,0,0,5,0,0,0.0,0.0
TRABELSI,Tunisia,6,2,0,0,2,0,0,0,6,0,0,0,0.0,0.333
Tino LETTIERI,Canada,3,1,0,0,0,0,0,0,2,1,0,0,0.0,0.0
Tivadar MONOSTORI,Hungary,8,2,0,0,0,0,0,0,1,7,0,0,0.0,0.0
THOMAS,Honduras,3,1,0,0,1,0,0,0,1,2,0,0,0.0,0.333
Ulf KIRSTEN,Germany,10,2,0,0,0,0,0,0,0,10,0,0,0.0,0.0
Uwe RAHN,West Germany,7,1,0,0,0,0,0,0,0,7,0,0,0.0,0.0
Urbano RIVERA,Uruguay,5,1,0,0,0,0,0,0,0,5,0,0,0.0,0.0
Umberto CALIGARIS,Italy,5,1,0,0,0,0,0,0,0,5,0,0,0.0,0.0
Ulrik JANSSON,Sweden,3,1,0,0,0,0,0,0,0,3,0,0,0.0,0.0
Ulrich VAN GOBBEL,Netherlands,5,1,0,0,1,0,0,0,1,4,0,0,0.0,0.2
Ulrich STEIN,West Germany,7,1,0,0,0,0,0,0,0,7,0,0,0.0,0.0
Ulises POIRIER,Chile,3,1,0,0,0,0,0,0,1,2,0,0,0.0,0.0
Uli STIELIKE,West Germany,7,1,0,0,2,0,0,0,7,0,0,0,0.0,0.286
Uli HOENESS,West Germany,7,1,0,0,0,0,0,0,6,1,1,0,0.0,0.0
Uli BIESINGER,West Germany,6,1,0,0,0,0,0,0,0,6,0,0,0.0,0.0
Ugo LOCATELLI,Italy,4,1,0,0,0,0,0,0,4,0,0,0,0.0,0.0
V. BOMMEL,Netherlands,11,2,0,0,4,0,0,0,10,1,0,0,0.0,0.364
Ugo FERRANTE,Italy,6,1,0,0,0,0,0,0,0,6,0,0,0.0,0.0
Uche OKECHUKWU,Nigeria,4,1,0,0,0,0,0,0,4,0,0,0,0.0,0.0
Uche OKAFOR,Nigeria,8,2,0,0,0,0,0,0,1,7,0,0,0.0,0.0
Ubaldo FILLOL,Argentina,18,3,0,0,0,0,0,0,13,5,0,0,0.0,0.0
UZOENYI,Nigeria,4,1,0,0,0,0,0,0,0,4,0,0,0.0,0.0
UTAKA,Nigeria,6,2,0,0,0,0,0,0,1,5,0,0,0.0,0.0
USTARI,Argentina,5,1,0,0,0,0,0,0,0,5,0,0,0.0,0.0
UNJI?,Bosnia and Herzegovina,3,1,0,0,0,0,0,0,2,1,0,0,0.0,0.0
UMIT OZAT,Turkey,7,1,0,0,0,0,0,0,2,5,0,0,0.0,0.0
UMAA M.,Costa Rica,8,2,0,0,2,0,0,0,7,1,0,0,0.0,0.25
V. BEREZUTSKIY,Russia,3,1,0,0,0,0,0,3,3,0,0,0,0.0,0.0
V. CACERES,Paraguay,5,1,0,0,3,0,0,0,4,1,0,0,0.0,0.6
UJFALUSI,Czech Republic,3,1,0,0,0,1,1,0,2,1,0,0,0.0,0.333
VAMPETA,Brazil,7,1,0,0,0,0,0,0,0,7,0,0,0.0,0.0
VASILJ,Croatia,3,1,0,0,0,0,0,0,0,3,0,0,0.0,0.0
VASHCHUK,Ukraine,5,1,0,0,0,1,1,0,2,3,0,0,0.0,0.2
VARANE,France,5,1,0,0,0,0,0,0,4,1,0,0,0.0,0.0
VANDEN BORRE,Belgium,5,1,0,0,0,0,0,0,1,4,0,0,0.0,0.0
VAN MEIR,Belgium,4,1,0,0,1,0,0,0,1,3,0,0,0.0,0.25
VAN DER WIEL,Netherlands,7,1,0,0,3,0,0,0,5,2,0,0,0.0,0.429
VAN DER VAART,Netherlands,11,2,0,0,2,0,0,0,4,7,0,0,0.0,0.182
VAN DER SAR,Netherlands,4,1,0,0,0,0,0,4,4,0,0,0,0.0,0.0
VAN DER ELST,Belgium,4,1,0,0,0,0,0,0,4,0,0,0,0.0,0.0
VAN BUYTEN,Belgium,9,2,0,0,1,0,0,0,9,0,0,0,0.0,0.111
VALLEJOS,Costa Rica,3,1,0,0,0,0,0,0,0,3,0,0,0.0,0.0
V.D.DRIESSCHE,Belgium,4,1,0,0,0,0,0,0,0,4,0,0,0.0,0.0
VALLADARES,Honduras,6,2,0,1,0,0,0,4,6,0,0,0,0.0,0.0
VALERI,Australia,3,1,0,0,1,0,0,0,3,0,0,0,0.0,0.333
VALDO,Brazil,9,2,0,0,0,0,0,0,4,5,0,0,0.0,0.0
VALDES,Colombia,5,1,0,0,0,0,0,0,1,4,0,0,0.0,0.0
VALDERRAMA,Colombia,6,2,0,0,2,0,0,6,6,0,0,0,0.0,0.333
V.VALDES,Spain,7,1,0,0,0,0,0,0,0,7,0,0,0.0,0.0
V.TALEBLOO,Iran,3,1,0,0,0,0,0,0,0,3,0,0,0.0,0.0
V.KERCKHOVEN,Belgium,4,1,0,0,0,0,0,0,2,2,0,0,0.0,0.0
V.HASHEMIAN,Iran,3,1,0,0,0,0,0,0,3,0,0,0,0.0,0.0
V.D.HAEGHE,Belgium,4,1,0,0,2,0,0,0,4,0,0,0,0.0,0.5
ULER,Slovenia,3,1,0,0,1,0,0,0,3,0,0,0,0.0,0.333
UDEZE,Nigeria,3,1,0,0,0,0,0,0,2,1,0,0,0.0,0.0
Todor DIEV,Bulgaria,3,1,0,0,0,0,0,0,1,2,0,0,0.0,0.0
Tommy CASEY,Northern Ireland,5,1,0,0,0,0,0,0,2,3,0,0,0.0,0.0
Toni ALLEMANN,Switzerland,3,1,0,0,0,0,0,0,3,0,0,0,0.0,0.0
Tommy YOUNGER,Scotland,3,1,0,0,0,0,0,2,2,1,0,0,0.0,0.0
Tommy WRIGHT,England,4,1,0,0,0,0,0,0,1,3,0,0,0.0,0.0
Tommy TAYLOR,England,3,1,0,0,0,0,0,0,2,1,0,0,0.0,0.0
Tommy SVENSSON,Sweden,3,1,0,0,0,0,0,1,3,0,0,0,0.0,0.0
Tommy HUTCHISON,Scotland,3,1,0,0,0,0,0,0,0,3,0,0,0.0,0.0
Tommy HAMILL,Northern Ireland,5,1,0,0,0,0,0,0,0,5,0,0,0.0,0.0
Tommy DOCHERTY,Scotland,5,2,0,0,0,0,0,0,2,3,0,0,0.0,0.0
Tommy COYNE,Ireland,4,1,0,0,1,0,0,0,3,1,0,0,0.0,0.25
Tommy CASSIDY,Northern Ireland,5,1,0,0,0,0,0,0,0,5,0,0,0.0,0.0
Tommy BANKS,England,4,1,0,0,0,0,0,0,4,0,0,0,0.0,0.0
Tony ADAMS,England,4,1,0,0,0,0,0,0,4,0,0,0,0.0,0.0
Tomislav IVKOVIC,Yugoslavia,5,1,0,0,0,0,0,0,5,0,0,0,0.0,0.0
Tomislav CRNKOVIC,Yugoslavia,7,2,0,0,0,0,0,0,7,0,0,0,0.0,0.0
Tomas POSPICHAL,Czechoslovakia,6,1,0,0,0,0,0,0,3,3,0,0,0.0,0.0
Tomas PINEDA,El Salvador,3,1,0,0,0,0,0,0,0,3,0,0,0.0,0.0
Tomas OJEDA,Chile,3,1,0,0,0,0,0,0,2,1,0,0,0.0,0.0
Tomas KRIZ,Czechoslovakia,3,1,0,0,0,0,0,0,2,1,0,0,0.0,0.0
Tomas BOY,Mexico,5,1,0,0,0,0,0,5,5,0,0,0,0.0,0.0
Tom FORSYTH,Scotland,3,1,0,0,0,0,0,0,2,1,0,0,0.0,0.0
Tom BOYD,Scotland,3,1,0,1,0,0,0,0,3,0,0,0,0.0,0.0
Tom BAKER,Wales,5,1,0,0,0,0,0,0,0,5,0,0,0.0,0.0
Toni TUREK,West Germany,6,1,0,0,0,0,0,0,5,1,0,0,0.0,0.0
Tony CASCARINO,Ireland,9,2,0,0,0,0,0,0,2,7,0,0,0.0,0.0
UCHIDA,Japan,7,2,0,0,0,0,0,0,3,4,0,0,0.0,0.0
Trifon IVANOV,Bulgaria,3,1,0,0,1,0,0,3,3,0,0,0,0.0,0.333
UCHEBO,Nigeria,4,1,0,0,0,0,0,0,0,4,0,0,0.0,0.0
U. DE LA CRUZ,Ecuador,4,1,0,0,2,0,0,0,4,0,0,0,0.0,0.5
Txiki BEGUIRISTAIN,Spain,5,1,0,0,0,0,0,0,0,5,1,0,0.0,0.0
Turgay SEREN,Turkey,3,1,0,0,0,0,0,2,2,1,0,0,0.0,0.0
Tullio GRASSI,Switzerland,3,1,0,0,0,0,0,0,1,2,0,0,0.0,0.0
Tubilandu NDIMBI,Zaire,3,1,0,0,0,0,0,0,0,3,0,0,0.0,0.0
Tsonyo VASILEV,Bulgaria,3,1,0,0,1,0,0,0,3,0,0,0,0.0,0.333
Tshinabu WA MUNDA,Zaire,3,1,0,0,0,0,0,0,1,2,0,0,0.0,0.0
Tsanko TSVETANOV,Bulgaria,7,1,0,0,2,1,1,0,6,1,0,0,0.0,0.429
Trols RASMUSSEN,Denmark,4,1,0,0,0,0,0,0,2,2,0,0,0.0,0.0
Trevor STEVEN,England,12,2,0,0,0,0,0,0,4,8,0,0,0.0,0.0
Tony DORIGO,England,7,1,0,0,0,0,0,0,1,6,0,0,0.0,0.0
Trevor EDWARDS,Wales,5,1,0,0,0,0,0,0,0,5,0,0,0.0,0.0
Trevor BROOKING,England,5,1,0,0,0,0,0,0,0,5,0,0,0.0,0.0
Tranquilino GARCETE,Paraguay,2,1,0,0,0,0,0,0,1,1,0,0,0.0,0.0
Toshihiro HATTORI,Japan,3,1,0,0,0,0,0,0,0,3,0,0,0.0,0.0
Toshihide SAITO,Japan,3,1,0,0,0,0,0,0,0,3,0,0,0.0,0.0
Torsten LINDBERG,Sweden,5,1,0,0,0,0,0,0,0,5,0,0,0.0,0.0
Tore SVENSSON,Sweden,6,1,0,0,0,0,0,0,0,6,0,0,0.0,0.0
Torbjorn NILSSON,Sweden,3,1,0,0,0,0,0,0,1,2,0,0,0.0,0.0
Tony WOODCOCK,England,5,1,0,0,0,0,0,0,1,4,0,0,0.0,0.0
Tony MEOLA,USA,7,2,0,0,1,0,0,4,7,0,0,0,0.0,0.143
THOMPSON,Australia,4,1,0,0,0,0,0,0,0,4,0,0,0.0,0.0
THIJS,Belgium,4,1,0,0,0,0,0,0,0,4,0,0,0.0,0.0
PAMPLONA,Brazil,2,1,0,0,0,0,0,0,0,2,0,0,0.0,0.0
Sergio MENDEZ,El Salvador,3,1,0,0,1,0,0,0,1,2,0,0,0.0,0.333
Shraga BAR,Israel,3,1,0,0,1,0,0,0,2,1,0,0,0.0,0.333
Shoji JO,Japan,3,1,0,0,0,0,0,0,3,0,0,0,0.0,0.0
Shmuel ROSENTHAL,Israel,3,1,0,0,0,0,0,0,3,0,0,0,0.0,0.0
Shinji ONO,Japan,3,1,0,0,0,0,0,0,0,3,0,0,0.0,0.0
Severino REIJA,Spain,6,2,0,0,0,0,0,0,3,3,0,0,0.0,0.0
Severino MINELLI,Switzerland,5,2,0,0,0,0,0,4,4,1,0,0,0.0,0.0
Sergio VAZQUEZ,Argentina,4,1,0,0,0,0,0,0,0,4,0,0,0.0,0.0
Sergio VALDES,Chile,6,1,0,0,0,0,0,0,0,6,0,0,0.0,0.0
Sergio SANTIN,Uruguay,4,1,0,0,1,0,0,0,4,0,0,0,0.0,0.25
Sergio NAVARRO,Chile,6,1,0,0,0,0,0,4,4,2,0,0,0.0,0.0
Sergio MARTINEZ,Uruguay,4,1,0,0,0,0,0,0,1,3,0,0,0.0,0.0
Sigge PARLING,Sweden,6,1,0,0,0,0,0,0,6,0,0,0,0.0,0.0
Sergio LIVINGSTONE,Chile,3,1,0,0,0,0,0,3,3,0,0,0,0.0,0.0
Sergio GOYCOCHEA,Argentina,11,2,0,0,1,0,0,0,5,6,0,0,0.0,0.091
Sergio GORI,Italy,6,1,0,0,0,0,0,0,0,6,0,0,0.0,0.0
Sergio CERVATO,Italy,3,1,0,0,0,0,0,0,0,3,0,0,0.0,0.0
Sergio BRAVO,Mexico,2,1,0,0,0,0,0,0,0,2,0,0,0.0,0.0
Sergio BERTONI,Italy,4,1,0,0,0,0,0,0,0,4,0,0,0.0,0.0
Sergio BERTI,Argentina,5,1,0,0,0,0,0,0,0,5,0,0,0.0,0.0
Sergio BATISTA,Argentina,14,2,0,0,3,0,0,0,10,4,0,0,0.0,0.214
Sergio ALMIRON,Argentina,7,1,0,0,0,0,0,0,0,7,0,0,0.0,0.0
Sergei YURAN,Russia,3,1,0,0,0,0,0,0,1,2,0,0,0.0,0.0
Siegmar WAETZLICH,East Germany,6,1,0,0,1,0,0,0,4,2,0,0,0.0,0.167
Sigmund HARINGER,Germany,4,1,0,0,0,0,0,0,3,1,0,0,0.0,0.0
Sergei KRAKOVSKY,Soviet Union,4,1,0,0,0,0,0,0,0,4,0,0,0.0,0.0
Sirio VERNATI,Switzerland,3,1,0,0,0,0,0,0,3,0,0,0,0.0,0.0
Spartaco LANDINI,Italy,3,1,0,0,0,0,0,0,1,2,0,0,0.0,0.0
Soren COLDING,Denmark,5,1,0,0,2,0,0,0,4,1,0,0,0.0,0.4
Soren BUSK,Denmark,4,1,0,0,0,0,0,0,4,0,0,0,0.0,0.0
Sol CAMPBELL,England,4,1,0,0,1,0,0,0,4,0,0,0,0.0,0.25
Smahi TRIKI,Morocco,3,1,0,0,0,0,0,0,1,2,0,0,0.0,0.0
Slavko SVINJAREVIC,Yugoslavia,6,1,0,0,0,0,0,0,1,5,0,0,0.0,0.0
Slavisa JOKANOVIC,Yugoslavia,4,1,0,0,0,0,0,0,4,0,0,0,0.0,0.0
Slaven BILIC,Croatia,7,1,0,0,2,0,0,0,7,0,0,0,0.0,0.286
Slava METREVELI,Soviet Union,14,3,0,0,0,0,0,0,3,11,0,0,0.0,0.0
Skander SOUAYEH,Tunisia,3,1,0,0,1,0,0,0,3,0,1,0,0.0,0.333
Sirajeddine CHIHI,Tunisia,3,1,0,0,0,0,0,0,3,0,0,0,0.0,0.0
Sigurd RUSHFELDT,Norway,3,1,0,0,0,0,0,0,1,2,0,0,0.0,0.0
Sinisa ZLATKOVIC,Yugoslavia,3,1,0,0,0,0,0,0,0,3,0,0,0.0,0.0
Simon TCHOBANG,Cameroon,3,1,0,0,0,0,0,0,0,3,0,0,0.0,0.0
Simon LECUE,Spain,3,1,0,0,0,0,0,0,2,1,0,0,0.0,0.0
Simon DONNELLY,Scotland,3,1,0,0,0,0,0,0,0,3,0,0,0.0,0.0
Simeon SIMEONOV,Bulgaria,9,3,0,0,0,0,0,0,3,6,0,0,0.0,0.0
Sima MILOVANOV,Yugoslavia,3,1,0,0,0,0,0,0,0,3,0,0,0.0,0.0
Silviu LUNG,Romania,4,1,0,0,0,0,0,4,4,0,0,0,0.0,0.0
Silvio MARZOLINI,Argentina,7,2,0,0,0,0,0,0,7,0,0,0,0.0,0.0
Silvio MARIC,Croatia,7,1,0,0,0,0,0,0,1,6,0,0,0.0,0.0
Silvio AQUINO,El Salvador,3,1,0,0,0,0,0,0,0,3,0,0,0.0,0.0
Sergei SALNIKOV,Soviet Union,5,1,0,0,0,0,0,0,3,2,0,0,0.0,0.0
Sergei KOTRIKADZE,Soviet Union,4,1,0,0,0,0,0,0,0,4,0,0,0.0,0.0
Srboljub KRIVOKUCA,Yugoslavia,10,2,0,0,0,0,0,0,1,9,0,0,0.0,0.0
Samuel EKEME,Cameroon,3,1,0,0,0,0,0,0,0,3,0,0,0.0,0.0
Sandro COIS,Italy,5,1,0,0,0,0,0,0,0,5,0,0,0.0,0.0
Sandor SALLAI,Hungary,6,2,0,0,0,0,0,0,5,1,0,0,0.0,0.0
Sandor PINTER,Hungary,3,1,0,0,0,0,0,0,3,0,0,0,0.0,0.0
Sandor MULLER,Hungary,3,1,0,0,0,0,0,0,2,1,0,0,0.0,0.0
Sandor MATRAI,Hungary,12,3,0,0,0,0,0,0,12,0,0,0,0.0,0.0
Sandor GUJDAR,Hungary,3,1,0,0,0,0,0,0,2,1,0,0,0.0,0.0
Sandor GELLER,Hungary,5,1,0,0,0,0,0,0,0,5,0,0,0.0,0.0
Sandor BIRO,Hungary,6,2,0,0,0,0,0,0,4,2,0,0,0.0,0.0
Samuel ZAUBER,Romania,2,1,0,0,0,0,0,0,0,2,0,0,0.0,0.0
Samuel IPOUA,Cameroon,3,1,0,0,1,0,0,0,2,1,0,0,0.0,0.333
Samuel CUBURU,Mexico,3,1,0,0,0,0,0,0,1,2,0,0,0.0,0.0
Sandy JARDINE,Scotland,6,2,0,0,0,0,0,0,4,2,0,0,0.0,0.0
Samuel AGUILAR,Paraguay,3,1,0,0,0,0,0,0,2,1,0,0,0.0,0.0
Sammy NELSON,Northern Ireland,5,1,0,0,0,0,0,0,1,4,0,0,0.0,0.0
Sammy McCRORY,Northern Ireland,5,1,0,0,0,0,0,0,0,5,0,0,0.0,0.0
Sammy CHAPMAN,Northern Ireland,5,1,0,0,0,0,0,0,0,5,0,0,0.0,0.0
Sami AL HASHASH,Kuwait,3,1,0,0,0,0,0,0,0,3,0,0,0.0,0.0
Sam McILROY,Northern Ireland,8,2,0,0,2,0,0,3,8,0,0,0,0.0,0.25
Sam MALCOLMSON,New Zealand,3,1,0,0,0,0,0,0,1,2,0,0,0.0,0.0
Salvatore BAGNI,Italy,4,1,0,0,1,0,0,0,4,0,0,0,0.0,0.25
Salvador VILLALBA,Paraguay,3,1,0,0,0,0,0,0,3,0,0,0,0.0,0.0
Salvador SADURNI,Spain,3,1,0,0,0,0,0,0,0,3,0,0,0.0,0.0
Sandro SALVADORE,Italy,6,2,0,0,0,0,0,2,5,1,0,0,0.0,0.0
Sanny ASLUND,Sweden,3,1,0,0,0,0,0,0,0,3,0,0,0.0,0.0
Sergei GORLUKOVICH,Soviet Union,6,2,0,0,2,1,1,0,5,1,0,0,0.0,0.5
Scott BOOTH,Scotland,3,1,0,0,0,0,0,0,0,3,0,0,0.0,0.0
Sergei FOKIN,Soviet Union,3,1,0,0,0,0,0,0,0,3,0,0,0.0,0.0
Sergei BOROVSKI,Soviet Union,5,1,0,0,1,0,0,0,3,2,0,0,0.0,0.2
Sergei ANDREYEV,Soviet Union,5,1,0,0,0,0,0,0,0,5,0,0,0.0,0.0
Serge RACINE,Haiti,3,1,0,0,0,0,0,0,1,2,0,0,0.0,0.0
Serge DUCOSTE,Haiti,3,1,0,0,0,0,0,0,1,2,0,0,0.0,0.0
Sepp MAIER,West Germany,25,4,0,0,1,0,0,0,18,7,0,0,0.0,0.04
Seigo NARAZAKI,Japan,3,1,0,0,0,0,0,0,0,3,0,0,0.0,0.0
Segundo DURANDAL,Bolivia,2,1,0,0,0,0,0,0,2,0,0,0,0.0,0.0
Sebastien FOURNIER,Switzerland,4,1,0,0,0,0,0,0,0,4,0,0,0.0,0.0
Sebastiano NELA,Italy,4,1,0,0,0,0,0,0,0,4,0,0,0.0,0.0
Scot GEMMILL,Scotland,3,1,0,0,0,0,0,0,0,3,0,0,0.0,0.0
Santiago BENITEZ,Paraguay,2,1,0,0,0,0,0,0,1,1,0,0,0.0,0.0
Schubert GAMBETTA,Uruguay,4,1,0,0,0,0,0,0,2,2,0,0,0.0,0.0
Savvas KOFIDIS,Greece,3,1,0,0,0,0,0,0,3,0,0,0,0.0,0.0
Savo MILOSEVIC,Yugoslavia,4,1,0,0,0,0,0,0,2,2,0,0,0.0,0.0
Saturnino OSORIO,El Salvador,3,1,0,0,0,0,0,0,3,0,0,0,0.0,0.0
Saturnino MARTINEZ,Mexico,2,1,0,0,0,0,0,0,1,1,0,0,0.0,0.0
Santos URDINARAN,Uruguay,4,1,0,0,0,0,0,0,1,3,0,0,0.0,0.0
Santiago URQUIAGA,Spain,5,1,0,0,0,0,0,0,2,3,0,0,0.0,0.0
Santiago SANTAMARIA,Argentina,5,1,0,0,0,0,0,0,0,5,0,0,0.0,0.0
Santiago OSTOLAZA,Uruguay,4,1,0,0,1,0,0,0,3,1,0,0,0.0,0.25
Santiago MENDEZ CORTES,El Salvador,3,1,0,0,0,0,0,0,1,2,0,0,0.0,0.0
Spiros MARANGOS,Greece,3,1,0,0,0,0,0,0,1,2,0,0,0.0,0.0
Srdjan MRKUSIC,Yugoslavia,3,1,0,0,0,0,0,0,3,0,0,0,0.0,0.0
THIAW,Senegal,5,1,0,0,1,0,0,0,1,4,0,0,0.0,0.2
Sven JACOBSSON,Sweden,3,1,0,1,0,0,0,0,2,1,0,0,0.0,0.0
T. KOLO,Cte d'Ivoire,3,1,0,0,0,0,0,0,1,2,0,0,0.0,0.0
T. CHERIF,Togo,3,1,0,0,1,0,0,0,3,0,0,0,0.0,0.333
T Y KIM,South Korea,7,1,0,0,2,0,0,0,6,1,0,0,0.0,0.286
T U CHOI,South Korea,7,1,0,0,0,0,0,0,0,7,0,0,0.0,0.0
T LI,China PR,3,1,0,0,1,0,0,0,3,0,0,0,0.0,0.333
T H KWAK,South Korea,3,1,0,0,0,0,0,0,0,3,0,0,0.0,0.0
Syd OWEN,England,3,1,0,0,0,0,0,0,1,2,0,0,0.0,0.0
Sven-Gunnar LARSSON,Sweden,9,2,0,0,0,0,0,0,2,7,0,0,0.0,0.0
Sven UNGER,Sweden,3,1,0,0,0,0,0,0,0,3,0,0,0.0,0.0
Sven LINDMAN,Sweden,6,1,0,0,0,0,0,0,0,6,0,0,0.0,0.0
Sven HABERMANN,Canada,3,1,0,0,0,0,0,0,0,3,0,0,0.0,0.0
T. SILVA,Brazil,5,1,0,0,0,0,0,0,0,5,0,0,0.0,0.0
Sven AXBOM,Sweden,6,1,0,0,0,0,0,0,6,0,0,0,0.0,0.0
Sven ANDERSSON,Sweden,5,2,0,0,0,0,0,0,2,3,0,0,0.0,0.0
Svatopluk PLUSKAL,Czechoslovakia,12,3,0,0,0,0,0,0,9,3,0,0,0.0,0.0
Sukru ERSOY,Turkey,3,1,0,0,0,0,0,0,1,2,0,0,0.0,0.0
Stuart WILLIAMS,Wales,5,1,0,0,0,0,0,0,5,0,0,0,0.0,0.0
Stuart PEARCE,England,7,1,0,0,1,0,0,0,6,1,0,0,0.0,0.143
Stuart KENNEDY,Scotland,3,1,0,0,0,0,0,0,2,1,0,0,0.0,0.0
Stuart IMLACH,Scotland,3,1,0,0,0,0,0,0,2,1,0,0,0.0,0.0
Stratos APOSTOLAKIS,Greece,3,1,0,0,0,0,0,1,2,1,0,0,0.0,0.0
Stoyan YORDANOV,Bulgaria,3,1,0,0,0,0,0,0,1,2,0,0,0.0,0.0
T. McKINLAY,Scotland,3,1,0,0,0,0,0,0,0,3,0,0,0.0,0.0
TACHIE MENSAH,Ghana,4,1,0,0,0,0,0,0,0,4,0,0,0.0,0.0
Stoicho STOILOV,Bulgaria,3,1,0,0,0,0,0,0,0,3,0,0,0.0,0.0
TCHAGNIROU,Togo,3,1,0,0,0,0,0,0,0,3,0,0,0.0,0.0
THIAGO MOTTA,Italy,3,1,0,0,0,0,0,0,1,2,0,0,0.0,0.0
THEOBALD,Trinidad and Tobago,3,1,0,0,1,0,0,0,3,0,0,0,0.0,0.333
THABET,Tunisia,3,1,0,0,0,0,0,0,0,3,0,0,0.0,0.0
TERRY,England,9,2,0,0,2,0,0,0,9,0,0,0,0.0,0.222
TEOPHILO,Brazil,2,1,0,0,0,0,0,0,1,1,0,0,0.0,0.0
TELLO,Chile,4,1,0,0,0,0,0,0,0,4,0,0,0.0,0.0
TEJEDA Y.,Costa Rica,5,1,0,0,1,0,0,0,5,0,0,0,0.0,0.2
TCHATO,Cameroon,3,1,0,0,1,0,0,0,3,0,0,0,0.0,0.333
TCHANGAI,Togo,3,1,0,0,1,0,0,1,3,0,0,0,0.0,0.333
TCHAMI,Cameroon,6,2,0,0,0,0,0,0,0,6,0,0,0.0,0.0
TAYFUR,Turkey,7,1,0,0,0,0,0,0,0,7,0,0,0.0,0.0
TACHTSIDIS,Greece,4,1,0,0,0,0,0,0,0,4,0,0,0.0,0.0
TAVCAR,Slovenia,3,1,0,0,0,0,0,0,1,2,0,0,0.0,0.0
TAVARELLI,Paraguay,4,1,0,0,1,0,0,0,1,3,0,0,0.0,0.25
TASCI,Germany,7,1,0,0,0,0,0,0,0,7,0,0,0.0,0.0
TAKAHARA,Japan,3,1,0,0,1,0,0,0,2,1,0,0,0.0,0.333
TAIWO,Nigeria,3,1,0,0,0,0,0,0,2,1,0,0,0.0,0.0
TAIDER,Algeria,4,1,0,0,0,0,0,0,2,2,0,0,0.0,0.0
TAHAR,Morocco,3,1,0,0,1,0,0,1,2,1,0,0,0.0,0.333
TAGOE,Ghana,5,1,0,0,1,0,0,0,3,2,0,0,0.0,0.2
TAGGART,Australia,3,1,0,0,0,0,0,0,1,2,0,0,0.0,0.0
TAFFAREL,Brazil,18,3,0,0,0,0,0,0,18,0,0,0,0.0,0.0
Stoyan KITOV,Bulgaria,6,2,0,0,0,0,0,0,3,3,0,0,0.0,0.0
Stoicho MLADENOV,Bulgaria,4,1,0,0,0,0,0,0,3,1,0,0,0.0,0.0
Srecko KATANEC,Yugoslavia,5,1,0,0,1,0,0,0,3,2,0,0,0.0,0.2
Stefan BARBU,Romania,2,1,0,0,0,0,0,0,2,0,0,0,0.0,0.0
Stefan STAIKOV,Bulgaria,3,1,0,0,0,0,0,0,1,2,0,0,0.0,0.0
Stefan SKOUMAL,Germany,2,1,0,0,0,0,0,0,1,1,0,0,0.0,0.0
Stefan SCHWARZ,Sweden,10,2,0,0,4,1,1,0,9,1,0,0,0.0,0.5
Stefan REUTER,West Germany,12,2,0,0,0,0,0,0,5,7,0,0,0.0,0.0
Stefan REHN,Sweden,7,1,0,0,0,0,0,0,0,7,0,0,0.0,0.0
Stefan PREDA,Romania,5,1,0,0,0,0,0,0,0,5,0,0,0.0,0.0
Stefan PETTERSON,Sweden,3,1,0,0,0,0,0,0,2,1,0,0,0.0,0.0
Stefan KUNTZ,Germany,5,1,0,0,0,0,0,0,0,5,0,0,0.0,0.0
Stefan EFFENBERG,Germany,5,1,0,0,2,0,0,0,3,2,0,0,0.0,0.4
Stefan CAMBAL,Czechoslovakia,4,1,0,0,0,0,0,0,4,0,0,0,0.0,0.0
Stefan ALADZHOV,Bulgaria,6,2,0,0,0,0,0,0,1,5,0,0,0.0,0.0
Stefano TACCONI,Italy,7,1,0,0,0,0,0,0,0,7,0,0,0.0,0.0
Stefan ABADZHIEV,Bulgaria,3,1,0,0,0,0,0,0,0,3,0,0,0.0,0.0
Stanley MENZO,Netherlands,4,1,0,0,0,0,0,0,0,4,0,0,0.0,0.0
Stanley MATTHEWS,England,6,2,0,0,0,0,0,0,3,3,0,0,0.0,0.0
Stanislav SEMAN,Czechoslovakia,3,1,0,0,0,0,0,0,1,2,0,0,0.0,0.0
Stanislav GRIGA,Czechoslovakia,5,1,0,0,0,0,0,0,0,5,0,0,0.0,0.0
Stanislav CHERCHESOV,Russia,3,1,0,0,0,0,0,0,1,2,0,0,0.0,0.0
Stan VALCKX,Netherlands,5,1,0,0,1,0,0,0,4,1,0,0,0.0,0.2
Stan ANDERSON,England,4,1,0,0,0,0,0,0,0,4,0,0,0.0,0.0
Stale SOLBAKKEN,Norway,4,1,0,0,0,0,0,0,1,3,0,0,0.0,0.0
Staffan TAPPER,Sweden,9,2,0,0,0,0,0,0,7,2,0,0,0.0,0.0
Stefan VELICHKOV,Bulgaria,3,1,0,0,0,0,0,0,3,0,0,0,0.0,0.0
Steffen FREUND,Germany,5,1,0,0,0,0,0,0,0,5,0,0,0.0,0.0
Stjepan DEVERIC,Yugoslavia,3,1,0,0,0,0,0,0,0,3,0,0,0.0,0.0
Stere ADAMACHE,Romania,3,1,0,0,0,0,0,0,3,0,0,0,0.0,0.0
Stig TOFTING,Denmark,5,1,0,0,2,0,0,0,0,5,0,0,0.0,0.4
Stewart McKIMMIE,Scotland,3,1,0,0,0,0,0,0,1,2,0,0,0.0,0.0
Steven PENNEY,Northern Ireland,3,1,0,0,0,0,0,0,2,1,0,0,0.0,0.0
Steve TRITTSCHUH,USA,3,1,0,0,1,0,0,0,1,2,0,0,0.0,0.333
Steve STAUNTON,Ireland,9,2,0,0,0,0,0,0,9,0,0,0,0.0,0.0
Steve McMAHON,England,7,1,0,0,1,0,0,0,3,4,0,0,0.0,0.143
Steve HODGE,England,12,2,0,0,1,0,0,0,3,9,0,0,0.0,0.083
Steve FOSTER,England,5,1,0,0,0,0,0,0,1,4,0,0,0.0,0.0
Steve COPPELL,England,5,1,0,0,0,0,0,0,4,1,0,0,0.0,0.0
Steve BULL,England,7,1,0,0,0,0,0,0,1,6,0,0,0.0,0.0
Stephen TATAW,Cameroon,8,2,0,0,1,0,0,8,8,0,0,0,0.0,0.125
Stelios MANOLAS,Greece,3,1,0,0,1,0,0,0,1,2,0,0,0.0,0.333
Stephen NICOL,Scotland,3,1,0,0,1,0,0,0,3,0,0,0,0.0,0.333
Stephen MALCOLM,Jamaica,3,1,0,0,1,0,0,0,2,1,0,0,0.0,0.333
Stephen KESHI,Nigeria,4,1,0,0,1,0,0,1,1,3,0,0,0.0,0.25
Stephane VAN DER HEYDEN,Belgium,4,1,0,0,0,0,0,0,0,4,0,0,0.0,0.0
Stephane GUIVARCH,France,7,1,0,0,1,0,0,0,4,3,0,0,0.0,0.143
Stephan LEHMANN,Switzerland,4,1,0,0,0,0,0,0,0,4,0,0,0.0,0.0
Stephan ENGELS,West Germany,7,1,0,0,0,0,0,0,0,7,0,0,0.0,0.0
Stephan BRUEY,France,6,1,0,0,0,0,0,0,0,6,0,0,0.0,0.0
Sten PALSSON,Sweden,3,1,0,0,0,0,0,0,0,3,0,0,0.0,0.0
Stellan NILSSON,Sweden,5,1,0,0,0,0,0,0,2,3,0,0,0.0,0.0
VASSELL,England,5,1,0,0,0,0,0,0,1,4,0,0,0.0,0.0
VELLOSO,Brazil,2,1,0,0,0,0,0,0,1,1,0,0,0.0,0.0
VELTMAN,Netherlands,7,1,0,0,0,0,0,0,0,7,0,0,0.0,0.0
Wolfgang SEGUIN,East Germany,6,1,0,0,0,0,0,0,1,5,0,0,0.0,0.0
Y L XU,China PR,3,1,0,0,1,0,0,0,3,0,0,0,0.0,0.333
Y I CHOI,South Korea,3,1,0,0,2,0,0,0,2,1,0,0,0.0,0.667
Y GAO,China PR,3,1,0,0,0,0,0,0,0,3,0,0,0.0,0.0
Y G KIM,South Korea,3,1,0,0,0,0,0,0,3,0,0,0,0.0,0.0
Xerxes LOUIS,France,2,1,0,0,0,0,0,0,0,2,0,0,0.0,0.0
Xavier STIERLI,Switzerland,3,1,0,0,0,0,0,0,2,1,0,0,0.0,0.0
XAVI,Spain,19,4,0,0,1,0,0,0,12,7,0,0,0.0,0.053
X P LI,China PR,3,1,0,0,1,0,0,0,3,0,0,0,0.0,0.333
Wynton RUFER,New Zealand,3,1,0,0,0,0,0,0,3,0,0,0,0.0,0.0
Wolfram LOEWE,East Germany,6,1,0,0,0,0,0,0,3,3,0,0,0.0,0.0
Wolfgang ROLFF,West Germany,7,1,0,0,0,0,0,0,2,5,0,0,0.0,0.0
Y M HYUN,South Korea,7,1,0,0,0,0,0,0,0,7,0,0,0.0,0.0
Wolfgang PETERS,West Germany,6,1,0,0,0,0,0,0,0,6,0,0,0.0,0.0
Wolfgang PAUL,West Germany,6,1,0,0,0,0,0,0,0,6,0,0,0.0,0.0
Wolfgang KNALLER,Austria,3,1,0,0,0,0,0,0,0,3,0,0,0.0,0.0
Wolfgang KLEFF,West Germany,7,1,0,0,0,0,0,0,0,7,0,0,0.0,0.0
Wolfgang FEIERSINGER,Austria,3,1,0,0,1,0,0,0,3,0,0,0,0.0,0.333
Wolfgang FAHRIAN,West Germany,4,1,0,0,0,0,0,0,4,0,0,0,0.0,0.0
Wolfgang DREMMLER,West Germany,7,1,0,0,1,0,0,0,7,0,0,0,0.0,0.143
Wolfgang BLOCHWITZ,East Germany,6,1,0,0,0,0,0,0,0,6,0,0,0.0,0.0
Wojciech RUDY,Poland,6,1,0,0,0,0,0,0,1,5,0,0,0.0,0.0
Wlodzimierz MAZUR,Poland,6,1,0,0,0,0,0,0,0,6,0,0,0.0,0.0
Y LEE,South Korea,3,1,0,0,1,0,0,0,3,0,0,0,0.0,0.333
Y P LEE,South Korea,7,1,0,0,0,0,0,0,5,2,0,0,0.0,0.0
Wladyslaw ZMUDA,Poland,24,4,0,0,1,0,0,7,20,4,0,0,0.0,0.042
YEDLIN,USA,4,1,0,0,0,0,0,0,0,4,0,0,0.0,0.0
YORKE,Trinidad and Tobago,3,1,0,0,1,0,0,3,3,0,0,0,0.0,0.333
YORDANOV,Bulgaria,10,2,0,0,1,0,0,0,3,7,0,0,0.0,0.1
YOON Deok Yeo,South Korea,3,1,0,0,1,1,1,0,2,1,0,0,0.0,0.667
YOO Byung Ok,South Korea,3,1,0,0,0,0,0,0,0,3,0,0,0.0,0.0
YONGHYUNG,South Korea,4,1,0,0,1,0,0,0,4,0,0,0,0.0,0.25
YONGDAE,South Korea,3,1,0,0,0,0,0,0,0,3,0,0,0.0,0.0
YOBO,Nigeria,10,3,0,1,0,0,0,5,9,1,0,0,0.0,0.0
YILDIRAY BASTURK,Turkey,7,1,0,0,0,0,0,0,7,0,0,0,0.0,0.0
YEZERSKYY,Ukraine,5,1,0,0,1,0,0,0,1,4,0,0,0.0,0.2
YEPES,Colombia,5,1,0,0,1,0,0,4,4,1,0,0,0.0,0.2
YEBOAH,Cte d'Ivoire,3,1,0,0,0,0,0,0,0,3,0,0,0.0,0.0
Y S CHOI,South Korea,7,1,0,0,0,0,0,0,0,7,0,0,0.0,0.0
YEBDA,Algeria,7,2,0,0,2,0,0,0,3,4,0,0,0.0,0.286
YAPI,Cte d'Ivoire,3,1,0,0,0,0,0,0,0,3,0,0,0.0,0.0
YANO,Japan,4,1,0,0,0,0,0,0,0,4,0,0,0.0,0.0
YANAGISAWA,Japan,7,2,0,0,0,0,0,0,5,2,0,0,0.0,0.0
YAMAGUCHI,Japan,3,1,0,0,0,0,0,0,2,1,0,0,0.0,0.0
YAKUBU,Nigeria,3,1,0,0,0,0,0,0,3,0,1,0,0.0,0.0
YAKIN,Switzerland,7,2,0,0,2,0,0,0,2,5,0,0,0.0,0.286
YAHIA,Tunisia,6,2,0,0,2,1,1,3,3,3,0,0,0.0,0.5
YA KONAN,Cte d'Ivoire,3,1,0,0,0,0,0,0,0,3,0,0,0.0,0.0
Y. AL-TUNAIAN,Saudi Arabia,3,1,0,0,0,0,0,0,1,2,1,0,0.0,0.0
Wlodzimierz LUBANSKI,Poland,6,1,0,0,0,0,0,0,2,4,0,0,0.0,0.0
Winston BOGARDE,Netherlands,7,1,0,0,0,0,0,0,0,7,0,0,0.0,0.0
YOUNGCHUL,South Korea,3,1,0,0,1,0,0,0,2,1,0,0,0.0,0.333
Wilhelm KREUZ,Austria,6,1,0,0,0,0,0,0,6,0,0,0,0.0,0.0
William MOKOENA,South Africa,3,1,0,0,0,0,0,0,0,3,0,0,0.0,0.0
William MARTINEZ,Uruguay,12,3,0,0,0,0,0,2,5,7,0,0,0.0,0.0
William CASTRO,Uruguay,4,1,0,0,0,0,0,0,0,4,0,0,0.0,0.0
William AYACHE,France,7,1,0,0,2,0,0,0,4,3,0,0,0.0,0.286
William ANDEM,Cameroon,3,1,0,0,0,0,0,0,0,3,0,0,0.0,0.0
Willi SCHULZ,West Germany,16,3,0,0,0,0,0,0,12,4,0,0,0.0,0.0
Willi SCHMAUS,Austria,4,1,0,0,0,0,0,0,0,4,0,0,0.0,0.0
Willi KOSLOWSKI,West Germany,4,1,0,0,0,0,0,0,1,3,0,0,0.0,0.0
Willem JACKSON,South Africa,3,1,0,0,1,0,0,0,2,1,0,0,0.0,0.333
Willem ANDERIESEN,Netherlands,2,2,0,0,0,0,0,0,2,0,0,0,0.0,0.0
Wilfried PUIS,Belgium,3,1,0,0,0,0,0,0,3,0,0,0,0.0,0.0
Willibald KRESS,Germany,4,1,0,0,0,0,0,0,3,1,0,0,0.0,0.0
Wilfried HANNES,West Germany,7,1,0,0,0,0,0,0,0,7,0,0,0.0,0.0
Wilfred LOUIS,Haiti,3,1,0,0,0,0,0,0,1,2,0,0,0.0,0.0
Wilfred AGBONAVBARE,Nigeria,4,1,0,0,0,0,0,0,0,4,0,0,0.0,0.0
Werner LIEBRICH,West Germany,6,1,0,0,0,0,0,0,4,2,0,0,0.0,0.0
Werner LEIMGRUBER,Switzerland,3,1,0,0,0,0,0,0,1,2,0,0,0.0,0.0
Werner KRAEMER,West Germany,6,1,0,0,0,0,0,0,1,5,0,0,0.0,0.0
Werner KOHLMEYER,West Germany,6,1,0,0,0,0,0,0,5,1,0,0,0.0,0.0
Werner FRIESE,East Germany,6,1,0,0,0,0,0,0,0,6,0,0,0.0,0.0
Washington ORTUNO,Uruguay,4,1,0,0,0,0,0,0,0,4,0,0,0.0,0.0
Warren BARRETT,Jamaica,3,1,0,0,0,0,0,2,2,1,0,0,0.0,0.0
William SLATER,England,4,1,0,0,0,0,0,0,4,0,0,0,0.0,0.0
Willibald SCHMAUS,Germany,2,1,0,0,0,0,0,0,1,1,0,0,0.0,0.0
Wim VAN HANEGEM,Netherlands,7,1,0,0,2,0,0,0,7,0,0,0,0.0,0.286
Willy KERNEN,Switzerland,7,2,0,0,0,0,0,0,4,3,0,0,0.0,0.0
Wim SUURBIER,Netherlands,14,2,0,0,3,0,0,0,10,4,0,0,0.0,0.214
Wim RIJSBERGEN,Netherlands,14,2,0,0,0,0,0,0,10,4,0,0,0.0,0.0
Wim JONK,Netherlands,7,1,0,0,1,0,0,0,5,2,0,0,0.0,0.143
Wim JANSEN,Netherlands,14,2,0,0,1,0,0,0,14,0,0,0,0.0,0.071
Wilson PEREZ,Colombia,3,1,0,0,0,0,0,0,3,0,0,0,0.0,0.0
Wilner PIQUANT,Haiti,3,1,0,0,0,0,0,0,0,3,0,0,0.0,0.0
Wilner NAZAIRE,Haiti,3,1,0,0,0,0,0,3,3,0,0,0,0.0,0.0
Wilmer CABRERA,Colombia,4,1,0,0,0,0,0,0,0,4,0,0,0.0,0.0
Wilmar CABRERA,Uruguay,4,1,0,0,1,0,0,0,2,2,0,0,0.0,0.25
Willy VON KAENEL,Switzerland,2,1,0,0,0,0,0,0,2,0,0,0,0.0,0.0
Willy HUBER,Switzerland,5,2,0,0,0,0,0,0,3,2,0,0,0.0,0.0
Willie CUNNINGHAM,Scotland,7,2,0,0,0,0,0,2,7,0,0,0,0.0,0.0
Willy GIESEMANN,West Germany,4,1,0,0,0,0,0,0,2,2,0,0,0.0,0.0
Willy BUSCH,Germany,4,1,0,0,0,0,0,0,3,1,0,0,0.0,0.0
Willy ALLEMANN,Switzerland,3,1,0,0,0,0,0,0,0,3,0,0,0.0,0.0
Willie WATSON,England,3,1,0,0,0,0,0,0,0,3,0,0,0.0,0.0
Willie ORMOND,Scotland,2,1,0,0,0,0,0,0,2,0,0,0,0.0,0.0
Willie MORGAN,Scotland,3,1,0,0,0,0,0,0,2,1,0,0,0.0,0.0
Willie MILLER,Scotland,6,2,0,0,0,0,0,1,5,1,0,0,0.0,0.0
Willie JOHNSTON,Scotland,3,1,0,0,0,0,0,0,1,2,0,0,0.0,0.0
Willie FERNIE,Scotland,5,2,0,0,0,0,0,0,3,2,0,0,0.0,0.0
Willie DONACHIE,Scotland,6,2,0,0,0,0,0,0,2,4,0,0,0.0,0.0
YOSHIDA,Japan,3,1,0,0,1,0,0,0,3,0,0,0,0.0,0.333
YOUNGKWANG,South Korea,7,2,0,0,0,0,0,0,0,7,0,0,0.0,0.0
VELUDO,Brazil,3,1,0,0,0,0,0,0,0,3,0,0,0.0,0.0
Zarko NIKOLIC,Yugoslavia,6,1,0,0,0,0,0,0,0,6,0,0,0.0,0.0
Zeljko PETROVIC,Yugoslavia,4,1,0,0,1,0,0,0,4,0,0,0,0.0,0.25
Zeljko MATUS,Yugoslavia,6,1,0,0,0,0,0,0,1,5,0,0,0.0,0.0
Zeffiro FURIASSI,Italy,2,1,0,0,0,0,0,0,2,0,0,0,0.0,0.0
Zdzislaw KOSTRZEWA,Poland,6,1,0,0,0,0,0,0,0,6,0,0,0.0,0.0
Zdzislaw KAPKA,Poland,7,1,0,0,0,0,0,0,0,7,0,0,0.0,0.0
Zdravko ZDRAVKOV,Bulgaria,3,1,0,0,0,0,0,0,3,0,0,0,0.0,0.0
Zdenek PROCHAZKA,Czechoslovakia,2,1,0,0,0,0,0,0,0,2,0,0,0.0,0.0
Zdenek NEHODA,Czechoslovakia,3,1,0,0,0,0,0,3,3,0,0,0,0.0,0.0
Zdenek HRUSKA,Czechoslovakia,3,1,0,0,0,0,0,0,1,2,0,0,0.0,0.0
Zbigniew GUT,Poland,7,1,0,0,0,0,0,0,1,6,0,0,0.0,0.0
Zakaria EL ACHRAF,Morocco,3,1,0,0,0,0,0,0,1,2,0,0,0.0,0.0
Zlatko CAJKOVSKI,Yugoslavia,6,2,0,0,0,0,0,1,5,1,0,0,0.0,0.0
ZUSI,USA,4,1,0,0,0,0,0,0,3,1,0,0,0.0,0.0
ZURAWSKI,Poland,6,2,0,0,0,0,0,0,6,0,0,1,0.0,0.0
ZUMA,South Africa,3,1,0,0,1,0,0,0,3,0,0,0,0.0,0.333
ZUHAIR BAKHEET,United Arab Emirates,3,1,0,0,0,0,0,0,0,3,0,0,0.0,0.0
ZUBIZARRETA,Spain,12,3,0,1,0,0,0,7,11,1,0,0,0.0,0.0
ZUBERBHLER,Switzerland,4,1,0,0,0,0,0,0,4,0,0,0,0.0,0.0
ZOZIMO,Brazil,12,2,0,0,0,0,0,0,6,6,0,0,0.0,0.0
ZORO,Cte d'Ivoire,3,1,0,0,0,0,0,0,0,3,0,0,0.0,0.0
ZOKORA,Cte d'Ivoire,9,3,0,0,4,0,0,0,8,1,0,0,0.0,0.444
ZOGBO,Cte d'Ivoire,3,1,0,0,0,0,0,0,0,3,0,0,0.0,0.0
Zhivko GOSPODINOV,Bulgaria,4,1,0,0,1,0,0,0,3,1,0,0,0.0,0.25
Zlatko KRMPOTIC,Yugoslavia,3,1,0,0,1,0,0,0,2,1,0,0,0.0,0.333
ZITOUNI,Tunisia,3,1,0,0,0,0,0,0,0,3,0,0,0.0,0.0
Zoubeir BEYA,Tunisia,3,1,0,0,1,0,0,0,2,1,0,0,0.0,0.333
v. BRONCKHORST,Netherlands,7,1,0,0,0,0,0,0,0,7,0,0,0.0,0.0
de GOEIJ,Netherlands,12,2,0,0,0,0,0,0,5,7,0,0,0.0,0.0
Zygmunt MASZCZYK,Poland,7,1,0,0,0,0,0,0,7,0,0,0,0.0,0.0
Zygmunt KUKLA,Poland,6,1,0,0,0,0,0,0,2,4,0,0,0.0,0.0
Zygmunt KALINOWSKI,Poland,7,1,0,0,0,0,0,0,0,7,0,0,0.0,0.0
Zvonko ZIVKOVIC,Yugoslavia,3,1,0,0,0,0,0,0,0,3,0,0,0.0,0.0
Zvonimir SOLDO,Croatia,7,1,0,0,2,0,0,0,6,1,0,0,0.0,0.286
Zvonimir BOBAN,Croatia,7,1,0,0,2,0,0,6,6,1,0,0,0.0,0.286
Zvi ROSEN,Israel,3,1,0,0,0,0,0,0,3,0,0,0,0.0,0.0
Zsolt MUZSNAI,Romania,4,1,0,0,0,0,0,0,0,4,0,0,0.0,0.0
Zoran VULIC,Yugoslavia,5,1,0,0,1,0,0,0,2,3,0,0,0.0,0.2
Zlatko PAPEC,Yugoslavia,3,1,0,0,0,0,0,0,0,3,0,0,0.0,0.0
Zoran VUJOVIC,Yugoslavia,3,1,0,0,0,0,0,0,0,3,0,0,0.0,0.0
Zoran MIRKOVIC,Yugoslavia,4,1,0,0,1,0,0,0,2,2,0,0,0.0,0.25
Zoran MAMIC,Croatia,7,1,0,0,0,0,0,0,0,7,0,0,0.0,0.0
Zoltan VARGA,Hungary,4,1,0,0,0,0,0,0,0,4,0,0,0.0,0.0
Zoltan PETER,Hungary,3,1,0,0,0,0,0,0,1,2,0,0,0.0,0.0
Zoltan KEREKI,Hungary,3,1,0,0,0,0,0,3,3,0,0,0,0.0,0.0
Zoltan FRIEDMANSZKY,Hungary,4,1,0,0,0,0,0,0,0,4,0,0,0.0,0.0
Zoilo SALDOMBIDE,Uruguay,4,1,0,0,0,0,0,0,0,4,0,0,0.0,0.0
Zlatko YANKOV,Bulgaria,10,2,0,0,4,0,0,0,8,2,0,0,0.0,0.4
Zlatko VUJOVIC,Yugoslavia,8,2,0,0,1,0,0,5,8,0,0,0,0.0,0.125
ZIVKOVIC,Croatia,3,1,0,0,0,1,1,0,1,2,0,0,0.0,0.333
ZINHO,Brazil,7,1,0,0,1,0,0,0,7,0,0,0,0.0,0.143
YOUNGPYO,South Korea,7,2,0,0,0,0,0,0,7,0,0,0,0.0,0.0
Youssef ROSSI,Morocco,3,1,0,0,0,0,0,0,2,1,0,0,0.0,0.0
Z CARLOS,Brazil,7,1,0,0,1,0,0,0,1,6,0,0,0.0,0.143
Yvon LE ROUX,France,7,1,0,0,0,0,0,0,1,6,0,0,0.0,0.0
Yves HERBERT,France,3,1,0,0,0,0,0,0,2,1,0,0,0.0,0.0
Yvan QUENTIN,Switzerland,4,1,0,0,0,0,0,0,4,0,0,0,0.0,0.0
Yutaka AKITA,Japan,3,1,0,0,1,0,0,0,3,0,0,0,0.0,0.333
Yusuf FARAJ,Kuwait,3,1,0,0,0,0,0,0,1,2,0,0,0.0,0.0
Yuri SUSLOPAROV,Soviet Union,5,1,0,0,0,0,0,0,0,5,0,0,0.0,0.0
Yuri NIKIFOROV,Russia,3,1,0,0,2,0,0,0,3,0,0,0,0.0,0.667
Yuri FALIN,Soviet Union,5,1,0,0,0,0,0,0,1,4,0,0,0.0,0.0
Yozhef SABO,Soviet Union,10,2,0,0,1,0,0,0,4,6,0,0,0.0,0.1
Youssef CHIPPO,Morocco,3,1,0,1,1,0,0,0,3,0,0,0,0.0,0.333
ZABALETA,Argentina,7,1,0,0,0,0,0,0,7,0,0,0,0.0,0.0
Youri DJORKAEFF,France,7,1,0,0,0,0,0,0,6,1,1,0,0.0,0.0
Yoshikatsu KAWAGUCHI,Japan,3,1,0,0,0,0,0,0,3,0,0,0,0.0,0.0
Yeshaiyahu SCHWAGER,Israel,3,1,0,0,0,0,0,0,3,0,0,0,0.0,0.0
Yehezkel HAZUM,Israel,3,1,0,0,0,0,0,0,0,3,0,0,0.0,0.0
Yechiel HAMEIRI,Israel,3,1,0,0,0,0,0,0,0,3,0,0,0.0,0.0
Yasser AL TAIFI,Saudi Arabia,4,1,0,0,0,0,0,0,0,4,0,0,0.0,0.0
Yair NOSOVSKI,Israel,3,1,0,0,0,0,0,0,0,3,0,0,0.0,0.0
Yacine BENTALA,Algeria,3,1,0,0,0,0,0,0,0,3,0,0,0.0,0.0
YUNG Kook Chin,South Korea,2,1,0,0,0,0,0,0,1,1,0,0,0.0,0.0
YOUSUF HUSSAIN,United Arab Emirates,3,1,0,0,2,0,0,0,2,1,0,0,0.0,0.667
Z KALANGA,Angola,3,1,0,0,2,0,0,0,3,0,0,0,0.0,0.667
ZABALO,Spain,3,1,0,0,0,0,0,0,1,2,0,0,0.0,0.0
ZIELINSKI,Poland,3,1,0,0,0,0,0,1,1,2,0,0,0.0,0.0
ZEMMAMOUCHE,Algeria,4,1,0,0,0,0,0,0,0,4,0,0,0.0,0.0
ZIELER,Germany,7,1,0,0,0,0,0,0,0,7,0,0,0.0,0.0
ZIEGLER,Switzerland,7,2,0,0,1,0,0,0,3,4,0,0,0.0,0.143
ZIEGE,Germany,7,1,0,0,2,0,0,0,4,3,0,0,0.0,0.286
ZIANI,Algeria,3,1,0,0,0,0,0,0,3,0,0,0,0.0,0.0
ZHIRKOV,Russia,3,1,0,0,0,0,0,0,1,2,0,0,0.0,0.0
ZH Y FAN,China PR,3,1,0,0,0,0,0,0,1,2,0,0,0.0,0.0
ZEZE PROCOPIO,Brazil,5,1,0,0,0,1,1,0,4,1,0,0,0.0,0.2
ZEWLAKOW,Poland,6,2,0,0,1,0,0,0,5,1,0,0,0.0,0.167
ZETTI,Brazil,7,1,0,0,0,0,0,0,0,7,0,0,0.0,0.0
ZEQUINHA,Brazil,6,1,0,0,0,0,0,0,0,6,0,0,0.0,0.0
ZELENIKA,Croatia,3,1,0,0,0,0,0,0,0,3,0,0,0.0,0.0
ZABAVNIK,Slovakia,4,1,0,0,0,0,0,0,3,1,0,0,0.0,0.0
ZE SERGIO,Brazil,7,1,0,0,0,0,0,0,0,7,0,0,0.0,0.0
ZE MARIA,Brazil,13,2,0,0,1,0,0,0,4,9,0,0,0.0,0.077
ZE LUIS,Brazil,2,1,0,0,0,0,0,0,1,1,0,0,0.0,0.0
ZE CARLOS,Brazil,4,1,0,0,0,0,0,0,0,4,0,0,0.0,0.0
ZANETTI,Argentina,7,1,0,0,1,0,0,0,6,1,0,0,0.0,0.143
ZAID,Saudi Arabia,6,2,0,0,0,0,0,0,3,3,0,0,0.0,0.0
ZAHOVIC,Slovenia,3,1,0,0,0,0,0,0,1,2,0,0,0.0,0.0
ZAGUE,Mexico,4,1,0,0,0,0,0,0,4,0,0,0,0.0,0.0
ZAFER,Turkey,7,1,0,0,0,0,0,0,0,7,0,0,0.0,0.0
ZACCARDO,Italy,7,1,0,1,0,0,0,0,2,5,0,0,0.0,0.0
Walter ZENGA,Italy,11,2,0,0,0,0,0,0,7,4,0,0,0.0,0.0
Walter ZEMAN,Austria,5,1,0,0,0,0,0,0,1,4,0,0,0.0,0.0
Walter WEILER,Switzerland,2,1,0,0,0,0,0,0,2,0,0,0,0.0,0.0
Vasilis DIMITRIADIS,Greece,3,1,0,0,0,0,0,0,0,3,0,0,0.0,0.0
Victor BANNIKOV,Soviet Union,6,1,0,0,0,0,0,0,0,6,0,0,0.0,0.0
Victor ARISTIZABAL,Colombia,3,1,0,0,0,0,0,0,0,3,0,0,0.0,0.0
Vicente ASENSI,Spain,6,1,0,0,0,0,0,0,1,5,0,0,0.0,0.0
Vic CROWE,Wales,5,1,0,0,0,0,0,0,0,5,0,0,0.0,0.0
Viacheslav CHANOV,Soviet Union,5,1,0,0,0,0,0,0,0,5,0,0,0.0,0.0
Venancio RAMOS,Uruguay,4,1,0,0,0,0,0,0,2,2,0,0,0.0,0.0
Velko YOTOV,Bulgaria,7,1,0,0,0,0,0,0,0,7,0,0,0.0,0.0
Velimir ZAJEC,Yugoslavia,3,1,0,0,0,0,0,0,3,0,0,0,0.0,0.0
Vegard HEGGEM,Norway,4,1,0,0,0,0,0,0,0,4,0,0,0.0,0.0
Vasily DANILOV,Soviet Union,6,1,0,0,0,0,0,0,4,2,0,0,0.0,0.0
Vasilije SIJAKOVIC,Yugoslavia,10,2,0,0,0,0,0,0,3,7,0,0,0.0,0.0
Victor DIOGO,Uruguay,4,1,0,0,2,0,0,0,3,1,0,0,0.0,0.5
Vasile GHERGHELY,Romania,3,1,0,0,0,0,0,0,0,3,0,0,0.0,0.0
Vasile CHIROIU,Romania,2,1,0,0,0,0,0,0,1,1,0,0,0.0,0.0
Vasil MITKOV,Bulgaria,3,1,0,0,0,0,0,0,1,2,0,0,0.0,0.0
Vasil METODIEV,Bulgaria,3,1,0,0,0,0,0,0,0,3,0,0,0.0,0.0
Vasil DRAGOLOV,Bulgaria,4,1,0,0,0,0,0,0,0,4,0,0,0.0,0.0
Valeri ZIKOV,Soviet Union,4,1,0,0,0,0,0,0,0,4,0,0,0.0,0.0
Valeri VORONIN,Soviet Union,10,2,0,0,1,0,0,0,9,1,0,0,0.0,0.1
Valeri KARPIN,Russia,3,1,0,0,1,0,0,0,2,1,0,0,0.0,0.333
Valeri BROSHIN,Soviet Union,3,1,0,0,0,0,0,0,0,3,0,0,0.0,0.0
Valentin BUBUKIN,Soviet Union,5,1,0,0,0,0,0,0,0,5,0,0,0.0,0.0
Victor CHANOV,Soviet Union,5,1,0,0,0,0,0,0,0,5,0,0,0.0,0.0
Victor IKPEBA,Nigeria,4,1,0,0,0,0,0,0,0,4,0,0,0.0,0.0
Vaios KARAGIANNIS,Greece,3,1,0,0,1,0,0,0,2,1,0,0,0.0,0.333
Viktor TSARYOV,Soviet Union,5,1,0,0,0,0,0,0,5,0,0,0,0.0,0.0
Viv ANDERSON,England,10,2,0,0,0,0,0,0,0,10,0,0,0.0,0.0
Vittore GOTTARDI,Switzerland,3,1,0,0,0,0,0,0,2,1,0,0,0.0,0.0
Vitali DARASELIA,Soviet Union,5,1,0,0,0,0,0,0,2,3,0,0,0.0,0.0
Vital BORKELMANS,Belgium,3,1,0,0,1,0,0,0,3,0,0,0,0.0,0.333
Virginio ROSETTA,Italy,5,1,0,0,0,0,0,1,1,4,0,0,0.0,0.0
Virginio CACERES,Paraguay,4,1,0,0,0,0,0,0,0,4,0,0,0.0,0.0
Vintila COSSINI,Romania,2,1,0,0,0,0,0,0,1,1,0,0,0.0,0.0
Vincent CANDELA,France,7,1,0,0,0,0,0,0,1,6,0,0,0.0,0.0
Viliam SCHROJF,Czechoslovakia,12,3,0,0,0,0,0,0,6,6,0,0,0.0,0.0
Viliam HYRAVY,Czechoslovakia,5,1,0,0,0,0,0,0,0,5,0,0,0.0,0.0
Viktor SEREBRYANIKOV,Soviet Union,14,3,0,0,0,0,0,0,4,10,0,0,0.0,0.0
Victor MEES,Belgium,2,1,0,0,0,0,0,0,2,0,0,0,0.0,0.0
Viktor ONOPKO,Russia,3,1,0,0,0,0,0,1,2,1,0,0,0.0,0.0
Viktor KANEVSKI,Soviet Union,4,1,0,0,0,0,0,0,2,2,0,0,0.0,0.0
Viktor GETMANOV,Soviet Union,6,1,0,0,0,0,0,0,1,5,0,0,0.0,0.0
Viktor CHANOV,Soviet Union,7,2,0,0,0,0,0,0,1,6,0,0,0.0,0.0
Vidin APOSTOLOV,Bulgaria,3,1,0,0,0,0,0,0,0,3,0,0,0.0,0.0
Vidar RISETH,Norway,4,1,0,0,0,0,0,0,3,1,0,0,0.0,0.0
Victoriano LEGUIZAMON,Paraguay,2,1,0,0,0,0,0,0,2,0,0,0,0.0,0.0
Victor RODRIGUEZ ANDRADE,Uruguay,9,2,0,0,0,0,0,0,9,0,0,0,0.0,0.0
Victor NDIP,Cameroon,8,2,0,0,2,0,0,0,5,3,0,0,0.0,0.25
Victor MORALES,Chile,3,1,0,0,0,0,0,0,2,1,0,0,0.0,0.0
Valentin AFONIN,Soviet Union,10,2,0,0,0,0,0,0,4,6,0,0,0.0,0.0
Vahid HALILHODZIC,Yugoslavia,3,1,0,0,0,0,0,0,0,3,0,0,0.0,0.0
Walter TAIBO,Uruguay,4,1,0,0,0,0,0,0,0,4,0,0,0.0,0.0
VICTOR,Spain,12,2,0,0,1,0,0,0,5,7,0,0,0.0,0.083
VILLA,Mexico,4,1,0,0,1,0,0,0,2,2,0,0,0.0,0.25
VIERA,Cte d'Ivoire,3,1,0,0,0,0,0,0,0,3,0,0,0.0,0.0
VIEIRINHA,Portugal,3,1,0,0,0,0,0,0,0,3,0,0,0.0,0.0
VIDUKA,Australia,4,1,0,0,0,0,0,4,4,0,0,0,0.0,0.0
VIDOSIC,Australia,6,2,0,0,0,0,0,0,0,6,0,0,0.0,0.0
VIDIC,Serbia and Montenegro,3,1,0,0,0,0,0,0,0,3,0,0,0.0,0.0
VIDI?,Serbia,3,1,0,0,1,0,0,0,3,0,0,0,0.0,0.333
VIDAL,Chile,8,2,0,0,2,0,0,0,7,1,0,0,0.0,0.25
VIDA,Croatia,3,1,0,0,0,0,0,0,0,3,0,0,0.0,0.0
VICTORINO,Uruguay,7,1,0,0,1,0,0,0,4,3,0,0,0.0,0.143
VICENTE,Portugal,6,1,0,0,0,0,0,0,4,2,0,0,0.0,0.0
VIOLA,Brazil,7,1,0,0,0,0,0,0,0,7,0,0,0.0,0.0
VICELICH,New Zealand,3,1,0,0,0,0,0,0,3,0,0,0,0.0,0.0
VI?A,Bosnia and Herzegovina,3,1,0,0,0,0,0,0,0,3,0,0,0.0,0.0
VERRATTI,Italy,3,1,0,0,0,0,0,0,2,1,0,0,0.0,0.0
VERON,Argentina,13,2,0,0,0,0,0,2,5,8,0,0,0.0,0.0
VERN,Argentina,5,1,0,0,1,0,0,0,5,0,0,0,0.0,0.2
VERMANT,Belgium,4,1,0,0,0,0,0,0,0,4,0,0,0.0,0.0
VERMAELEN,Belgium,5,1,0,0,0,0,0,0,1,4,0,0,0.0,0.0
VERHEYEN,Belgium,4,1,0,0,1,0,0,0,4,0,0,0,0.0,0.25
VERHAEGH,Netherlands,7,1,0,0,0,0,0,0,1,6,0,0,0.0,0.0
VENNEGOOR OF HESSELINK,Netherlands,4,1,0,0,0,0,0,0,0,4,0,0,0.0,0.0
VILLAR,Paraguay,7,2,0,0,0,0,0,0,1,6,0,0,0.0,0.0
VITERI,Ecuador,3,1,0,0,0,0,0,0,0,3,0,0,0.0,0.0
Vagiz KHIDIYATULLIN,Soviet Union,8,2,0,0,1,0,0,0,3,5,0,0,0.0,0.125
VRANJES,Croatia,6,2,0,0,0,0,0,0,0,6,0,0,0.0,0.0
Vadim YEVTUSHENKO,Soviet Union,9,2,0,0,0,0,0,0,1,8,0,0,0.0,0.0
Vaclav NEMECEK,Czechoslovakia,5,1,0,0,0,0,0,0,2,3,0,0,0.0,0.0
Vaclav MIGAS,Czechoslovakia,3,1,0,0,0,0,0,0,3,0,0,0,0.0,0.0
Vaclav HORAK,Czechoslovakia,3,1,0,0,0,0,0,0,1,2,0,0,0.0,0.0
VYNTRA,Greece,7,2,0,0,0,0,0,0,3,4,0,0,0.0,0.0
VUKOJEVI?,Croatia,3,1,0,0,0,0,0,0,0,3,0,0,0.0,0.0
VUKIC,Serbia and Montenegro,3,1,0,0,0,0,0,0,0,3,0,0,0.0,0.0
VUGRINEC,Croatia,3,1,0,0,0,0,0,0,1,2,0,0,0.0,0.0
VUGDALIC,Slovenia,3,1,0,0,1,0,0,0,1,2,0,0,0.0,0.333
VRSALJKO,Croatia,3,1,0,0,0,0,0,0,2,1,0,0,0.0,0.0
VRANJE,Bosnia and Herzegovina,3,1,0,0,0,0,0,0,0,3,0,0,0.0,0.0
VITOR BAIA,Portugal,3,1,0,0,0,0,0,0,3,0,0,0,0.0,0.0
VORSAH,Ghana,5,1,0,0,1,0,0,0,2,3,0,0,0.0,0.2
VORONIN,Ukraine,5,1,0,0,0,0,0,0,4,1,0,0,0.0,0.0
VOROBYEY,Ukraine,5,1,0,0,0,0,0,0,1,4,0,0,0.0,0.0
VORO,Spain,5,1,0,0,0,0,0,0,1,4,0,0,0.0,0.0
VORM,Netherlands,14,2,0,0,0,0,0,0,0,14,0,0,0.0,0.0
VONK,South Africa,3,1,0,0,0,0,0,0,0,3,0,0,0.0,0.0
VON BERGEN,Switzerland,7,2,0,0,0,0,0,0,4,3,0,0,0.0,0.0
VOGEL,Switzerland,4,1,0,0,1,0,0,4,4,0,0,0,0.0,0.25
VLAOVIC,Croatia,3,1,0,0,0,0,0,0,0,3,0,0,0.0,0.0
VLAAR,Netherlands,7,1,0,0,0,0,0,0,7,0,0,0,0.0,0.0
Vlada POPOVIC,Yugoslavia,4,1,0,0,0,0,0,0,0,4,0,0,0.0,0.0
Vladimir BEARA,Yugoslavia,10,3,0,0,0,0,0,0,6,4,0,0,0.0,0.0
Vladimir BELYAYEV,Soviet Union,5,1,0,0,0,0,0,0,0,5,0,0,0.0,0.0
WILHELMSSON,Sweden,4,1,0,0,0,0,0,0,2,2,0,0,0.0,0.0
WLFLI,Switzerland,3,1,0,0,0,0,0,0,0,3,0,0,0.0,0.0
WITSEL,Belgium,5,1,0,0,1,0,0,0,4,1,0,0,0.0,0.2
WISE,Trinidad and Tobago,3,1,0,0,0,0,0,0,0,3,0,0,0.0,0.0
WILTORD,France,10,2,0,0,0,0,0,0,5,5,0,0,0.0,0.0
WILSON PIAZZA,Brazil,13,2,0,0,0,0,0,3,9,4,0,0,0.0,0.0
WILSHERE,England,3,1,0,0,0,0,0,0,1,2,0,0,0.0,0.0
WILLIAN,Brazil,7,1,0,0,0,0,0,0,1,6,0,0,0.0,0.0
WILLIAM,Portugal,3,1,0,0,0,0,0,0,1,2,0,0,0.0,0.0
WILKSHIRE,Australia,7,2,0,0,2,0,0,0,5,2,0,0,0.0,0.286
WILKINSON,Australia,3,1,0,0,0,0,0,0,3,0,0,0,0.0,0.0
WIESE,Germany,7,1,0,0,0,0,0,0,0,7,0,0,0.0,0.0
WOLFF,USA,8,2,0,0,1,0,0,0,1,7,0,0,0.0,0.125
WICKY,Switzerland,4,1,0,0,1,0,0,0,4,0,0,0,0.0,0.25
WHITLEY,Trinidad and Tobago,3,1,0,0,2,0,0,0,2,1,0,0,0.0,0.667
WEST,Nigeria,3,1,0,0,1,0,0,0,2,1,0,0,0.0,0.333
WELCOME,Honduras,3,1,0,0,0,0,0,0,0,3,0,0,0.0,0.0
WELBECK,England,3,1,0,0,0,0,0,0,2,1,0,0,0.0,0.0
WEISS,Slovakia,4,1,0,0,1,0,0,0,3,1,0,0,0.0,0.25
WEIDENFELLER,Germany,7,1,0,0,0,0,0,0,0,7,0,0,0.0,0.0
WEGERLE,USA,4,1,0,0,0,0,0,0,0,4,0,0,0.0,0.0
WEBO,Cameroon,6,2,0,0,0,0,0,0,2,4,0,0,0.0,0.0
WARNOCK,England,4,1,0,0,0,0,0,0,0,4,0,0,0.0,0.0
WOLFE,Trinidad and Tobago,3,1,0,0,0,0,0,0,0,3,0,0,0.0,0.0
WOM,Cameroon,3,1,0,0,1,0,0,0,3,0,0,0,0.0,0.333
Vladimir BESCHASTNYKH,Russia,3,1,0,0,0,0,0,0,0,3,0,0,0.0,0.0
Walter BEERLI,Switzerland,3,1,0,0,0,0,0,0,0,3,0,0,0.0,0.0
Walter SCHLEGER,Austria,8,2,0,0,0,0,0,0,3,5,0,0,0.0,0.0
Walter MEEUWS,Belgium,5,1,0,0,1,0,0,2,4,1,0,0,0.0,0.2
Walter MANTEGAZZA,Uruguay,3,1,0,0,1,0,0,0,3,0,0,0,0.0,0.333
Walter KOLLMANN,Austria,8,2,0,0,0,0,0,0,2,6,0,0,0.0,0.0
Walter KOGLER,Austria,3,1,0,0,0,0,0,0,0,3,0,0,0.0,0.0
Walter HORAK,Austria,3,1,0,0,0,0,0,0,2,1,0,0,0.0,0.0
Walter HAUMMER,Austria,5,1,0,0,0,0,0,0,0,5,0,0,0.0,0.0
Walter EICH,Switzerland,4,1,0,0,0,0,0,0,0,4,0,0,0.0,0.0
Walter CORBO,Uruguay,6,1,0,0,0,0,0,0,0,6,0,0,0.0,0.0
Walter BOYD,Jamaica,3,1,0,0,0,0,0,0,0,3,0,0,0.0,0.0
Walter BAHR,USA,3,1,0,0,0,0,0,1,3,0,0,0,0.0,0.0
WOME,Cameroon,3,1,0,0,1,0,0,0,3,0,0,0,0.0,0.333
Walid AL MUBARAK,Kuwait,3,1,0,0,0,0,0,0,3,0,0,0,0.0,0.0
Waldemar MATYSIK,Poland,11,2,0,0,0,0,0,0,9,2,0,0,0.0,0.0
Wagner LOPES,Japan,3,1,0,0,0,0,0,0,0,3,0,0,0.0,0.0
WRNS,Germany,5,1,0,0,0,1,1,0,5,0,0,0,0.0,0.2
WRIGHT-PHILLIPS,England,4,1,0,0,0,0,0,0,0,4,0,0,0.0,0.0
WOONJAE,South Korea,7,2,0,0,0,0,0,3,3,4,0,0,0.0,0.0
WOOD,New Zealand,3,1,0,0,0,0,0,0,0,3,0,0,0.0,0.0
WOO Sang Kwon,South Korea,2,1,0,0,0,0,0,0,2,0,0,0,0.0,0.0
WONHEE,South Korea,3,1,0,0,0,0,0,0,0,3,0,0,0.0,0.0
WONDOLOWSKI,USA,4,1,0,0,0,0,0,0,0,4,0,0,0.0,0.0
WARIS,Ghana,3,1,0,0,1,0,0,0,1,2,0,0,0.0,0.333
WALTERS,South Africa,3,1,0,0,0,0,0,0,0,3,0,0,0.0,0.0
WALTER GOULART,Brazil,5,1,0,0,0,0,0,0,3,2,0,0,0.0,0.0
Vladimir KOVACEVIC,Yugoslavia,6,1,0,0,0,0,0,0,2,4,0,0,0.0,0.0
Vladimir WEISS,Czechoslovakia,5,1,0,0,0,0,0,0,1,4,0,0,0.0,0.0
Vladimir VASILJ,Croatia,7,1,0,0,0,0,0,0,0,7,0,0,0.0,0.0
Vladimir SORIA,Bolivia,3,1,0,0,1,0,0,0,3,0,0,0,0.0,0.333
Vladimir QUESADA,Costa Rica,4,1,0,0,0,0,0,0,0,4,0,0,0.0,0.0
Vladimir POPOVIC,Yugoslavia,6,1,0,0,0,1,1,0,6,0,0,0,0.0,0.167
Vladimir PONOMARYOV,Soviet Union,6,1,0,0,0,0,0,0,5,1,0,0,0.0,0.0
Vladimir PETROVIC,Yugoslavia,9,2,0,0,0,0,0,0,4,5,1,0,0.0,0.0
Vladimir MUNTYAN,Soviet Union,4,1,0,0,0,0,0,0,4,0,0,0,0.0,0.0
Vladimir MASLACHENKO,Soviet Union,9,2,0,0,0,0,0,0,0,9,0,0,0.0,0.0
Vladimir LIUTYI,Soviet Union,3,1,0,0,0,0,0,0,0,3,0,0,0.0,0.0
Vladimir KOS,Czechoslovakia,6,1,0,0,0,0,0,0,0,6,0,0,0.0,0.0
WALLACE H.,Costa Rica,3,1,0,0,0,0,0,0,1,2,0,0,0.0,0.0
Vladimir KINIER,Czechoslovakia,5,1,0,0,0,0,0,0,1,4,0,0,0.0,0.0
Vladimir KESAREV,Soviet Union,5,1,0,0,0,0,0,0,5,0,0,0,0.0,0.0
Vladimir KAPLICHNI,Soviet Union,4,1,0,0,0,0,0,0,3,1,0,0,0.0,0.0
Vladimir JUGOVIC,Yugoslavia,4,1,0,0,0,0,0,0,4,0,0,0,0.0,0.0
Vladimir HRIVNAK,Czechoslovakia,3,1,0,0,0,0,0,0,1,2,0,0,0.0,0.0
Vladimir HAGARA,Czechoslovakia,3,1,0,0,0,0,0,0,2,1,0,0,0.0,0.0
Vladimir FIRM,Yugoslavia,3,1,0,0,0,0,0,0,0,3,0,0,0.0,0.0
Vladimir DURKOVIC,Yugoslavia,6,1,0,0,0,0,0,0,6,0,0,0,0.0,0.0
Vladimir BIGORRA,Chile,3,1,0,0,0,0,0,0,3,0,0,0,0.0,0.0
Vladimir BESSONOV,Soviet Union,12,3,0,0,1,1,1,0,10,2,0,0,0.0,0.167
Vladimir YEROKHIN,Soviet Union,5,1,0,0,0,0,0,0,0,5,0,0,0.0,0.0
Vladimiro SCHETTINA,Paraguay,4,1,0,0,2,0,0,0,3,1,0,0,0.0,0.5
Vladislao CAP,Argentina,3,1,0,0,0,0,0,0,2,1,0,0,0.0,0.0
Vladislav HLAVACEK,Czechoslovakia,2,1,0,0,0,0,0,0,2,0,0,0,0.0,0.0
WALLACE,Costa Rica,3,1,0,0,0,0,0,0,3,0,0,0,0.0,0.0
WALDOCH,Poland,3,1,0,0,0,0,0,2,2,1,0,0,0.0,0.0
WALDIR PERES,Brazil,19,3,0,0,1,0,0,0,5,14,0,0,0.0,0.053
WALCOTT,England,5,1,0,0,0,0,0,0,0,5,0,0,0.0,0.0
WAKASO,Ghana,3,1,0,0,0,0,0,0,0,3,0,0,0.0,0.0
W.S.ABREU.G,Uruguay,7,1,0,0,0,0,0,0,0,7,0,0,0.0,0.0
W. PALACIOS,Honduras,6,2,0,0,4,1,1,0,5,1,0,0,0.0,0.833
W. McKINLAY,Scotland,3,1,0,0,0,0,0,0,0,3,0,0,0.0,0.0
W. GARGANO,Uruguay,4,1,0,0,1,0,0,0,1,3,0,0,0.0,0.25
W. AYOVI,Ecuador,6,2,0,0,0,0,0,0,3,3,0,0,0.0,0.0
W J LEE,South Korea,7,1,0,0,0,0,0,0,7,0,0,0,0.0,0.0
W F LI,China PR,3,1,0,0,1,0,0,0,3,0,0,0,0.0,0.333
W DU,China PR,3,1,0,0,0,0,0,0,2,1,0,0,0.0,0.0
Vujadin STANOJKOVIC,Yugoslavia,5,1,0,0,0,0,0,0,2,3,0,0,0.0,0.0
Vujadin BOSKOV,Yugoslavia,7,2,0,0,0,0,0,0,7,0,0,0,0.0,0.0
Vojtech BRADAC,Czechoslovakia,3,1,0,0,0,0,0,0,0,3,0,0,0.0,0.0
Voin VOINOV,Bulgaria,3,1,0,0,0,0,0,0,3,0,0,0,0.0,0.0
Vlatko MARKOVIC,Yugoslavia,6,1,0,0,0,0,0,0,6,0,0,0,0.0,0.0
Vlastimir PETKOVIC,Yugoslavia,3,1,0,0,0,0,0,0,0,3,0,0,0.0,0.0
Vlastimil PETRZELA,Czechoslovakia,3,1,0,0,0,0,0,0,0,3,0,0,0.0,0.0
Vladislav TERNAVSKI,Russia,3,1,0,0,0,0,0,0,2,1,0,0,0.0,0.0
Salvador REYES,Mexico,9,3,0,0,0,0,0,0,9,0,0,0,0.0,0.0
Salvador MOTA,Mexico,2,1,0,0,0,0,0,0,1,1,0,0,0.0,0.0
Salvador MARIONA,El Salvador,3,1,0,0,1,0,0,3,3,0,0,0,0.0,0.333
R. COSTA,Portugal,7,2,0,0,0,1,1,0,3,4,0,0,0.0,0.143
R. MARTINEZ,Honduras,3,1,0,0,0,0,0,0,0,3,0,0,0.0,0.0
R. KWANG HYOK,North Korea,3,1,0,0,0,0,0,0,0,3,0,0,0.0,0.0
R. KWANG CHON,North Korea,3,1,0,0,0,0,0,0,3,0,0,0,0.0,0.0
R. KOVAC,Croatia,3,1,0,0,2,0,0,0,2,1,0,0,0.0,0.667
R. KEANE,Ireland,4,1,0,0,0,0,0,0,0,4,0,0,0.0,0.0
R. JUN IL,North Korea,3,1,0,0,0,0,0,0,3,0,0,0,0.0,0.0
R. JIMENEZ,Mexico,4,1,0,0,0,0,0,0,0,4,0,0,0.0,0.0
R. HAGHIGHI,Iran,3,1,0,0,0,0,0,0,0,3,0,0,0.0,0.0
R. GARCIA,Mexico,8,2,0,0,0,0,0,0,0,8,0,0,0.0,0.0
R. FERDINAND,England,4,1,0,0,0,0,0,0,0,4,0,0,0.0,0.0
R. CHOL MYONG,North Korea,3,1,0,0,0,0,0,0,0,3,0,0,0.0,0.0
R. MUOZ,Uruguay,4,1,0,0,0,0,0,0,0,4,0,0,0.0,0.0
R. CENI,Brazil,5,1,0,0,0,0,0,0,0,5,0,0,0.0,0.0
R. CARVALHO,Portugal,4,1,0,0,0,0,0,0,4,0,0,0,0.0,0.0
R. AMORIM,Portugal,7,2,0,0,0,0,0,0,1,6,0,0,0.0,0.0
R. ALBIOL,Spain,3,1,0,0,0,0,0,0,1,2,0,0,0.0,0.0
R. AHMADI,Iran,3,1,0,0,0,0,0,0,0,3,0,0,0.0,0.0
R OSORIO,Mexico,4,1,0,0,0,0,0,0,4,0,0,0,0.0,0.0
Quiterio OLMEDO,Paraguay,2,1,0,0,0,0,0,0,2,0,0,0,0.0,0.0
Quinton FORTUNE,South Africa,3,1,0,0,1,0,0,0,3,0,0,0,0.0,0.333
QUIQUE SETIEN,Spain,5,1,0,0,0,0,0,0,0,5,0,0,0.0,0.0
QUIQUE,Spain,4,1,0,0,0,0,0,0,0,4,0,0,0.0,0.0
R. MORALES,Mexico,8,2,0,0,0,0,0,0,5,3,0,0,0.0,0.0
R. MYONG GUK,North Korea,3,1,0,0,0,0,0,0,3,0,0,0,0.0,0.0
QUINI,Spain,8,2,0,0,0,0,0,0,0,8,0,0,0.0,0.0
RADOSAVLJEVI?,Slovenia,3,1,0,0,1,0,0,0,3,0,0,0,0.0,0.333
RASIAK,Poland,3,1,0,0,0,0,0,0,0,3,0,0,0.0,0.0
RAMOS,USA,19,3,0,0,3,0,0,1,15,4,0,0,0.0,0.158
RAMIRES,Brazil,12,2,0,0,3,0,0,0,3,9,0,0,0.0,0.25
RAMELOW,Germany,7,1,0,0,2,1,1,0,5,2,0,0,0.0,0.429
RAME,France,3,1,0,0,0,0,0,0,0,3,0,0,0.0,0.0
RAKITI?,Croatia,3,1,0,0,1,0,0,0,3,0,0,0,0.0,0.333
RAIS,Algeria,4,1,0,0,0,0,0,0,4,0,0,0,0.0,0.0
RAI,Brazil,7,1,0,0,0,0,0,3,3,4,1,0,0.0,0.0
RAFA PAZ,Spain,4,1,0,0,0,0,0,0,0,4,0,0,0.0,0.0
RAFA,Portugal,3,1,0,0,0,0,0,0,0,3,0,0,0.0,0.0
RADOMSKI,Poland,3,1,0,0,1,0,0,0,3,0,0,0,0.0,0.333
R. OSORIO,Mexico,4,1,0,0,0,0,0,0,4,0,0,0,0.0,0.0
RABIU,Ghana,3,1,0,0,1,0,0,0,3,0,0,0,0.0,0.333
R.REZAEI,Iran,3,1,0,0,0,0,0,0,3,0,0,0,0.0,0.0
R.PAKIKHATIBI,Iran,3,1,0,0,0,0,0,0,0,3,0,0,0.0,0.0
R.ENAYATI,Iran,3,1,0,0,0,0,0,0,0,3,0,0,0.0,0.0
R.COSTA,Portugal,7,1,0,0,1,0,0,0,1,6,0,0,0.0,0.143
R.CARVALHO,Portugal,7,1,0,0,2,0,0,0,6,1,0,0,0.0,0.286
R.CARLOS,Brazil,5,1,0,0,0,0,0,0,4,1,0,0,0.0,0.0
R.ALBIOL,Spain,7,1,0,0,0,0,0,0,0,7,0,0,0.0,0.0
R. SHAHROUDI,Iran,3,1,0,0,0,0,0,0,0,3,0,0,0.0,0.0
R. ROJAS,Paraguay,4,1,0,0,0,0,0,0,0,4,0,0,0.0,0.0
QUINN,Ireland,4,1,0,0,0,0,0,0,0,4,0,0,0.0,0.0
QUIM,Portugal,7,1,0,0,0,0,0,0,0,7,0,0,0.0,0.0
REGIS,USA,5,1,0,0,0,0,0,0,0,5,0,0,0.0,0.0
Pierluigi CASIRAGHI,Italy,7,1,0,0,1,0,0,0,3,4,0,0,0.0,0.143
Pieter VAN DEN BOSCH,Belgium,2,1,0,0,0,0,0,0,2,0,0,0,0.0,0.0
Piet SCHRIJVERS,Netherlands,14,2,0,0,0,0,0,0,3,11,0,0,0.0,0.0
Piet KEIZER,Netherlands,7,1,0,0,0,0,0,0,1,6,0,0,0.0,0.0
Pierre ISSA,South Africa,3,1,0,1,1,0,0,0,3,0,0,0,0.0,0.333
Pierre CARTEUS,Belgium,3,1,0,0,0,0,0,0,0,3,0,0,0.0,0.0
Pierre BRAINE,Belgium,2,1,0,0,0,0,0,2,2,0,0,0,0.0,0.0
Pierre BAYONNE,Haiti,3,1,0,0,2,0,0,0,3,0,0,0,0.0,0.667
Piero PASINATI,Italy,4,1,0,0,0,0,0,0,1,3,0,0,0.0,0.0
Pierluigi PIZZABALLA,Italy,3,1,0,0,0,0,0,0,0,3,0,0,0.0,0.0
Pierluigi CERA,Italy,6,1,0,0,0,0,0,0,6,0,0,0,0.0,0.0
Pierino PRATI,Italy,6,1,0,0,0,0,0,0,0,6,0,0,0.0,0.0
Pietro ARCARI,Italy,5,1,0,0,0,0,0,0,0,5,0,0,0.0,0.0
Philippe VORBE,Haiti,3,1,0,0,0,0,0,0,3,0,0,0,0.0,0.0
Philippe VERCRUYSSE,France,7,1,0,0,0,0,0,0,1,6,0,0,0.0,0.0
Philippe VANDE WALLE,Belgium,3,1,0,0,0,0,0,0,1,2,0,0,0.0,0.0
Philippe POTTIER,Switzerland,3,1,0,0,0,0,0,0,1,2,0,0,0.0,0.0
Philippe MAHUT,France,7,1,0,0,0,0,0,0,1,6,0,0,0.0,0.0
Philippe GONDET,France,3,1,0,0,0,0,0,0,3,0,0,0,0.0,0.0
Philippe DESMET,Belgium,7,1,0,0,0,0,0,0,2,5,0,0,0.0,0.0
Philippe CLEMENT,Belgium,3,1,0,0,0,0,0,0,2,1,0,0,0.0,0.0
Philippe BERGEROO,France,7,1,0,0,0,0,0,0,0,7,0,0,0.0,0.0
Philip NEAL,England,5,1,0,0,0,0,0,0,1,4,0,0,0.0,0.0
Pieter WILDSCHUT,Netherlands,7,1,0,0,0,0,0,0,2,5,0,0,0.0,0.0
Pietro RAVA,Italy,4,1,0,0,0,0,0,0,4,0,0,0,0.0,0.0
QUAYE,Ghana,4,1,0,0,0,0,0,0,0,4,0,0,0.0,0.0
Prawitz OBERG,Sweden,6,1,0,0,0,0,0,0,0,6,0,0,0.0,0.0
QASSIM BASSIM,Iraq,3,1,0,0,0,0,0,0,1,2,0,0,0.0,0.0
Q AN,China PR,3,1,0,0,0,0,0,0,0,3,0,0,0.0,0.0
Keith NEWTON,England,4,1,0,0,0,0,0,0,3,1,0,0,0.0,0.0
Prvoslav MIHAJLOVIC,Yugoslavia,3,1,0,0,0,0,0,0,1,2,0,0,0.0,0.0
Prudencio NORALES,Honduras,3,1,0,0,0,0,0,0,2,1,0,0,0.0,0.0
Premysl BICOVSKY,Czechoslovakia,3,1,0,0,0,0,0,0,1,2,0,0,0.0,0.0
Preki RADOSAVLJEVIC,USA,3,1,0,0,0,0,0,0,0,3,0,0,0.0,0.0
Predrag SPASIC,Yugoslavia,5,1,0,0,0,0,0,0,5,0,0,0,0.0,0.0
Predrag PASIC,Yugoslavia,3,1,0,0,0,0,0,0,0,3,0,0,0.0,0.0
Predrag DJAJIC,Yugoslavia,3,1,0,0,0,0,0,0,3,0,0,0,0.0,0.0
Porfirio BETANCOURT,Honduras,3,1,0,0,0,0,0,0,3,0,0,0,0.0,0.0
Pietro SERANTONI,Italy,4,1,0,0,0,0,0,0,4,0,0,0,0.0,0.0
Pontus KAMARK,Sweden,7,1,0,0,0,0,0,0,2,5,0,0,0.0,0.0
Poly VAN DEN BOSCH,Belgium,2,1,0,0,0,0,0,0,1,1,0,0,0.0,0.0
Pleun STRIK,Netherlands,7,1,0,0,0,0,0,0,0,7,0,0,0.0,0.0
Plamen NIKOLOV,Bulgaria,7,1,0,0,0,0,0,0,0,7,0,0,0.0,0.0
Plamen MARKOV,Bulgaria,4,1,0,0,0,0,0,0,1,3,0,0,0.0,0.0
Placido GALINDO,Peru,2,1,0,0,0,1,1,1,2,0,0,0,0.0,0.5
Piotr SKROBOWSKI,Poland,7,1,0,0,0,0,0,0,0,7,0,0,0.0,0.0
Piotr MOWLIK,Poland,7,1,0,0,0,0,0,0,0,7,0,0,0.0,0.0
Pim DOESBURG,Netherlands,7,1,0,0,0,0,0,0,0,7,0,0,0.0,0.0
Pietro VIERCHOWOD,Italy,18,3,0,0,1,0,0,0,5,13,0,0,0.0,0.056
REBI?,Croatia,3,1,0,0,0,1,1,0,0,3,0,0,0.0,0.333
REHMER,Germany,7,1,0,0,0,0,0,0,1,6,0,0,0.0,0.0
Raul ISIORDIA,Mexico,3,1,0,0,0,0,0,0,1,2,0,0,0.0,0.0
Rafael AMADOR,Mexico,5,1,0,0,0,0,0,0,3,2,0,0,0.0,0.0
Raimond AUMANN,West Germany,7,1,0,0,0,0,0,0,0,7,0,0,0.0,0.0
Rahamim TALBI,Israel,3,1,0,0,0,0,0,0,1,2,0,0,0.0,0.0
Ragnar GUSTAVSSON,Sweden,2,1,0,0,0,0,0,0,2,0,0,0,0.0,0.0
Rafael SOUTO,Uruguay,5,1,0,0,0,0,0,0,1,4,0,0,0.0,0.0
Rafael SALGUERO,Peru,3,1,0,0,0,0,0,0,3,0,0,0,0.0,0.0
Rafael MENDEZ,Bolivia,2,1,0,0,0,0,0,2,2,0,0,0,0.0,0.0
Rafael GORDILLO,Spain,10,2,0,0,1,0,0,0,6,4,0,0,0.0,0.1
Rafael GONZALEZ,Chile,3,1,0,0,0,0,0,0,0,3,0,0,0.0,0.0
Rafael GARZA,Mexico,3,1,0,0,0,0,0,3,3,0,0,0,0.0,0.0
Rafael AVALOS,Mexico,2,1,0,0,0,0,0,0,2,0,0,0,0.0,0.0
Rafael ALBRECHT,Argentina,7,2,0,0,0,1,1,0,3,4,0,0,0.0,0.143
Ralph TRACY,USA,3,1,0,0,0,0,0,0,3,0,0,0,0.0,0.0
Radu NUNWEILLER,Romania,3,1,0,0,1,0,0,0,3,0,0,0,0.0,0.333
Radu NICULESCU,Romania,4,1,0,0,0,0,0,0,0,4,0,0,0.0,0.0
Radoslav ZDRAVKOV,Bulgaria,4,1,0,0,0,0,0,0,3,1,0,0,0.0,0.0
Radhouane SALHI,Tunisia,3,1,0,0,0,0,0,0,0,3,0,0,0.0,0.0
Rachid ROKKI,Morocco,3,1,0,0,0,0,0,0,0,3,0,0,0.0,0.0
Rachid NEQROUZ,Morocco,3,1,0,0,0,0,0,0,0,3,0,0,0.0,0.0
Rachid HARKOUK,Algeria,3,1,0,0,0,0,0,0,1,2,0,0,0.0,0.0
Rachid DAOUDI,Morocco,3,1,0,0,1,0,0,0,2,1,0,0,0.0,0.333
Rachid AZZOUZI,Morocco,3,1,0,0,0,0,0,0,0,3,0,0,0.0,0.0
Rabie YASSIN,Egypt,3,1,0,0,0,0,0,1,3,0,0,0,0.0,0.0
Raimundo RODRIGUEZ,Mexico,3,1,0,0,0,0,0,0,1,2,0,0,0.0,0.0
Ramiro CASTILLO,Bolivia,3,1,0,0,0,0,0,0,0,3,0,0,0.0,0.0
RYZHIKOV,Russia,3,1,0,0,0,0,0,0,0,3,0,0,0.0,0.0
Randy SAMUEL,Canada,3,1,0,0,0,0,0,0,3,0,0,0,0.0,0.0
Raul GORRITI,Peru,6,1,0,0,0,0,0,0,0,6,0,0,0.0,0.0
Raul CORDOBA,Mexico,3,1,0,0,0,0,0,0,0,3,0,0,0.0,0.0
Raul CARDENAS,Mexico,8,3,0,1,0,0,0,0,7,1,0,0,0.0,0.0
Raul BELEN,Argentina,3,1,0,0,0,0,0,0,2,1,0,0,0.0,0.0
Raul ARELLANO,Mexico,2,1,0,0,0,0,0,0,2,0,0,0,0.0,0.0
Ratko SVILAR,Yugoslavia,3,1,0,0,0,0,0,0,0,3,0,0,0.0,0.0
Ratko COLIC,Yugoslavia,3,1,0,0,0,0,0,0,0,3,0,0,0.0,0.0
Raoul DIAGNE,France,2,1,0,0,0,0,0,0,2,0,0,0,0.0,0.0
Raouf BEN AZIZA,Tunisia,3,1,0,0,0,0,0,0,1,2,0,0,0.0,0.0
Ranulfo CORTES,Mexico,2,1,0,0,0,0,0,0,0,2,0,0,0.0,0.0
Randy RAGAN,Canada,3,1,0,0,0,0,0,0,3,0,0,0,0.0,0.0
Ramiro NAVARRO,Mexico,3,1,0,0,0,0,0,0,0,3,0,0,0.0,0.0
Ramon RAMIREZ,Mexico,8,2,0,0,2,1,1,0,5,3,0,0,0.0,0.375
Ramon QUIROGA,Peru,9,2,0,0,1,0,0,0,9,0,0,0,0.0,0.111
Ramon MUTTIS,Argentina,5,1,0,0,0,0,0,0,1,4,0,0,0.0,0.0
Ramon MIFFLIN,Peru,4,1,0,0,0,0,0,0,4,0,0,0,0.0,0.0
Ramon MEDINA BELLO,Argentina,4,1,0,0,0,0,0,0,0,4,0,0,0.0,0.0
Ramon MAYEREGGER,Paraguay,3,1,0,0,0,0,0,0,1,2,0,0,0.0,0.0
Ramon MARADIAGA,Honduras,3,1,0,0,1,0,0,3,3,0,0,0,0.0,0.333
Ramon HICKS,Paraguay,4,1,0,0,0,0,0,0,0,4,0,0,0.0,0.0
Ramon FAGOAGA,El Salvador,3,1,0,0,1,0,0,0,1,2,0,0,0.0,0.333
Ramon ABELEDO,Argentina,3,1,0,0,0,0,0,0,0,3,0,0,0.0,0.0
RZASA,Poland,3,1,0,0,0,0,0,0,0,3,0,0,0.0,0.0
RYOO Chang Kil,North Korea,4,1,0,0,0,0,0,0,0,4,0,0,0.0,0.0
REINA,Spain,14,3,0,0,0,0,0,0,1,13,0,0,0.0,0.0
RICARDO ROCHA,Brazil,11,2,0,0,1,0,0,0,3,8,0,0,0.0,0.091
RODRIGUES NETO,Brazil,7,1,0,0,0,0,0,0,4,3,0,0,0.0,0.0
RODRIGUES,Brazil,9,2,0,0,0,0,0,0,2,7,0,0,0.0,0.0
RODRI,Spain,3,1,0,0,0,0,0,0,2,1,0,0,0.0,0.0
ROBINSON,England,5,1,0,0,1,0,0,0,5,0,0,0,0.0,0.2
ROBERTO CARLOS,Brazil,7,1,0,0,1,0,0,0,7,0,0,0,0.0,0.143
RIVAROLA,Paraguay,4,1,0,0,0,0,0,0,0,4,0,0,0.0,0.0
RIQUELME,Argentina,5,1,0,0,0,0,0,0,5,0,0,0,0.0,0.0
RINCON,Colombia,6,2,0,0,0,0,0,0,6,0,0,0,0.0,0.0
RIMANDO,USA,4,1,0,0,0,0,0,0,0,4,0,0,0.0,0.0
RICKEN,Germany,7,1,0,0,0,0,0,0,0,7,0,0,0.0,0.0
RICARDO GOMES,Brazil,4,1,0,0,0,1,1,4,4,0,0,0,0.0,0.25
ROGERIO,Brazil,7,1,0,0,0,0,0,0,0,7,0,0,0.0,0.0
RICARDO,Spain,15,2,0,0,1,0,0,0,7,8,0,0,0.0,0.067
RICARDINHO,Brazil,12,2,0,0,0,0,0,0,0,12,0,0,0.0,0.0
RICARD,Colombia,3,1,0,0,0,0,0,0,0,3,0,0,0.0,0.0
RIBEIRO,Portugal,3,1,0,0,0,0,0,0,0,3,0,0,0.0,0.0
REYNA,USA,8,2,0,0,2,0,0,7,7,1,0,0,0.0,0.25
REYES,Spain,4,1,0,0,1,0,0,0,1,3,0,0,0.0,0.25
REVEILLERE,France,3,1,0,0,0,0,0,0,0,3,0,0,0.0,0.0
RENATO GAUCHO,Brazil,4,1,0,0,0,0,0,0,0,4,0,0,0.0,0.0
RENATO,Brazil,12,2,0,0,0,0,0,0,0,12,0,0,0.0,0.0
REMY,France,5,1,0,0,0,0,0,0,0,5,0,0,0.0,0.0
RODRIGUEZ M.,Costa Rica,3,1,0,0,0,0,0,0,0,3,0,0,0.0,0.0
ROJAS,Chile,7,1,0,0,0,0,0,0,0,7,0,0,0.0,0.0
RYAN,Australia,3,1,0,0,0,0,0,0,3,0,0,0,0.0,0.0
RUFAI,Nigeria,4,1,0,0,0,0,0,3,4,0,0,0,0.0,0.0
RUY,Brazil,6,1,0,0,0,0,0,0,1,5,0,0,0.0,0.0
RUSTU,Turkey,7,1,0,0,1,0,0,0,7,0,0,0,0.0,0.143
RUSSINHO,Brazil,2,1,0,0,0,0,0,0,1,1,0,0,0.0,0.0
RUKAVYTSYA,Australia,3,1,0,0,0,0,0,0,0,3,0,0,0.0,0.0
RUKAVINA,Serbia,3,1,0,0,0,0,0,0,0,3,0,0,0.0,0.0
RUI PATRICIO,Portugal,3,1,0,0,0,0,0,0,1,2,0,0,0.0,0.0
RUI MARQUES,Angola,3,1,0,0,0,0,0,0,0,3,0,0,0.0,0.0
RUI JORGE,Portugal,3,1,0,0,1,0,0,0,3,0,0,0,0.0,0.333
RUI AGUAS,Portugal,3,1,0,0,0,0,0,0,0,3,0,0,0.0,0.0
RUFFIER,France,5,1,0,0,0,0,0,0,0,5,0,0,0.0,0.0
RUDONJA,Slovenia,3,1,0,0,1,0,0,0,2,1,0,0,0.0,0.333
ROLANDO,Portugal,4,1,0,0,0,0,0,0,0,4,0,0,0.0,0.0
RUBENS,Brazil,3,1,0,0,0,0,0,0,0,3,0,0,0.0,0.0
RUBEN CANO,Spain,3,1,0,0,0,0,0,0,1,2,0,0,0.0,0.0
ROZEHNAL,Czech Republic,3,1,0,0,1,0,0,0,3,0,0,0,0.0,0.333
ROTAN,Ukraine,5,1,0,0,0,0,0,0,1,4,0,0,0.0,0.0
ROSENDO HERNANDEZ,Spain,6,1,0,0,0,0,0,0,2,4,0,0,0.0,0.0
ROSENBERG,Sweden,4,1,0,0,0,0,0,0,0,4,0,0,0.0,0.0
ROQUE JR,Brazil,7,1,0,0,2,0,0,0,6,1,0,0,0.0,0.286
RONALDAO,Brazil,7,1,0,0,0,0,0,0,0,7,0,0,0.0,0.0
ROMERO,Spain,17,3,0,0,0,0,0,0,14,3,0,0,0.0,0.0
ROMAO,Togo,3,1,0,0,2,0,0,0,2,1,0,0,0.0,0.667
Philip HUGHES,Northern Ireland,3,1,0,0,0,0,0,0,0,3,0,0,0.0,0.0
Philibert SMELLINCKX,Belgium,2,2,0,0,0,0,0,0,1,1,0,0,0.0,0.0
Phil THOMPSON,England,5,1,0,0,0,0,0,0,5,0,0,0,0.0,0.0
POLAK,Czech Republic,3,1,0,0,2,1,1,0,1,2,0,0,0.0,1.0
POULSEN,Denmark,4,1,0,0,2,0,0,0,1,3,0,0,0.0,0.5
PORRAS J.,Costa Rica,3,1,0,0,0,0,0,0,3,0,0,0,0.0,0.0
POROSO,Ecuador,3,1,0,0,1,0,0,0,3,0,0,0,0.0,0.333
POPOVIC,Australia,4,1,0,0,0,0,0,0,1,3,0,0,0.0,0.0
POPESCU GH.,Romania,13,3,0,0,4,0,0,0,12,1,0,0,0.0,0.308
POPESCU G.,Romania,4,1,0,0,0,0,0,0,3,1,0,0,0.0,0.0
POPE,USA,8,2,0,0,4,1,1,0,7,1,0,0,0.0,0.625
PONCE,Chile,4,1,0,0,2,0,0,0,3,1,0,0,0.0,0.5
POLY,Brazil,2,1,0,0,0,0,0,0,1,1,0,0,0.0,0.0
POLOZZI,Brazil,7,1,0,0,0,0,0,0,0,7,0,0,0.0,0.0
POCHETTINO,Argentina,3,1,0,0,0,0,0,0,3,0,0,0,0.0,0.0
PRANJI?,Croatia,3,1,0,0,0,0,0,0,2,1,0,0,0.0,0.0
POBORSKY,Czech Republic,3,1,0,0,0,0,0,0,3,0,0,0,0.0,0.0
PLETIKOSA,Croatia,9,3,0,0,1,0,0,0,9,0,0,0,0.0,0.111
PLASIL,Czech Republic,3,1,0,0,0,0,0,0,3,0,0,0,0.0,0.0
PLANUS,France,3,1,0,0,0,0,0,0,0,3,0,0,0.0,0.0
PLACENTE,Argentina,3,1,0,0,0,0,0,0,2,1,0,0,0.0,0.0
PIZZI,Spain,3,1,0,0,0,0,0,0,1,2,0,0,0.0,0.0
PIQU,Spain,10,2,0,0,1,0,0,0,8,2,0,0,0.0,0.1
PINTO,Chile,4,1,0,0,0,0,0,0,0,4,0,0,0.0,0.0
PINILLA,Chile,4,1,0,0,1,0,0,0,0,4,0,0,0.0,0.25
PINHEIRO,Brazil,3,1,0,0,0,0,0,0,3,0,0,0,0.0,0.0
POZO,Argentina,5,1,0,0,0,0,0,0,0,5,0,0,0.0,0.0
PRITTAS,Greece,3,1,0,0,0,0,0,0,0,3,0,0,0.0,0.0
PIMENOV,Russia,3,1,0,0,1,0,0,0,2,1,0,0,0.0,0.333
Pal VARHIDI,Hungary,5,1,0,0,0,0,0,0,0,5,0,0,0.0,0.0
Pat BONNER,Ireland,9,2,0,0,0,0,0,0,9,0,0,0,0.0,0.0
Pasquale DE LUCA,Canada,3,1,0,0,0,0,0,0,0,3,0,0,0.0,0.0
Pascal RENIER,Belgium,4,1,0,0,0,0,0,0,0,4,0,0,0.0,0.0
Pascal PLOVIE,Belgium,4,1,0,0,0,0,0,0,0,4,0,0,0.0,0.0
Paride TUMBURUS,Italy,3,1,0,0,0,0,0,0,1,2,0,0,0.0,0.0
Paolo PULICI,Italy,10,2,0,0,0,0,0,0,0,10,0,0,0.0,0.0
Paolo MALDINI,Italy,12,2,0,0,2,0,0,5,12,0,0,0,0.0,0.167
Paolo CONTI,Italy,7,1,0,0,0,0,0,0,0,7,0,0,0.0,0.0
Pantelei DIMITROV,Bulgaria,3,1,0,0,0,0,0,0,0,3,0,0,0.0,0.0
Panayot PANAYOTOV,Bulgaria,3,1,0,0,0,0,0,0,0,3,0,0,0.0,0.0
Pal BERENDY,Hungary,4,1,0,0,0,0,0,0,2,2,0,0,0.0,0.0
PROSINECKI,Croatia,3,1,0,0,0,0,0,0,1,2,0,0,0.0,0.0
Pablo PAZ,Argentina,5,1,0,0,0,0,0,0,1,4,0,0,0.0,0.0
Pablo PACHECO,Peru,2,1,0,0,0,0,0,0,0,2,0,0,0.0,0.0
Pablo LARIOS,Mexico,5,1,0,0,0,0,0,0,5,0,0,0,0.0,0.0
Pablo FORLAN,Uruguay,7,2,0,0,1,0,0,0,3,4,0,0,0.0,0.143
Pablo CENTURION,Paraguay,2,1,0,0,0,0,0,0,0,2,0,0,0.0,0.0
Pablo CAVALLERO,Argentina,5,1,0,0,0,0,0,0,0,5,0,0,0.0,0.0
PYATOV,Ukraine,5,1,0,0,0,0,0,0,0,5,0,0,0.0,0.0
PULE,South Africa,3,1,0,0,0,0,0,0,0,3,0,0,0.0,0.0
PRUNEA,Romania,5,1,0,0,0,0,0,0,3,2,0,0,0.0,0.0
PRSO,Croatia,3,1,0,0,0,0,0,0,3,0,0,0,0.0,0.0
PIMPONG,Ghana,4,1,0,0,0,0,0,0,1,3,0,0,0.0,0.0
PIENAAR,South Africa,6,2,0,0,1,0,0,0,3,3,0,0,0.0,0.167
Phil SLONE,USA,3,1,0,0,0,0,0,0,0,3,0,0,0.0,0.0
PARK Kyu Chong,South Korea,2,1,0,0,0,0,0,1,2,0,0,0,0.0,0.0
PAULO CESAR,Brazil,13,2,0,0,0,0,0,0,7,6,0,0,0.0,0.0
PAULINHO,Brazil,10,2,0,0,0,0,0,0,5,5,0,0,0.0,0.0
PATSA,Greece,3,1,0,0,0,0,0,0,0,3,0,0,0.0,0.0
PATESKO,Brazil,6,2,0,0,0,0,0,0,4,2,0,0,0.0,0.0
PASTORE,Argentina,5,1,0,0,0,0,0,0,0,5,0,0,0.0,0.0
PASTON,New Zealand,3,1,0,0,0,0,0,0,3,0,0,0,0.0,0.0
PAROLO,Italy,3,1,0,0,0,0,0,0,0,3,0,0,0.0,0.0
PARKER,South Africa,3,1,0,0,0,0,0,0,1,2,0,0,0.0,0.0
PARK Yae Seung,South Korea,2,1,0,0,0,0,0,0,1,1,0,0,0.0,0.0
PARK Kyung Hoon,South Korea,6,2,0,0,1,0,0,0,6,0,0,0,0.0,0.167
PARK Jung Bae,South Korea,3,1,0,0,1,0,0,0,3,0,0,0,0.0,0.333
PAULO ISIDORO,Brazil,5,1,0,0,0,0,0,0,0,5,0,0,0.0,0.0
PARK Il Kap,South Korea,2,1,0,0,0,0,0,0,1,1,0,0,0.0,0.0
PARK Chul Woo,South Korea,3,1,0,0,0,0,0,0,0,3,0,0,0.0,0.0
PAREDES,Paraguay,18,4,0,0,5,1,1,0,8,10,0,0,0.0,0.333
PARDO,Mexico,4,1,0,0,0,1,1,0,3,1,0,0,0.0,0.25
PARANA,Brazil,3,1,0,0,0,0,0,0,1,2,0,0,0.0,0.0
PAPPOE,Ghana,4,1,0,0,0,0,0,0,2,2,0,0,0.0,0.0
PAPE SARR,Senegal,5,1,0,0,0,0,0,0,1,4,0,0,0.0,0.0
PAPADOPOULOS,Greece,3,1,0,0,0,0,0,0,3,0,0,0,0.0,0.0
PANUCCI,Italy,4,1,0,0,1,0,0,0,4,0,0,0,0.0,0.25
PANTSIL,Ghana,5,1,0,0,1,0,0,0,5,0,0,0,0.0,0.2
PAULO HENRIQUE,Brazil,3,1,0,0,0,0,0,0,2,1,0,0,0.0,0.0
PAULO SERGIO,Brazil,12,2,0,0,0,0,0,0,0,12,0,0,0.0,0.0
PHILIPP DEGEN,Switzerland,4,1,0,0,1,0,0,0,4,0,0,0,0.0,0.25
PEPE,Brazil,22,4,0,0,2,1,1,0,7,15,0,0,0.0,0.136
PETROVI?,Serbia,3,1,0,0,0,0,0,0,0,3,0,0,0.0,0.0
PETRAS,Slovakia,4,1,0,0,0,0,0,0,0,4,0,0,0.0,0.0
PETKOVIC,Serbia and Montenegro,3,1,0,0,0,0,0,0,0,3,0,0,0.0,0.0
PETIT,France,13,2,0,1,5,0,0,0,8,5,0,0,0.0,0.385
PERUZZI,Italy,7,1,0,0,0,0,0,0,0,7,0,0,0.0,0.0
PERROTTA,Italy,7,1,0,0,0,0,0,0,7,0,0,0,0.0,0.0
PERNIS,Slovakia,4,1,0,0,0,0,0,0,0,4,0,0,0.0,0.0
PERIN,Italy,3,1,0,0,0,0,0,0,0,3,0,0,0.0,0.0
PEREZ,Colombia,17,3,0,0,2,0,0,0,9,8,0,0,0.0,0.118
PERES,Portugal,6,1,0,0,0,0,0,0,0,6,0,0,0.0,0.0
PENSE,Cameroon,3,1,0,0,0,0,0,0,1,2,0,0,0.0,0.0
PAULO VITOR,Brazil,5,1,0,0,0,0,0,0,0,5,0,0,0.0,0.0
PEMBERTON P.,Costa Rica,5,1,0,0,0,0,0,0,0,5,0,0,0.0,0.0
PEKARIK,Slovakia,4,1,0,0,1,0,0,0,3,1,0,0,0.0,0.25
PEETERS,Belgium,4,1,0,0,0,0,0,0,3,1,0,0,0.0,0.0
PEDRO,Spain,10,2,0,0,0,0,0,0,3,7,0,0,0.0,0.0
PEDRINHO,Brazil,5,1,0,0,0,0,0,0,0,5,0,0,0.0,0.0
PE?NIK,Slovenia,3,1,0,0,0,0,0,0,0,3,0,0,0.0,0.0
PAZZINI,Italy,3,1,0,0,0,0,0,0,0,3,0,0,0.0,0.0
PAVON,Honduras,3,1,0,0,0,0,0,0,1,2,0,0,0.0,0.0
PAVLOVIC,Slovenia,3,1,0,0,0,0,0,0,0,3,0,0,0.0,0.0
PAVLIN,Slovenia,3,1,0,0,2,0,0,0,3,0,0,0,0.0,0.667
Pat JENNINGS,Northern Ireland,8,2,0,0,0,0,0,0,7,1,0,0,0.0,0.0
Patrice RIO,France,3,1,0,0,0,0,0,0,1,2,0,0,0.0,0.0
Patricio HERNANDEZ,Argentina,5,1,0,0,0,0,0,0,0,5,0,0,0.0,0.0
Petar ZHEKOV,Bulgaria,6,2,0,0,0,0,0,0,2,4,0,0,0.0,0.0
Peter FIEBER,Czechoslovakia,5,1,0,0,0,0,0,0,0,5,0,0,0.0,0.0
Peter DUCKE,East Germany,6,1,0,0,0,0,0,0,0,6,0,0,0.0,0.0
Peter DISZTL,Hungary,3,1,0,0,0,0,0,0,2,1,0,0,0.0,0.0
Peter DIETRICH,West Germany,6,1,0,0,0,0,0,0,0,6,0,0,0.0,0.0
Peter CORMACK,Scotland,3,1,0,0,0,0,0,0,0,3,0,0,0.0,0.0
Peter CARGILL,Jamaica,3,1,0,0,1,0,0,0,1,2,0,0,0.0,0.333
Peter BROADBENT,England,4,1,0,0,0,0,0,0,1,3,0,0,0.0,0.0
Peter BRABROOK,England,4,1,0,0,0,0,0,0,1,3,0,0,0.0,0.0
Peter BONETTI,England,10,2,0,0,0,0,0,0,1,9,0,0,0.0,0.0
Peter ARTNER,Austria,3,1,0,0,0,1,1,0,2,1,0,0,0.0,0.333
Petar VELICHKOV,Bulgaria,3,1,0,0,0,0,0,0,3,0,0,0,0.0,0.0
Peter KJAER,Denmark,5,1,0,0,0,0,0,0,0,5,0,0,0.0,0.0
Petar PETROV,Bulgaria,4,1,0,0,0,0,0,0,3,1,0,0,0.0,0.0
Petar MIKHTARSKI,Bulgaria,7,1,0,0,0,0,0,0,0,7,0,0,0.0,0.0
Petar KRPAN,Croatia,7,1,0,0,0,0,0,0,0,7,0,0,0.0,0.0
Petar HOUBCHEV,Bulgaria,7,1,0,0,1,0,0,0,7,0,0,0,0.0,0.143
Petar ALEXANDROV,Bulgaria,7,1,0,0,0,0,0,0,0,7,0,0,0.0,0.0
Perica OGNJENOVIC,Yugoslavia,4,1,0,0,1,0,0,0,0,4,0,0,0.0,0.25
Percy ROJAS,Peru,9,2,0,0,0,0,0,0,0,9,0,0,0.0,0.0
Per FRIMANN,Denmark,4,1,0,0,0,0,0,0,0,4,0,0,0.0,0.0
Per FRANDSEN,Denmark,5,1,0,0,0,0,0,0,0,5,0,0,0.0,0.0
Pepi HAMMERL,Austria,3,1,0,0,0,0,0,0,0,3,0,0,0.0,0.0
Peter HANNICH,Hungary,3,1,0,0,0,0,0,0,1,2,0,0,0.0,0.0
Peter LARSSON,Sweden,3,1,0,0,0,0,0,0,3,0,0,0,0.0,0.0
Patricio YANEZ,Chile,3,1,0,0,0,0,0,0,3,0,0,0,0.0,0.0
Peter SIMONSEN,New Zealand,3,1,0,0,0,0,0,0,0,3,0,0,0.0,0.0
Phil MASINGA,South Africa,3,1,0,0,0,0,0,0,1,2,0,0,0.0,0.0
Phil BABB,Ireland,4,1,0,0,0,0,0,0,4,0,0,0,0.0,0.0
Petr JANECKA,Czechoslovakia,3,1,0,0,0,0,0,0,3,0,0,0,0.0,0.0
Peter WITHE,England,5,1,0,0,0,0,0,0,0,5,0,0,0.0,0.0
Peter WILSON,Australia,3,1,0,0,0,0,0,3,3,0,0,0,0.0,0.0
Peter VERMES,USA,3,1,0,0,0,0,0,0,3,0,0,0,0.0,0.0
Peter VAN VOSSEN,Netherlands,5,1,0,0,0,0,0,0,3,2,0,0,0.0,0.0
Peter TOROK,Hungary,3,1,0,0,0,0,0,0,1,2,0,0,0.0,0.0
Peter SWAN,England,4,1,0,0,0,0,0,0,0,4,0,0,0.0,0.0
Peter STOEGER,Austria,3,1,0,0,0,0,0,0,0,3,0,0,0.0,0.0
Peter SILLETT,England,4,1,0,0,0,0,0,0,0,4,0,0,0.0,0.0
Peter OLLERTON,Australia,3,1,0,0,0,0,0,0,0,3,0,0,0.0,0.0
Peter SHILTON,England,17,3,0,0,0,0,0,5,17,0,0,0,0.0,0.0
Peter SCHOETTEL,Austria,6,2,0,0,2,0,0,0,5,1,0,0,0.0,0.333
Peter SCHMEICHEL,Denmark,5,1,0,0,1,0,0,0,5,0,0,0,0.0,0.2
Peter RUFAI,Nigeria,4,1,0,0,0,0,0,0,4,0,0,0,0.0,0.0
Peter ROESCH,Switzerland,3,1,0,0,0,0,0,0,0,3,0,0,0.0,0.0
Peter REID,England,5,1,0,0,0,0,0,0,3,2,0,0,0.0,0.0
Peter PLATZER,Austria,4,1,0,0,0,0,0,0,4,0,0,0,0.0,0.0
Peter PERSIDIS,Austria,6,1,0,0,0,0,0,0,0,6,0,0,0.0,0.0
Peter PALUCH,Czechoslovakia,5,1,0,0,0,0,0,0,0,5,0,0,0.0,0.0
Peter OSGOOD,England,4,1,0,0,0,0,0,0,0,4,0,0,0.0,0.0
Pep GUARDIOLA,Spain,5,1,0,0,0,0,0,0,2,3,1,0,0.0,0.0
Pedro URALDE,Spain,5,1,0,0,0,0,0,0,0,5,0,0,0.0,0.0
Pedro SUAREZ,Argentina,5,1,0,0,0,0,0,0,2,3,0,0,0.0,0.0
Paul INCE,England,4,1,0,0,1,0,0,0,4,0,0,0,0.0,0.25
Paul McSTAY,Scotland,6,2,0,0,0,0,0,0,3,3,0,0,0.0,0.0
Paul McGRATH,Ireland,9,2,0,0,1,0,0,1,9,0,0,0,0.0,0.111
Paul MERSON,England,4,1,0,0,0,0,0,0,0,4,0,0,0.0,0.0
Paul MEBUS,West Germany,6,1,0,0,0,0,0,0,1,5,0,0,0.0,0.0
Paul LOGA,Cameroon,3,1,0,0,0,0,0,0,0,3,0,0,0.0,0.0
Paul LAMBERT,Scotland,3,1,0,0,0,0,0,0,3,0,0,0,0.0,0.0
Paul KRUMPE,USA,3,1,0,0,0,0,0,0,0,3,0,0,0.0,0.0
Paul KOZLICEK,Austria,3,1,0,0,0,0,0,0,2,1,0,0,0.0,0.0
Paul JANES,Germany,6,2,0,0,0,0,0,0,4,2,0,0,0.0,0.0
Paul JAMES,Canada,3,1,0,0,0,0,0,0,3,0,0,0,0.0,0.0
Paul HALLA,Austria,8,2,0,0,0,0,0,0,1,7,0,0,0.0,0.0
Pedro SOTO,Mexico,3,1,0,0,0,0,0,0,1,2,0,0,0.0,0.0
Paul HALL,Jamaica,3,1,0,0,0,0,0,0,3,0,0,0,0.0,0.0
Paul GASCOIGNE,England,7,1,0,0,2,0,0,0,6,1,0,0,0.0,0.286
Paul DOLAN,Canada,3,1,0,0,0,0,0,0,1,2,0,0,0.0,0.0
Paul BAHOKEN,Cameroon,3,1,0,0,0,0,0,0,0,3,0,0,0.0,0.0
Paul AEBI,Switzerland,3,1,0,0,0,0,0,0,0,3,0,0,0.0,0.0
Patrizio SALA,Italy,7,1,0,0,0,0,0,0,1,6,0,0,0.0,0.0
Patrik ANDERSSON,Sweden,7,1,0,0,0,0,0,0,7,0,0,0,0.0,0.0
Patrick VIEIRA,France,7,1,0,0,1,0,0,0,1,6,0,0,0.0,0.143
Patrick SYLVESTRE,Switzerland,4,1,0,0,0,0,0,0,0,4,0,0,0.0,0.0
Patrick BATTISTON,France,17,3,0,0,0,0,0,1,10,7,0,0,0.0,0.0
Paul PARKER,England,7,1,0,0,1,0,0,0,6,1,0,0,0.0,0.143
Paul RAMSEY,Northern Ireland,3,1,0,0,0,0,0,0,0,3,0,0,0.0,0.0
Paul STEINER,West Germany,7,1,0,0,0,0,0,0,0,7,0,0,0.0,0.0
Paul STURROCK,Scotland,6,2,0,0,0,0,0,0,2,4,0,0,0.0,0.0
Pedro SARABIA,Paraguay,4,1,0,0,0,0,0,0,4,0,0,0,0.0,0.0
Pedro ROMERO,Mexico,3,1,0,0,0,0,0,0,0,3,0,0,0.0,0.0
Pedro REYES,Chile,4,1,0,0,0,0,0,0,4,0,0,0,0.0,0.0
Pedro PETRONE,Uruguay,4,1,0,0,0,0,0,0,1,3,0,0,0.0,0.0
Pedro NAJERA,Mexico,5,2,0,0,0,0,0,0,3,2,0,0,0.0,0.0
Pedro LEON,Peru,4,1,0,0,0,0,0,0,4,0,0,0,0.0,0.0
Pedro GONZALES,Peru,4,1,0,0,0,0,0,0,2,2,0,0,0.0,0.0
Pedro FERRER,Cuba,3,1,0,0,0,0,0,0,1,2,0,0,0.0,0.0
Pedro DELLACHA,Argentina,3,1,0,0,0,0,0,3,3,0,0,0,0.0,0.0
Pedro CUBILLA,Uruguay,3,1,0,0,0,0,0,0,0,3,0,0,0.0,0.0
Pedro BERGES,Cuba,3,1,0,0,0,0,0,0,3,0,0,0,0.0,0.0
Pedro BENITEZ,Paraguay,2,1,0,0,0,0,0,0,1,1,0,0,0.0,0.0
Pedro ARAYA,Chile,3,1,0,0,0,0,0,0,3,0,0,0,0.0,0.0
Pawel JANAS,Poland,7,1,0,0,0,0,0,0,7,0,0,0,0.0,0.0
Pavol MOLNAR,Czechoslovakia,10,2,0,0,0,0,0,0,3,7,0,0,0.0,0.0
Pavel PANOV,Bulgaria,3,1,0,0,0,0,0,0,3,0,0,0,0.0,0.0
Pavel KOUBA,Czechoslovakia,6,1,0,0,0,0,0,0,0,6,0,0,0.0,0.0
Pavel CHALOUPKA,Czechoslovakia,3,1,0,0,1,0,0,0,1,2,0,0,0.0,0.333
Pavel CERNY,Czechoslovakia,3,1,0,0,0,0,0,0,0,3,0,0,0.0,0.0
Paul ZIELINSKI,Germany,4,1,0,0,0,0,0,0,4,0,0,0,0.0,0.0
Paul VAN HIMST,Belgium,3,1,0,0,1,0,0,3,3,0,0,0,0.0,0.333
Raul GUTIERREZ,Mexico,4,1,0,0,0,0,0,0,1,3,0,0,0.0,0.0
Raul MAGANA,El Salvador,3,1,0,0,1,0,0,0,3,0,0,0,0.0,0.333
Salvador FLORES,Paraguay,2,1,0,0,0,0,0,0,1,1,0,0,0.0,0.0
SCHR,Switzerland,4,1,0,0,0,0,0,0,2,2,0,0,0.0,0.0
SEMAK,Russia,3,1,0,0,0,0,0,0,0,3,0,0,0.0,0.0
SELYMES,Romania,5,1,0,0,2,0,0,0,3,2,0,0,0.0,0.4
SELLIMI,Tunisia,3,1,0,0,0,0,0,1,1,2,0,0,0.0,0.0
SEITARIDIS,Greece,3,1,0,0,0,0,0,0,1,2,0,0,0.0,0.0
SEAMAN,England,5,1,0,0,0,0,0,0,5,0,0,0,0.0,0.0
SCOTTI,Uruguay,7,1,0,0,0,0,0,0,0,7,0,0,0.0,0.0
SCOTLAND,Trinidad and Tobago,3,1,0,0,0,0,0,0,0,3,0,0,0.0,0.0
SCIFO,Belgium,4,1,0,0,1,0,0,1,4,0,0,0,0.0,0.25
SCHWEGLER,Switzerland,3,1,0,0,0,0,0,0,0,3,0,0,0.0,0.0
SCHWARZER,Australia,7,2,0,0,0,0,0,0,6,1,0,0,0.0,0.0
SCHOLES,England,5,1,0,0,1,0,0,0,5,0,0,0,0.0,0.2
SEMSHOV,Russia,3,1,0,0,1,0,0,0,2,1,0,0,0.0,0.333
SCHNEIDERLIN,France,5,1,0,0,0,0,0,0,1,4,0,0,0.0,0.0
SCHJONBERG,Denmark,5,1,0,0,1,0,0,0,3,2,0,0,0.0,0.2
SCHILDENFELD,Croatia,3,1,0,0,0,0,0,0,0,3,0,0,0.0,0.0
SCHAARS,Netherlands,7,1,0,0,0,0,0,0,0,7,0,0,0.0,0.0
SCALONI,Argentina,5,1,0,0,0,0,0,0,1,4,0,0,0.0,0.0
SAVICEVIC,Yugoslavia,5,1,0,0,0,0,0,0,1,4,0,0,0.0,0.0
SARPEI,Ghana,9,2,0,0,1,0,0,0,5,4,0,0,0.0,0.111
SARITAMA,Ecuador,3,1,0,0,0,0,0,0,0,3,0,0,0.0,0.0
SARIC,Croatia,3,1,0,0,0,0,0,0,2,1,0,0,0.0,0.0
SARABIA,Paraguay,4,1,0,0,0,0,0,0,0,4,0,0,0.0,0.0
SEMENOV,Russia,3,1,0,0,0,0,0,0,0,3,0,0,0.0,0.0
SENNA,Spain,4,1,0,0,0,0,0,0,2,2,0,0,0.0,0.0
SANTILLANA,Spain,8,2,0,0,0,0,0,0,4,4,0,0,0.0,0.0
SEUNGYEOUL,South Korea,4,1,0,0,0,0,0,0,0,4,0,0,0.0,0.0
SHIN Yung Kyoo,North Korea,4,1,0,0,0,0,0,0,4,0,0,0,0.0,0.0
SHIN Hong Gi,South Korea,3,1,0,0,1,0,0,0,3,0,0,0,0.0,0.333
SHERINGHAM,England,5,1,0,0,0,0,0,0,0,5,0,0,0.0,0.0
SHELAYEV,Ukraine,5,1,0,0,1,0,0,0,4,1,0,0,0.0,0.2
SHCHENNIKOV,Russia,3,1,0,0,0,0,0,0,0,3,0,0,0.0,0.0
SHAW,England,3,1,0,0,0,0,0,0,1,2,0,0,0.0,0.0
SHATOV,Russia,3,1,0,0,1,0,0,0,3,0,0,0,0.0,0.333
SHAKER SAMIR,Iraq,3,1,0,0,2,0,0,0,2,1,0,0,0.0,0.667
SHAKER NADHUM,Iraq,3,1,0,0,1,0,0,0,3,0,0,0,0.0,0.333
SHAABAN,Sweden,4,1,0,0,0,0,0,0,1,3,0,0,0.0,0.0
SESTAK,Slovakia,4,1,0,0,1,0,0,0,2,2,0,0,0.0,0.25
SENNIKOV,Russia,3,1,0,0,1,0,0,0,0,3,0,0,0.0,0.333
SERNA,Colombia,3,1,0,0,1,0,0,0,3,0,0,0,0.0,0.333
SERIC,Croatia,6,2,0,0,0,0,0,0,0,6,0,0,0.0,0.0
SERGIO RAMOS,Spain,4,1,0,0,0,0,0,0,3,1,0,0,0.0,0.0
SERGIO,Spain,15,3,0,0,1,0,0,0,9,6,0,0,0.0,0.067
SERGI,Spain,8,2,0,0,1,0,0,0,8,0,0,0,0.0,0.125
SEREY DIE,Cte d'Ivoire,3,1,0,0,1,0,0,0,3,0,0,0,0.0,0.333
SEQUEIRA D.,Costa Rica,3,1,0,0,0,0,0,0,2,1,0,0,0.0,0.0
SEO J. W.,South Korea,3,1,0,0,0,0,0,0,2,1,0,0,0.0,0.0
SEO D. M.,South Korea,3,1,0,0,0,0,0,0,0,3,0,0,0.0,0.0
SENSINI,Argentina,4,1,0,0,0,0,0,0,3,1,0,0,0.0,0.0
SAPARA,Slovakia,4,1,0,0,0,0,0,0,0,4,0,0,0.0,0.0
SANTANA,Paraguay,5,1,0,0,1,0,0,0,1,4,0,0,0.0,0.2
SHORUNMU,Nigeria,3,1,0,0,0,0,0,0,2,1,0,0,0.0,0.0
S. DINMOHAMMADI,Iran,3,1,0,0,0,0,0,0,0,3,0,0,0.0,0.0
SABILLON,Honduras,3,1,0,0,0,0,0,0,1,2,0,0,0.0,0.0
SAAD,Saudi Arabia,3,1,0,0,0,0,0,0,1,2,0,0,0.0,0.0
S.FERNANDEZ,Uruguay,7,1,0,0,0,0,0,0,0,7,0,0,0.0,0.0
S.B. POULSEN,Denmark,3,1,0,0,0,0,0,0,3,0,0,0,0.0,0.0
S.ABREU,Uruguay,3,1,0,0,1,0,0,0,3,0,0,0,0.0,0.333
S. TRABELSI,Tunisia,3,1,0,0,0,0,0,3,3,0,0,0,0.0,0.0
S. NDIAYE,Senegal,5,1,0,0,0,0,0,0,0,5,0,0,0.0,0.0
S. MERCADO,Mexico,4,1,0,0,0,0,0,0,1,3,0,0,0.0,0.0
S. JOHN,Trinidad and Tobago,3,1,0,0,0,0,0,0,3,0,0,0,0.0,0.0
S. HAMEDANI,Iran,3,1,0,0,0,0,0,0,0,3,0,0,0.0,0.0
S. CONCEICAO,Portugal,3,1,0,0,0,0,0,0,3,0,0,0,0.0,0.0
SADDAM KARIM,Iraq,3,1,0,0,1,0,0,0,2,1,0,0,0.0,0.333
S. COATES,Uruguay,4,1,0,0,0,0,0,0,0,4,0,0,0.0,0.0
S. CAZORLA,Spain,3,1,0,0,0,0,0,0,1,2,0,0,0.0,0.0
S. CASTILLO,Ecuador,4,1,0,0,1,0,0,0,3,1,0,0,0.0,0.25
S. CARMONA,Mexico,4,1,0,0,1,0,0,0,4,0,0,0,0.0,0.25
S. CAMARA,Senegal,5,1,0,0,0,0,0,0,0,5,0,0,0.0,0.0
S. AURIER,Cte d'Ivoire,3,1,0,0,0,0,0,0,3,0,0,0,0.0,0.0
S. APPIAH,Ghana,9,2,0,0,2,0,0,4,4,5,1,0,0.0,0.222
S. AL-OWAIRAN,Saudi Arabia,3,1,0,0,0,0,0,0,2,1,0,0,0.0,0.0
S. AL-JABER,Saudi Arabia,7,2,0,0,1,0,0,0,5,2,2,0,0.0,0.143
S. ADAMS,Ghana,3,1,0,0,0,0,0,0,0,3,0,0,0.0,0.0
SABORIO A.,Costa Rica,3,1,0,0,0,0,0,0,0,3,0,0,0.0,0.0
SAGNA,France,8,2,0,0,0,0,0,0,4,4,0,0,0.0,0.0
SANTACRUZ,Paraguay,3,1,0,0,0,0,0,0,3,0,0,0,0.0,0.0
SAMMIR,Croatia,3,1,0,0,0,0,0,0,1,2,0,0,0.0,0.0
SANTA,Colombia,3,1,0,0,2,0,0,0,2,1,0,0,0.0,0.667
SANNEH,USA,5,1,0,0,0,0,0,0,5,0,0,0,0.0,0.0
SANKOVIC,Slovenia,3,1,0,0,0,0,0,0,0,3,0,0,0.0,0.0
SANGWENI,South Africa,3,1,0,0,0,0,0,0,0,3,0,0,0.0,0.0
SANGSIK,South Korea,3,1,0,0,0,0,0,0,0,3,0,0,0.0,0.0
SAND,Denmark,4,1,0,0,1,0,0,0,3,1,0,0,0.0,0.25
SANCHO,Trinidad and Tobago,3,1,0,1,1,0,0,0,3,0,0,0,0.0,0.333
SANCHEZ,Mexico,11,3,0,0,0,0,0,0,6,9,0,0,0.0,0.0
SANABRIA,Paraguay,4,1,0,0,0,0,0,0,0,4,0,0,0.0,0.0
SAMUEL,Argentina,11,3,0,0,1,0,0,0,6,5,0,0,0.0,0.091
SAMEDOV,Russia,3,1,0,0,0,0,0,0,3,0,0,0,0.0,0.0
SAGNOL,France,10,2,0,0,3,0,0,0,7,3,0,0,0.0,0.3
SAMARAS,Greece,7,2,0,0,2,0,0,0,6,1,1,0,0.0,0.286
SALLI,Cameroon,3,1,0,0,1,0,0,0,0,3,0,0,0.0,0.333
SALIHOVI?,Bosnia and Herzegovina,3,1,0,0,0,0,0,0,0,3,0,0,0.0,0.0
SALIFOU M.,Togo,3,1,0,0,2,0,0,0,2,1,0,0,0.0,0.667
SALATA,Slovakia,4,1,0,0,0,0,0,0,1,3,0,0,0.0,0.0
SAKHO,France,5,1,0,0,0,0,0,0,4,1,0,0,0.0,0.0
SAITO,Japan,3,1,0,0,0,0,0,0,0,3,0,0,0.0,0.0
SAIFI,Algeria,3,1,0,0,0,0,0,0,0,3,0,0,0.0,0.0
SAIDI,Tunisia,3,1,0,0,0,0,0,0,0,3,0,0,0.0,0.0
SAHA,France,7,1,0,0,2,0,0,0,0,7,0,0,0.0,0.286
SHITTU,Nigeria,3,1,0,0,0,0,0,0,3,0,0,0,0.0,0.0
SHOVKOVSKYI,Ukraine,5,1,0,0,0,0,0,0,5,0,0,0,0.0,0.0
Raul ORMENO,Chile,3,1,0,0,0,0,0,0,0,3,0,0,0.0,0.0
STOCKER,Switzerland,4,1,0,0,0,0,0,0,1,3,0,0,0.0,0.0
SUFFO,Cameroon,3,1,0,0,2,1,1,0,0,3,0,0,0.0,1.0
SUBOTI?,Serbia,3,1,0,0,1,0,0,0,1,2,0,0,0.0,0.333
SUBAI?,Croatia,3,1,0,0,0,0,0,0,0,3,0,0,0.0,0.0
SUAZO,Chile,6,1,0,0,2,0,0,0,4,3,0,0,0.0,0.333
SUAREZ SANCHEZ,Mexico,4,1,0,0,2,0,0,0,4,0,0,0,0.0,0.5
STRUWAY,Paraguay,4,1,0,0,0,0,0,0,2,2,0,0,0.0,0.0
STRUPAR,Belgium,4,1,0,0,0,0,0,0,1,3,0,0,0.0,0.0
STRELLER,Switzerland,4,1,0,0,1,0,0,0,1,3,0,0,0.0,0.25
STRBA,Slovakia,4,1,0,0,2,0,0,0,3,1,0,0,0.0,0.5
STOJKOVI?,Serbia,3,1,0,0,0,0,0,0,3,0,0,0,0.0,0.0
STOCH,Slovakia,4,1,0,0,0,0,0,0,2,2,0,0,0.0,0.0
SUKER,Croatia,3,1,0,0,0,0,0,1,1,2,0,0,0.0,0.0
STEVANOVI?,Slovenia,3,1,0,0,0,0,0,0,0,3,0,0,0.0,0.0
STERLING,England,3,1,0,0,1,0,0,0,2,1,0,0,0.0,0.333
STERJOVSKI,Australia,4,1,0,0,0,0,0,0,3,1,0,0,0.0,0.0
STENSTAD,Norway,4,1,0,0,0,0,0,0,0,4,0,0,0.0,0.0
STENMAN,Sweden,4,1,0,0,0,0,0,0,0,4,0,0,0.0,0.0
STELEA,Romania,5,1,0,0,0,0,0,0,2,3,0,0,0.0,0.0
STEKELENBURG,Netherlands,11,2,0,0,1,0,0,0,7,4,0,0,0.0,0.091
STAUNTON,Ireland,4,1,0,0,1,0,0,4,4,0,0,0,0.0,0.25
STANKOVIC,Serbia and Montenegro,3,1,0,0,1,0,0,1,3,0,0,0,0.0,0.333
STANKOVI?,Serbia,3,1,0,0,0,0,0,3,3,0,0,0,0.0,0.0
SUI?,Bosnia and Herzegovina,3,1,0,0,0,0,0,0,1,2,0,0,0.0,0.0
SULAIMANI,Saudi Arabia,5,2,0,0,0,0,0,2,5,0,0,0,0.0,0.0
STAJNER,Czech Republic,3,1,0,0,0,0,0,0,0,3,0,0,0.0,0.0
Sabri JABALLAH,Tunisia,3,1,0,0,0,0,0,0,0,3,0,0,0.0,0.0
Salvador FLAMENCO CABEZAS,El Salvador,3,1,0,0,1,0,0,0,2,1,0,0,0.0,0.333
Salvador FARFAN,Mexico,3,1,0,0,0,0,0,0,0,3,0,0,0.0,0.0
Salvador CARMONA,Mexico,4,1,0,0,1,0,0,0,1,3,0,0,0.0,0.25
Saleh AL DAWOOD,Saudi Arabia,4,1,0,0,0,0,0,0,0,4,0,0,0.0,0.0
Salaheddine HMIED,Morocco,4,1,0,0,0,0,0,0,0,4,0,0,0.0,0.0
Salah LARBES,Algeria,3,1,0,0,0,0,0,0,1,2,0,0,0.0,0.0
Salah KAROUI,Tunisia,3,1,0,0,0,0,0,0,0,3,0,0,0.0,0.0
Said DGHAY,Morocco,3,1,0,0,0,0,0,0,0,3,0,0,0.0,0.0
Said CHIBA,Morocco,3,1,0,0,2,0,0,0,2,1,0,0,0.0,0.667
Sadok SASSI,Tunisia,3,1,0,0,0,0,0,0,0,3,0,0,0.0,0.0
Saber EID,Egypt,3,1,0,0,0,0,0,0,0,3,0,0,0.0,0.0
SULIMAN,Saudi Arabia,3,1,0,0,0,0,0,0,3,0,0,0,0.0,0.0
Saad AL HUTTI,Kuwait,3,1,0,0,0,0,0,3,3,0,0,0,0.0,0.0
SZYMKOWIAK,Poland,3,1,0,0,0,0,0,0,2,1,0,0,0.0,0.0
SYLVA,Senegal,5,1,0,0,0,0,0,0,5,0,0,0,0.0,0.0
SWIERCZEWSKI,Poland,3,1,0,0,2,0,0,0,2,1,0,0,0.0,0.667
SVIDERSKYY,Ukraine,5,1,0,0,3,0,0,0,3,2,0,0,0.0,0.6
SUNSING,Costa Rica,3,1,0,0,0,0,0,0,0,3,0,0,0.0,0.0
SUNGYUENG,South Korea,4,1,0,0,0,0,0,0,4,0,0,0,0.0,0.0
SUNGRYONG,South Korea,4,1,0,0,0,0,0,0,4,0,0,0,0.0,0.0
SUNG Nak Woon,South Korea,2,1,0,0,0,0,0,0,1,1,0,0,0.0,0.0
SUMAILA,Ghana,3,1,0,0,0,0,0,0,0,3,0,0,0.0,0.0
STANIC,Croatia,3,1,0,0,0,0,0,0,0,3,0,0,0.0,0.0
STAELENS,Belgium,4,1,0,0,0,0,0,0,4,0,0,0,0.0,0.0
SHUST,Ukraine,5,1,0,0,0,0,0,0,0,5,0,0,0.0,0.0
SIMONS,Belgium,4,1,0,0,0,0,0,0,3,1,0,0,0.0,0.0
SMITH,New Zealand,3,1,0,0,1,0,0,0,3,0,0,0,0.0,0.333
SMERTIN,Russia,3,1,0,0,1,0,0,0,2,1,0,0,0.0,0.333
SMALLING,England,3,1,0,0,0,0,0,0,1,2,0,0,0.0,0.0
SKRTEL,Slovakia,4,1,0,0,1,0,0,0,4,0,0,0,0.0,0.25
SKOKO,Australia,4,1,0,0,0,0,0,0,0,4,0,0,0.0,0.0
SIRIGU,Italy,3,1,0,0,0,0,0,0,1,2,0,0,0.0,0.0
SIONKO,Czech Republic,3,1,0,0,0,0,0,0,0,3,0,0,0.0,0.0
SIO,Cte d'Ivoire,3,1,0,0,0,0,0,0,0,3,0,0,0.0,0.0
SINCLAIR,England,5,1,0,0,0,0,0,0,3,2,0,0,0.0,0.0
SIMUNIC,Croatia,6,2,0,0,3,1,1,0,6,0,0,0,0.0,0.667
SIMIC,Croatia,6,2,0,0,2,1,1,0,4,2,0,0,0.0,0.5
SOBOLEWSKI,Poland,3,1,0,0,2,1,1,0,2,1,0,0,0.0,1.0
SIMEUNOVIC,Slovenia,3,1,0,0,0,0,0,0,2,1,0,0,0.0,0.0
SIMEONE,Argentina,7,2,0,0,1,0,0,0,6,1,0,0,0.0,0.143
SILVESTRE,France,10,2,0,0,0,0,0,0,1,9,0,0,0.0,0.0
SILVA,Brazil,23,3,0,0,2,0,0,0,7,17,0,0,0.0,0.087
SILAS,Brazil,9,2,0,0,0,0,0,0,0,9,0,0,0.0,0.0
SIGMUND,New Zealand,3,1,0,0,0,0,0,0,0,3,0,0,0.0,0.0
SIFAKIS,Greece,3,1,0,0,0,0,0,0,0,3,0,0,0.0,0.0
SIBIK,Poland,3,1,0,0,0,0,0,0,0,3,0,0,0.0,0.0
SIBAYA,South Africa,6,2,0,0,0,0,0,0,4,2,0,0,0.0,0.0
SI MOHAMMED,Algeria,4,1,0,0,0,0,0,0,0,4,0,0,0.0,0.0
SMOLAREK,Poland,3,1,0,0,1,0,0,0,3,0,0,0,0.0,0.333
SOBRINHO,Portugal,3,1,0,0,0,0,0,0,0,3,0,0,0.0,0.0
SRENSEN,Denmark,3,1,0,0,1,0,0,0,3,0,0,0,0.0,0.333
SORENSEN,Denmark,4,1,0,0,0,0,0,0,4,0,0,0,0.0,0.0
SQUILLACI,France,3,1,0,0,0,0,0,0,1,2,0,0,0.0,0.0
SPYROPOULOS,Greece,3,1,0,0,0,0,0,0,0,3,0,0,0.0,0.0
SPYCHER,Switzerland,4,1,0,0,1,0,0,0,1,3,0,0,0.0,0.25
SPIRANOVIC,Australia,3,1,0,0,1,0,0,0,3,0,0,0,0.0,0.333
SPECTOR,USA,4,1,0,0,0,0,0,0,0,4,0,0,0.0,0.0
SPAHI?,Bosnia and Herzegovina,3,1,0,0,1,0,0,3,3,0,0,0,0.0,0.333
SOUTHGATE,England,5,1,0,0,0,0,0,0,0,5,0,0,0.0,0.0
SOULEYMANOU,Cameroon,3,1,0,0,0,0,0,0,3,0,0,0,0.0,0.0
SOUDANI,Algeria,4,1,0,0,0,0,0,0,2,2,0,0,0.0,0.0
SORIN,Argentina,8,2,0,0,2,0,0,4,7,1,0,0,0.0,0.25
SONGOO,Cameroon,3,1,0,0,0,0,0,0,0,3,0,0,0.0,0.0
SODJE,Nigeria,3,1,0,0,1,0,0,0,2,1,0,0,0.0,0.333
SONGO'O,Cameroon,3,1,0,0,1,0,0,0,1,2,0,0,0.0,0.333
SONG,Cameroon,12,4,0,0,3,2,2,3,8,4,0,0,0.0,0.417
SOMMER,Switzerland,4,1,0,0,0,0,0,0,0,4,0,0,0.0,0.0
SOLSKJR,Norway,4,1,0,0,0,0,0,0,1,3,0,0,0.0,0.0
SOLOMATIN,Russia,3,1,0,0,2,0,0,0,3,0,0,0,0.0,0.667
SOLIS M.,Costa Rica,3,1,0,0,1,0,0,0,3,0,0,0,0.0,0.333
SOLIS,Costa Rica,3,1,0,0,1,0,0,0,3,0,0,0,0.0,0.333
SOLE,Spain,3,1,0,0,0,0,0,0,0,3,0,0,0.0,0.0
SOLDO,Croatia,3,1,0,0,0,0,0,0,2,1,0,0,0.0,0.0
SOGAHATA,Japan,4,1,0,0,0,0,0,0,0,4,0,0,0.0,0.0
S Y YUN,South Korea,3,1,0,0,0,0,0,0,3,0,0,0,0.0,0.0
S Y KI,South Korea,3,1,0,0,1,0,0,0,3,0,0,0,0.0,0.333
S Y CHOI,South Korea,7,1,0,0,0,0,0,0,0,7,0,0,0.0,0.0
Robert FLECK,Scotland,3,1,0,0,0,0,0,0,1,2,0,0,0.0,0.0
Robert PECL,Austria,3,1,0,0,2,0,0,0,3,0,0,0,0.0,0.667
Robert MOUYNET,France,6,1,0,0,0,0,0,0,0,6,0,0,0.0,0.0
Robert MAERTENS,Belgium,2,1,0,0,0,0,0,0,0,2,0,0,0.0,0.0
Robert LEE,England,4,1,0,0,0,0,0,0,0,4,0,0,0.0,0.0
Robert KOERNER,Austria,5,1,0,0,0,0,0,0,5,0,0,0,0.0,0.0
Robert JONQUET,France,8,2,0,0,0,0,0,5,6,2,0,0,0.0,0.0
Robert JOHNSTONE,Scotland,2,1,0,0,0,0,0,0,0,2,0,0,0.0,0.0
Robert HOSP,Switzerland,3,1,0,0,0,0,0,0,3,0,0,0,0.0,0.0
Robert HERBIN,France,3,1,0,0,0,0,0,0,2,1,0,0,0.0,0.0
Robert GADOCHA,Poland,7,1,0,0,0,0,0,0,7,0,0,0,0.0,0.0
Robert DIENST,Austria,8,2,0,0,0,0,0,0,2,6,0,0,0.0,0.0
Robert SADOWSKY,Romania,2,1,0,0,0,0,0,0,1,1,0,0,0.0,0.0
Robert BUDZYNSKI,France,3,1,0,0,0,0,0,0,3,0,0,0,0.0,0.0
Robert ALMOND,New Zealand,3,1,0,0,0,0,0,0,2,1,0,0,0.0,0.0
Rober ERYOL,Turkey,3,1,0,0,0,0,0,0,3,0,0,0,0.0,0.0
Rob WITSCHGE,Netherlands,5,1,0,0,1,0,0,0,3,2,0,0,0.0,0.2
Roar STRAND,Norway,7,2,0,0,0,0,0,0,2,5,0,0,0.0,0.0
Rizah MESKOVIC,Yugoslavia,6,1,0,0,0,0,0,0,0,6,0,0,0.0,0.0
Rinus ISRAEL,Netherlands,7,1,0,0,0,0,0,0,0,7,0,0,0.0,0.0
Rino FERRARIO,Italy,3,1,0,0,0,0,0,0,0,3,0,0,0.0,0.0
Rinat DASAEV,Soviet Union,12,3,0,0,0,0,0,1,9,3,0,0,0.0,0.0
Rigoberto CISNEROS,Mexico,3,1,0,0,0,0,0,0,1,2,0,0,0.0,0.0
Robert PIRES,France,7,1,0,0,0,0,0,0,1,6,0,0,0.0,0.0
Robert SARA,Austria,6,1,0,0,1,0,0,6,6,0,0,0,0.0,0.167
Ridvan BOLATLI,Turkey,3,1,0,0,0,0,0,0,3,0,0,0,0.0,0.0
Roberto HODGE,Chile,3,1,0,0,0,0,0,0,0,3,0,0,0.0,0.0
Roberto SENSINI,Argentina,12,2,0,0,2,0,0,0,5,7,0,0,0.0,0.167
Roberto ROSATO,Italy,9,2,0,0,1,0,0,0,6,3,0,0,0.0,0.111
Roberto ROJAS,Peru,6,1,0,0,0,0,0,0,1,5,0,0,0.0,0.0
Roberto RIVAS,El Salvador,3,1,0,0,0,0,0,0,3,0,0,0,0.0,0.0
Roberto PERFUMO,Argentina,10,2,0,1,2,0,0,4,8,2,0,0,0.0,0.2
Roberto MUSSI,Italy,7,1,0,0,0,0,0,0,3,4,0,0,0.0,0.0
Roberto MOSQUERA,Peru,6,1,0,0,0,0,0,0,0,6,0,0,0.0,0.0
Roberto MATOSAS,Uruguay,6,1,0,0,0,0,0,0,6,0,0,0,0.0,0.0
Roberto MANCINI,Italy,7,1,0,0,0,0,0,0,0,7,0,0,0.0,0.0
Roberto LEOPARDI,Uruguay,5,1,0,0,0,0,0,0,0,5,0,0,0.0,0.0
Roberto FRIGERIO,Switzerland,3,1,0,0,0,0,0,0,0,3,0,0,0.0,0.0
Robert VAN KERCKHOVEN,Belgium,2,1,0,0,0,0,0,0,0,2,0,0,0.0,0.0
Roberto FERRERO,Argentina,4,1,0,0,0,0,0,0,4,0,0,0,0.0,0.0
Roberto FERNANDEZ,Paraguay,4,1,0,0,0,0,0,0,4,0,0,0,0.0,0.0
Roberto Eduardo SOSA,Uruguay,7,2,0,0,0,0,0,0,3,4,0,0,0.0,0.0
Roberto DONADONI,Italy,14,2,0,0,0,0,0,0,10,4,0,0,0.0,0.0
Roberto DI MATTEO,Italy,5,1,0,0,0,0,0,0,1,4,0,0,0.0,0.0
Roberto CORTES,Chile,3,1,0,0,0,0,0,0,3,0,0,0,0.0,0.0
Roberto CERRO,Argentina,5,1,0,0,0,0,0,0,1,4,0,0,0.0,0.0
Roberto BAILEY,Honduras,3,1,0,0,0,0,0,0,0,3,0,0,0.0,0.0
Roberto AYALA,Argentina,5,1,0,0,1,0,0,0,5,0,0,0,0.0,0.2
Roberto ANZOLIN,Italy,3,1,0,0,0,0,0,0,0,3,0,0,0.0,0.0
Rigobert SONG,Cameroon,3,1,0,0,0,1,1,0,2,1,0,0,0.0,0.333
Ridha ELLOUZ,Tunisia,3,1,0,0,0,0,0,0,0,3,0,0,0.0,0.0
S W KIM,South Korea,3,1,0,0,0,0,0,0,1,2,0,0,0.0,0.0
Raymundo INFANTE,Chile,3,1,0,0,0,0,0,0,0,3,0,0,0.0,0.0
Rene FERNANDEZ,Bolivia,2,1,0,0,0,0,0,0,2,0,0,0,0.0,0.0
Rene DEREUDDRE,France,2,1,0,0,0,0,0,0,2,0,0,0,0.0,0.0
Rene BRODMANN,Switzerland,3,1,0,0,0,0,0,2,2,1,0,0,0.0,0.0
Renato SAINZ,Bolivia,2,1,0,0,0,0,0,0,1,1,0,0,0.0,0.0
Renato OLMI,Italy,4,1,0,0,0,0,0,0,0,4,0,0,0.0,0.0
Renato BIZZOZERO,Switzerland,5,2,0,0,0,0,0,0,0,5,0,0,0.0,0.0
Reino BORJESSON,Sweden,6,1,0,0,0,0,0,0,4,2,0,0,0.0,0.0
Reinhold MUENZENBERG,Germany,6,2,0,0,0,0,0,0,1,5,0,0,0.0,0.0
Reinhard LAUCK,East Germany,6,1,0,0,0,0,0,0,3,3,0,0,0.0,0.0
Refik SABANADZOVIC,Yugoslavia,5,1,0,0,2,1,1,0,4,1,0,0,0.0,0.6
Raymond PASELLO,Switzerland,2,1,0,0,0,0,0,0,1,1,0,0,0.0,0.0
Rene HIGUITA,Colombia,4,1,0,0,0,0,0,0,4,0,0,0,0.0,0.0
Raymond MOMMENS,Belgium,12,2,0,0,0,0,0,0,1,11,0,0,0.0,0.0
Raymond KAELBEL,France,8,2,0,0,0,0,0,0,8,0,0,0,0.0,0.0
Raymond BELLOT,France,6,1,0,0,0,0,0,0,0,6,0,0,0.0,0.0
Raymond AUSLOOS,Belgium,2,1,0,0,0,0,0,0,0,2,0,0,0.0,0.0
Ray WILSON,England,10,2,0,0,0,0,0,0,10,0,0,0,0.0,0.0
Ray WILKINS,England,10,2,0,0,2,1,1,0,7,3,0,0,0.0,0.3
Ray RICHARDS,Australia,3,1,0,0,1,1,1,0,3,0,0,0,0.0,0.667
Ray CLEMENCE,England,5,1,0,0,0,0,0,0,0,5,0,0,0.0,0.0
Raul SANCHEZ,Chile,6,1,0,0,0,0,0,0,6,0,0,0,0.0,0.0
Raul PAEZ,Argentina,3,1,0,0,0,0,0,0,2,1,0,0,0.0,0.0
Rene HENRIKSEN,Denmark,5,1,0,0,0,0,0,0,0,5,0,0,0.0,0.0
Rene LLENSE,France,3,2,0,0,0,0,0,0,0,3,0,0,0.0,0.0
Ricki HERBERT,New Zealand,3,1,0,0,0,0,0,0,2,1,0,0,0.0,0.0
Ricardo GIUSTI,Argentina,14,2,0,0,4,1,1,0,10,4,0,0,0.0,0.357
Richard WITSCHGE,Netherlands,4,1,0,0,0,0,0,0,3,1,0,0,0.0,0.0
Richard WILSON,New Zealand,3,1,0,0,0,0,0,0,0,3,0,0,0.0,0.0
Richard KEITH,Northern Ireland,5,1,0,0,0,0,0,0,5,0,0,0,0.0,0.0
Richard GOUGH,Scotland,6,2,0,0,0,0,0,0,4,2,0,0,0.0,0.0
Richard DUERR,Switzerland,6,2,0,0,0,0,0,0,3,3,0,0,0.0,0.0
Riccardo FERRI,Italy,7,1,0,0,1,0,0,0,6,1,0,0,0.0,0.143
Ricardo ZAMORA,Spain,3,1,0,0,0,0,0,2,2,1,0,0,0.0,0.0
Ricardo VILLA,Argentina,7,1,0,0,1,0,0,0,0,7,0,0,0.0,0.143
Ricardo LA VOLPE,Argentina,7,1,0,0,0,0,0,0,0,7,0,0,0.0,0.0
Ricardo INFANTE,Argentina,3,1,0,0,0,0,0,0,0,3,0,0,0.0,0.0
Ricardo GARDNER,Jamaica,3,1,0,0,0,0,0,0,3,0,0,0,0.0,0.0
Rene NDJEYA,Cameroon,3,1,0,0,1,0,0,0,3,0,0,0,0.0,0.333
Ricardo GALLEGO,Spain,10,2,0,0,0,0,0,0,4,6,0,0,0.0,0.0
Ricardo BOCHINI,Argentina,7,1,0,0,0,0,0,0,0,7,0,0,0.0,0.0
Riadh JELASSI,Tunisia,3,1,0,0,0,0,0,0,0,3,0,0,0.0,0.0
Riadh BOUAZIZI,Tunisia,4,2,0,0,2,0,0,0,3,1,0,0,0.0,0.5
Rezso SOMLAI,Hungary,2,1,0,0,0,0,0,0,0,2,0,0,0.0,0.0
Revaz DZODZVASHVILI,Soviet Union,4,1,0,0,0,0,0,0,3,1,0,0,0.0,0.0
Rene VERHEYEN,Belgium,5,1,0,0,0,0,0,0,1,4,0,0,0.0,0.0
Rene VANDEREYCKEN,Belgium,12,2,0,0,0,0,0,0,2,10,0,0,0.0,0.0
Rene VALENZUELA,Chile,3,1,0,0,0,0,0,0,3,0,0,0,0.0,0.0
Rene QUITRAL,Chile,3,1,0,0,0,0,0,0,0,3,0,0,0.0,0.0
Roberto TELCH,Argentina,6,1,0,0,0,0,0,0,4,2,0,0,0.0,0.0
Roberto TRICELLA,Italy,4,1,0,0,0,0,0,0,0,4,0,0,0.0,0.0
Rodion CAMATARU,Romania,4,1,0,0,0,0,0,0,0,4,0,0,0.0,0.0
Ruben CORBO,Uruguay,3,1,0,0,0,0,0,0,2,1,0,0,0.0,0.0
Ruben PEREIRA,Uruguay,4,1,0,0,0,0,0,0,2,2,0,0,0.0,0.0
Ruben PAZ,Uruguay,8,2,0,0,0,0,0,0,3,5,0,0,0.0,0.0
Ruben PAGNANINI,Argentina,7,1,0,0,0,0,0,0,0,7,0,0,0.0,0.0
Ruben NAVARRO,Argentina,3,1,0,0,1,0,0,2,2,1,0,0,0.0,0.333
Ruben MORAN,Uruguay,4,1,0,0,0,0,0,0,1,3,0,0,0.0,0.0
Ruben HERNANDEZ,Colombia,4,1,0,0,0,0,0,0,0,4,0,0,0.0,0.0
Ruben GONZALEZ,Uruguay,3,1,0,0,0,0,0,0,0,3,0,0,0.0,0.0
Ruben GLARIA,Argentina,6,1,0,0,0,0,0,0,1,5,0,0,0.0,0.0
Ruben GALVAN,Argentina,7,1,0,0,0,0,0,0,0,7,0,0,0.0,0.0
Ruben CORREA,Peru,4,1,0,0,0,0,0,0,0,4,0,0,0.0,0.0
Ruben BARENO,Uruguay,6,1,0,0,0,0,0,0,1,5,0,0,0.0,0.0
Ruben SORIA,Uruguay,3,1,0,0,0,0,0,0,0,3,0,0,0.0,0.0
Roy WEGERLE,USA,3,1,0,0,0,0,0,0,1,2,0,0,0.0,0.0
Roy VERNON,Wales,5,1,0,0,0,0,0,0,1,4,0,0,0.0,0.0
Roy REA,Northern Ireland,5,1,0,0,0,0,0,0,0,5,0,0,0.0,0.0
Roy MYERS,Costa Rica,4,1,0,0,0,0,0,0,0,4,0,0,0.0,0.0
Roy KEANE,Ireland,4,1,0,0,1,0,0,0,4,0,0,0,0.0,0.25
Roy BENTLEY,England,3,1,0,0,0,0,0,0,2,1,0,0,0.0,0.0
Roy ANDERSSON,Sweden,3,1,0,0,0,0,0,0,3,0,0,0,0.0,0.0
Roy AITKEN,Scotland,6,2,0,0,0,0,0,3,6,0,0,0,0.0,0.0
Rostilav VOJACEK,Czechoslovakia,3,1,0,0,0,0,0,0,2,1,0,0,0.0,0.0
Rosen KIRILOV,Bulgaria,3,1,0,0,0,0,0,0,0,3,0,0,0.0,0.0
Ruben RUIZ DIAZ,Paraguay,4,1,0,0,0,0,0,0,0,4,0,0,0.0,0.0
Ruben SOSA,Argentina,7,2,0,0,1,0,0,0,4,3,0,0,0.0,0.143
Rodolf RODRIGUEZ,Uruguay,4,1,0,0,0,0,0,0,0,4,0,0,0.0,0.0
Ruediger SCHNUPHASE,East Germany,6,1,0,0,0,0,0,0,2,4,0,0,0.0,0.0
S R JUNG,South Korea,3,1,0,0,0,0,0,0,2,1,0,0,0.0,0.0
S J HA,South Korea,3,1,0,0,0,0,0,0,0,3,0,0,0.0,0.0
S G KIM,South Korea,3,1,0,0,0,0,0,0,1,2,0,0,0.0,0.0
Ryszard TARASIEWICZ,Poland,4,1,0,0,0,0,0,0,1,3,0,0,0.0,0.0
Ryszard KOMORNICKI,Poland,4,1,0,0,0,0,0,0,3,1,0,0,0.0,0.0
Ruud HESP,Netherlands,7,1,0,0,0,0,0,0,0,7,0,0,0.0,0.0
Ruud GEELS,Netherlands,7,1,0,0,0,0,0,0,0,7,0,0,0.0,0.0
Rune CARLSSON,Sweden,2,1,0,0,0,0,0,0,2,0,0,0,0.0,0.0
Rune BRATSETH,Norway,3,1,0,0,0,0,0,3,3,0,0,0,0.0,0.0
Rumen GORANOV,Bulgaria,3,1,0,0,0,0,0,0,2,1,0,0,0.0,0.0
Ruedi GYGER,Switzerland,3,1,0,0,0,0,0,0,0,3,0,0,0.0,0.0
Rudi HOFFMANN,West Germany,6,1,0,0,0,0,0,0,0,6,0,0,0.0,0.0
Rudolf WETZER,Romania,2,1,0,0,0,0,0,0,2,0,0,0,0.0,0.0
Rudolf SZANWALD,Austria,3,1,0,0,0,0,0,0,2,1,0,0,0.0,0.0
Rudolf RAFTL,Austria,6,2,0,0,0,0,0,0,2,4,0,0,0.0,0.0
Rudolf KRCIL,Czechoslovakia,4,1,0,0,0,0,0,0,4,0,0,0,0.0,0.0
Rudolf GRAMLICH,Germany,4,1,0,0,0,0,0,0,1,3,0,0,0.0,0.0
Rudolf GELLESCH,Germany,2,1,0,0,0,0,0,0,1,1,0,0,0.0,0.0
Rudolf BUERGER,Romania,4,2,0,0,0,0,0,0,4,0,0,0,0.0,0.0
Rudi VIERTL,Austria,4,1,0,0,0,0,0,0,4,0,0,0,0.0,0.0
Rudi SMIDTS,Belgium,4,1,0,0,1,0,0,0,3,1,0,0,0.0,0.25
Rudi KARGUS,West Germany,6,1,0,0,0,0,0,0,0,6,0,0,0.0,0.0
Roque MASPOLI,Uruguay,9,2,0,0,0,0,0,0,8,1,0,0,0.0,0.0
Ronny PETTERSSON,Sweden,3,1,0,0,0,0,0,0,0,3,0,0,0.0,0.0
Ronny JOHNSEN,Norway,4,1,0,0,0,0,0,0,4,0,0,0,0.0,0.0
Roger BYRNE,England,3,1,0,0,0,0,0,0,3,0,0,0,0.0,0.0
Roland AMAN,Sweden,3,1,0,0,0,0,0,0,0,3,0,0,0.0,0.0
Roger VONLANTHEN,Switzerland,7,2,0,0,0,0,0,0,6,1,0,0,0.0,0.0
Roger SAINT-VIL,Haiti,3,1,0,0,0,0,0,0,1,2,0,0,0.0,0.0
Roger QUINCHE,Switzerland,3,1,0,0,0,0,0,0,3,0,0,0,0.0,0.0
Roger NILSEN,Norway,3,1,0,0,0,0,0,0,0,3,0,0,0.0,0.0
Roger MATHIS,Switzerland,4,1,0,0,0,0,0,0,0,4,0,0,0.0,0.0
Roger MARCHE,France,8,2,0,0,0,0,0,2,2,6,0,0,0.0,0.0
Roger GOMEZ,Costa Rica,4,1,0,0,2,0,0,0,3,1,0,0,0.0,0.5
Roger FEUTMBA,Cameroon,5,1,0,0,0,0,0,0,0,5,0,0,0.0,0.0
Roger COURTOIS,France,3,2,0,0,0,0,0,0,0,3,0,0,0.0,0.0
Roger BOCQUET,Switzerland,7,2,0,0,0,0,0,5,7,0,0,0,0.0,0.0
Ronnie WHELAN,Ireland,9,2,0,0,0,0,0,0,0,9,0,0,0.0,0.0
Rogelio FARIAS,Chile,3,1,0,0,0,0,0,0,0,3,0,0,0.0,0.0
Rogelio DOMINGUEZ,Argentina,3,1,0,0,0,0,0,0,1,2,0,0,0.0,0.0
Rogelio DELGADO,Paraguay,4,1,0,0,0,0,0,4,4,0,0,0,0.0,0.0
Rodrigo RUIZ,Mexico,3,1,0,0,0,0,0,0,1,2,0,0,0.0,0.0
Rodrigo BARRERA,Chile,4,1,0,0,0,0,0,0,0,4,0,0,0.0,0.0
Rodolfo SANDOVAL,Uruguay,6,1,0,0,0,0,0,0,0,6,0,0,0.0,0.0
Rodolfo PINI,Uruguay,4,1,0,0,0,0,0,0,0,4,0,0,0.0,0.0
Rodolfo ORLANDINI,Argentina,5,1,0,0,0,0,0,0,3,2,0,0,0.0,0.0
Rodolfo MANZO,Peru,6,1,0,0,1,0,0,0,6,0,0,0,0.0,0.167
Rodolfo DUBO,Chile,3,1,0,0,1,0,0,0,3,0,0,0,0.0,0.333
Roland ANDERSSON,Sweden,3,1,0,0,0,0,0,0,0,3,0,0,0.0,0.0
Roland GRIP,Sweden,9,2,0,0,0,0,0,0,5,4,0,0,0.0,0.0
Roland HATTENBERGER,Austria,11,2,0,0,1,0,0,0,4,7,0,0,0.0,0.091
Roland IRUSTA,Argentina,4,1,0,0,0,0,0,0,0,4,0,0,0.0,0.0
Ronnie HELLSTROM,Sweden,12,3,0,0,0,0,0,0,10,2,0,0,0.0,0.0
Ronald WORM,West Germany,6,1,0,0,0,0,0,0,0,6,0,0,0.0,0.0
Ronald MARIN,Costa Rica,4,1,0,0,0,0,0,0,0,4,0,0,0.0,0.0
Ronald LANGON,Uruguay,3,1,0,0,0,0,0,0,1,2,0,0,0.0,0.0
Ronald KOEMAN,Netherlands,9,2,0,0,1,0,0,5,9,0,1,0,0.0,0.111
Ronald FUENTES,Chile,4,1,0,0,1,0,0,0,4,0,0,0,0.0,0.25
Ronald CLAYTON,England,4,1,0,0,0,0,0,0,1,3,0,0,0.0,0.0
Ron STANIFORTH,England,3,1,0,0,0,0,0,0,3,0,0,0,0.0,0.0
Ron SPRINGETT,England,10,2,0,0,0,0,0,0,4,6,0,0,0.0,0.0
Ron HEWITT,Wales,5,1,0,0,0,0,0,0,3,2,0,0,0.0,0.0
Ron FLOWERS,England,10,2,0,0,0,0,0,0,4,6,2,0,0.0,0.0
Romildo ETCHEVERRY,Paraguay,2,1,0,0,0,0,0,0,1,1,0,0,0.0,0.0
Romano FOGLI,Italy,3,1,0,0,0,0,0,0,1,2,0,0,0.0,0.0
Roman WOJCICKI,Poland,17,3,0,0,2,0,0,0,4,13,0,0,0.0,0.118
Roman MAHLICH,Austria,3,1,0,0,0,0,0,0,3,0,0,0,0.0,0.0
Roman JAKOBCZAK,Poland,7,1,0,0,0,0,0,0,0,7,0,0,0.0,0.0
Rolf RUESSMANN,West Germany,6,1,0,0,0,0,0,0,6,0,0,0,0.0,0.0
Rolando SERRANO,Colombia,3,1,0,0,0,0,0,0,2,1,0,0,0.0,0.0
Rolando GARCIA,Chile,3,1,0,0,1,0,0,0,3,0,0,0,0.0,0.333
Rolando CHILAVERT,Paraguay,4,1,0,0,0,0,0,0,0,4,0,0,0.0,0.0
Roland NILSSON,Sweden,10,2,0,0,1,0,0,2,10,0,0,0,0.0,0.1
Kembo Uba KEMBO,Zaire,3,1,0,0,0,0,0,0,1,2,0,0,0.0,0.0
Jozsef TURAY,Hungary,4,1,0,0,0,0,0,0,3,1,0,0,0.0,0.0
Keith McKAY,New Zealand,3,1,0,0,0,0,0,0,3,0,0,0,0.0,0.0
Cesar GUTIERREZ,Honduras,3,1,0,0,0,0,0,0,2,1,0,0,0.0,0.0
Christian DALGER,France,3,1,0,0,0,0,0,0,1,2,0,0,0.0,0.0
Christian DAILLY,Scotland,3,1,0,0,0,0,0,0,3,0,0,0,0.0,0.0
Chris WOODS,England,12,2,0,0,0,0,0,0,0,12,0,0,0.0,0.0
Chris WADDLE,England,12,2,0,0,0,0,0,0,8,4,0,0,0.0,0.0
Chris NICHOLL,Northern Ireland,5,1,0,0,0,0,0,0,5,0,0,0,0.0,0.0
Chris MORRIS,Ireland,5,1,0,0,1,0,0,0,5,0,0,0,0.0,0.2
Chris HENDERSON,USA,3,1,0,0,0,0,0,0,0,3,0,0,0.0,0.0
Choukri EL OUAER,Tunisia,3,1,0,0,0,0,0,0,3,0,0,0,0.0,0.0
Chidi NWANU,Nigeria,4,1,0,0,1,0,0,0,4,0,0,0,0.0,0.25
Charly ELSENER,Switzerland,6,2,0,0,0,0,0,0,5,1,0,0,0.0,0.0
Charlie NICHOLAS,Scotland,3,1,0,0,0,0,0,0,1,2,0,0,0.0,0.0
Charlie COLOMBO,USA,3,1,0,0,0,0,0,0,3,0,0,0,0.0,0.0
Charles TOUBE,Cameroon,3,1,0,0,0,0,0,0,0,3,0,0,0.0,0.0
Charles GEERTS,Belgium,2,1,0,0,0,0,0,0,0,2,0,0,0.0,0.0
Charles CASALI,Switzerland,4,1,0,0,0,0,0,0,3,1,0,0,0.0,0.0
Chad DEERING,USA,3,1,0,0,0,0,0,0,1,2,0,0,0.0,0.0
Chaabane MERZEKANE,Algeria,3,1,0,0,0,0,0,0,3,0,0,0,0.0,0.0
Cetin ZEYBEK,Turkey,3,1,0,0,0,0,0,0,3,0,0,0,0.0,0.0
Cestmir PATZEL,Czechoslovakia,4,1,0,0,0,0,0,0,0,4,0,0,0.0,0.0
Cesare MALDINI,Italy,3,1,0,0,0,0,0,0,2,1,0,0,0.0,0.0
Cesar ZABALA,Paraguay,4,1,0,0,0,0,0,0,4,0,0,0,0.0,0.0
Cesar VEGA,Uruguay,4,1,0,0,0,0,0,0,0,4,0,0,0.0,0.0
Cesar RUMINSKI,France,2,1,0,0,0,0,0,0,0,2,0,0,0.0,0.0
Christian DULCA,Romania,4,1,0,0,0,0,0,0,1,3,0,0,0.0,0.0
Christian KAREMBEU,France,7,1,0,0,1,0,0,0,4,3,0,0,0.0,0.143
Christian KEGLEVITS,Austria,3,1,0,0,0,0,0,0,0,3,0,0,0.0,0.0
Claude BARTHELEMY,Haiti,3,1,0,0,0,0,0,0,0,3,0,0,0.0,0.0
Cliff JONES,Wales,5,1,0,0,0,0,0,0,5,0,0,0,0.0,0.0
Cle KOOIMAN,USA,4,1,0,0,0,0,0,0,1,3,0,0,0.0,0.0
Claudio SUAREZ,Mexico,4,1,0,0,0,0,0,0,4,0,0,0,0.0,0.0
Claudio SALA,Italy,7,1,0,0,0,0,0,0,0,7,0,0,0.0,0.0
Claudio REYNA,USA,7,2,0,0,1,0,0,0,3,4,0,0,0.0,0.143
Claudio LEZCANO,Paraguay,3,1,0,0,0,0,0,0,0,3,0,0,0.0,0.0
Claudio JARA,Costa Rica,4,1,0,0,1,0,0,0,4,0,0,0,0.0,0.25
Claudio GENTILE,Italy,14,2,0,0,3,0,0,0,13,1,0,0,0.0,0.214
Claudio BORGHI,Argentina,7,1,0,0,0,0,0,0,2,5,0,0,0.0,0.0
Claude PAPI,France,3,1,0,0,0,0,0,0,1,2,0,0,0.0,0.0
Claude ABBES,France,8,2,0,0,0,0,0,0,4,4,0,0,0.0,0.0
Christian PIOT,Belgium,3,1,0,0,0,0,0,0,3,0,0,0,0.0,0.0
Clarence SEEDORF,Netherlands,7,1,0,0,1,0,0,0,3,4,0,0,0.0,0.143
Claes CRONQVIST,Sweden,9,2,0,0,1,0,0,0,1,8,0,0,0.0,0.111
Ciro FERRARA,Italy,7,1,0,0,0,0,0,0,1,6,0,0,0.0,0.0
Ciriaco SFORZA,Switzerland,4,1,0,0,0,0,0,0,4,0,0,0,0.0,0.0
Christos KARKAMANIS,Greece,3,1,0,0,0,0,0,0,1,2,0,0,0.0,0.0
Christopher SULLIVAN,USA,3,1,0,0,0,0,0,0,0,3,0,0,0.0,0.0
Christopher HUGHTON,Ireland,5,1,0,0,0,0,0,0,0,5,0,0,0.0,0.0
Christopher DAWES,Jamaica,3,1,0,0,1,0,0,0,2,1,0,0,0.0,0.333
Christophe OHREL,Switzerland,4,1,0,0,0,0,0,0,4,0,0,0,0.0,0.0
Christian ZIEGE,Germany,5,1,0,0,0,0,0,0,1,4,0,0,0.0,0.0
Cesar RAMIREZ,Paraguay,4,1,0,0,0,0,0,0,0,4,0,0,0.0,0.0
Cesar ESPINOZA,Chile,3,1,0,0,0,0,0,0,0,3,0,0,0.0,0.0
Colin BAKER,Wales,5,1,0,0,0,0,0,0,1,4,0,0,0.0,0.0
Celso OTERO,Uruguay,4,1,0,0,0,0,0,0,0,4,0,0,0.0,0.0
Carlos OLIVERA,Cuba,3,1,0,0,0,0,0,0,0,3,0,0,0.0,0.0
Carlos MUNOZ,Mexico,5,1,0,0,1,0,0,0,4,1,0,0,0.0,0.2
Carlos LAPETRA,Spain,3,1,0,0,0,0,0,0,1,2,0,0,0.0,0.0
Carlos IBANEZ,Chile,3,1,0,0,0,0,0,0,1,2,0,0,0.0,0.0
Carlos HOYOS,Colombia,4,1,0,0,0,0,0,0,0,4,0,0,0.0,0.0
Carlos HERMOSILLO,Mexico,9,2,0,0,0,0,0,0,2,7,0,0,0.0,0.0
Carlos GUEVARA,Mexico,3,1,0,0,0,0,0,0,0,3,0,0,0.0,0.0
Carlos GONZALEZ,Mexico,3,1,0,0,0,0,0,0,2,1,0,0,0.0,0.0
Carlos GOMEZ,Mexico,3,1,0,0,0,0,0,0,1,2,0,0,0.0,0.0
Carlos ESTRADA,Colombia,4,1,0,0,0,0,0,0,2,2,0,0,0.0,0.0
Carlos DE LOS COBOS,Mexico,5,1,0,0,1,0,0,0,1,4,0,0,0.0,0.2
Carlos CORREA,Uruguay,4,1,0,0,0,0,0,0,0,4,0,0,0.0,0.0
Carlos CONTRERAS,Chile,6,1,0,0,0,0,0,0,5,1,0,0,0.0,0.0
Carlos CILLONIZ,Peru,2,1,0,0,0,0,0,0,0,2,0,0,0.0,0.0
Carlos CASZELY,Chile,6,2,0,0,1,1,1,0,4,2,0,0,0.0,0.333
Carlos CARUS,Mexico,2,1,0,0,0,0,0,0,0,2,0,0,0.0,0.0
Carlos CAMPOS,Chile,9,2,0,0,0,0,0,0,1,8,0,0,0.0,0.0
Carlos CALDERON DE LA BARCA,Mexico,3,1,0,0,0,0,0,0,1,2,0,0,0.0,0.0
Carlos CABELLERO,Honduras,3,1,0,0,0,0,0,0,0,3,0,0,0.0,0.0
Carlos BORJA,Bolivia,3,1,0,0,1,0,0,3,3,0,0,0,0.0,0.333
Carlos BLANCO,Mexico,5,2,0,0,0,0,0,0,2,3,0,0,0.0,0.0
Carlos APONTE,Colombia,3,1,0,0,0,0,0,0,0,3,0,0,0.0,0.0
Carlos AGUILERA,Uruguay,8,2,0,0,0,0,0,0,1,7,0,0,0.0,0.0
Carlos PAREDES,Paraguay,4,1,0,0,0,0,0,0,3,1,0,0,0.0,0.0
Carlos RECINOS,El Salvador,3,1,0,0,1,0,0,0,3,0,0,0,0.0,0.333
Carlos REINOSO,Chile,3,1,0,0,1,0,0,0,3,0,0,0,0.0,0.333
Carmelo SIMEONE,Argentina,4,1,0,0,0,0,0,0,0,4,0,0,0.0,0.0
Celso GUITY,Honduras,3,1,0,0,0,0,0,0,0,3,0,0,0.0,0.0
Celestine BABAYARO,Nigeria,4,1,0,0,0,0,0,0,3,1,0,0,0.0,0.0
Celestin OLIVER,France,6,1,0,0,0,0,0,0,0,6,0,0,0.0,0.0
Celestin DELMER,France,4,2,0,0,0,0,0,0,1,3,0,0,0.0,0.0
Cees VAN IERSSEL,Netherlands,7,1,0,0,0,0,0,0,0,7,0,0,0.0,0.0
Cayetano CARRERAS SAGUEIR,Paraguay,2,1,0,0,0,0,0,0,0,2,0,0,0.0,0.0
Castor CANTERO,Paraguay,2,1,0,0,0,0,0,0,2,0,0,0,0.0,0.0
Casimiro TORRES,Chile,3,1,0,0,0,0,0,0,2,1,0,0,0.0,0.0
Casiano CHAVARRIA,Bolivia,2,1,0,0,0,0,0,0,2,0,0,0,0.0,0.0
Casiano CESPEDES,Paraguay,2,1,0,0,0,0,0,0,2,0,0,0,0.0,0.0
Carlos TRUCCO,Bolivia,3,1,0,0,0,0,0,0,3,0,0,0,0.0,0.0
Carlos RIOLFO,Uruguay,4,1,0,0,0,0,0,0,0,4,0,0,0.0,0.0
Carlos TEJAS,Chile,4,1,0,0,0,0,0,0,0,4,0,0,0.0,0.0
Carlos TAPIA,Argentina,7,1,0,0,0,0,0,0,0,7,0,0,0.0,0.0
Carlos SQUEO,Argentina,6,1,0,0,0,0,0,0,2,4,0,0,0.0,0.0
Carlos SPADARO,Argentina,5,1,0,0,0,0,0,0,1,4,0,0,0.0,0.0
Carlos SEPTIEN,Mexico,5,2,0,0,0,0,0,0,2,3,0,0,0.0,0.0
Carlos SCHNEBERGER,Chile,3,1,0,0,0,0,0,2,2,1,0,0,0.0,0.0
Carlos ROMERO,Uruguay,4,1,0,0,0,0,0,0,0,4,0,0,0.0,0.0
Carlos ROJAS,Chile,3,1,0,0,0,0,0,0,1,2,0,0,0.0,0.0
Carlos ROA,Argentina,5,1,0,0,1,0,0,0,5,0,0,0,0.0,0.2
Carlos RIVAS,Chile,3,1,0,0,0,0,0,0,0,3,0,0,0.0,0.0
Cobi JONES,USA,3,1,0,0,0,0,0,0,3,0,0,0,0.0,0.0
Colin BELL,England,4,1,0,0,0,0,0,0,1,3,0,0,0.0,0.0
Carlo MATTREL,Italy,3,1,0,0,0,0,0,0,1,2,0,0,0.0,0.0
DAVIDS,South Africa,3,1,0,0,0,0,0,0,0,3,0,0,0.0,0.0
DEMEL,Cte d'Ivoire,6,2,0,0,1,0,0,0,2,4,0,0,0.0,0.167
DEMBELE,Belgium,5,1,0,0,1,0,0,0,2,3,0,0,0.0,0.2
DELVECCHIO,Italy,4,1,0,0,0,0,0,0,0,4,0,0,0.0,0.0
DEJAGAH,Iran,3,1,0,0,0,0,0,0,3,0,0,0,0.0,0.0
DEFOUR,Belgium,5,1,0,0,0,1,1,0,1,4,0,0,0.0,0.2
DEFLANDRE,Belgium,4,1,0,0,0,0,0,0,1,3,0,0,0.0,0.0
DEDI?,Slovenia,3,1,0,0,1,0,0,0,1,2,0,0,0.0,0.333
DEBUCHY,France,5,1,0,0,0,0,0,0,4,1,0,0,0.0,0.0
DE ZEEUW,Netherlands,7,1,0,0,0,0,0,0,1,6,0,0,0.0,0.0
DE VLIEGER,Belgium,4,1,0,0,0,0,0,0,4,0,0,0,0.0,0.0
DE SORDI,Brazil,6,1,0,0,0,0,0,0,5,1,0,0,0.0,0.0
DE SCIGLIO,Italy,3,1,0,0,1,0,0,0,1,2,0,0,0.0,0.333
DE SANCTIS,Italy,3,1,0,0,0,0,0,0,0,3,0,0,0.0,0.0
DE PEDRO,Spain,5,1,0,0,1,0,0,0,4,1,0,0,0.0,0.2
DE LA CRUZ,Ecuador,3,1,0,0,1,0,0,0,3,0,0,0,0.0,0.333
DE JONG,Netherlands,14,2,0,0,3,0,0,0,11,3,0,0,0.0,0.214
DE GUZMAN,Netherlands,7,1,0,0,2,0,0,0,3,4,0,0,0.0,0.286
DE GEA,Spain,3,1,0,0,0,0,0,0,0,3,0,0,0.0,0.0
DE CLER,Netherlands,4,1,0,0,1,0,0,0,1,3,0,0,0.0,0.25
DE BOECK,Belgium,4,1,0,0,0,0,0,0,2,2,0,0,0.0,0.0
DE AVILA,Colombia,6,2,0,0,1,0,0,0,2,4,0,0,0.0,0.167
DAWSON,England,4,1,0,0,0,0,0,0,0,4,0,0,0.0,0.0
DAVIS,USA,4,1,0,0,0,0,0,0,1,3,0,0,0.0,0.0
DEMERIT,USA,4,1,0,0,1,0,0,0,4,0,0,0,0.0,0.25
DENILSON,Brazil,17,3,0,0,2,0,0,0,3,14,0,0,0.0,0.118
DENISOV,Russia,3,1,0,0,0,0,0,0,0,3,0,0,0.0,0.0
DIAZ J.,Costa Rica,5,1,0,0,1,0,0,0,5,0,0,0,0.0,0.2
DISKERUD,USA,4,1,0,0,0,0,0,0,0,4,0,0,0.0,0.0
DIOUF,Senegal,5,1,0,0,1,0,0,0,5,0,0,0,0.0,0.2
DIOMANDE,Cte d'Ivoire,3,1,0,0,0,0,0,0,0,3,0,0,0.0,0.0
DINO SANI,Brazil,6,1,0,0,0,0,0,0,2,4,0,0,0.0,0.0
DINI?,Slovenia,3,1,0,0,0,0,0,0,0,3,0,0,0.0,0.0
DIKGACOI,South Africa,3,1,0,0,2,0,0,0,2,1,0,0,0.0,0.667
DIGNE,France,5,1,0,0,0,0,0,0,1,4,0,0,0.0,0.0
DIEGO COSTA,Spain,3,1,0,0,0,0,0,0,2,1,0,0,0.0,0.0
DIDULICA,Croatia,3,1,0,0,0,0,0,0,0,3,0,0,0.0,0.0
DIDA,Brazil,25,4,0,0,0,0,0,1,6,19,0,0,0.0,0.0
DIAZ,Chile,4,1,0,0,0,0,0,0,4,0,0,0,0.0,0.0
DEQUINHA,Brazil,3,1,0,0,0,0,0,0,0,3,0,0,0.0,0.0
DIATTA,Senegal,5,1,0,0,0,0,0,0,5,0,0,0,0.0,0.0
DIARRA,France,7,1,0,0,0,0,0,0,0,7,0,0,0.0,0.0
DIALLO,Senegal,5,1,0,0,0,0,0,0,0,5,0,0,0.0,0.0
DIABY,France,3,1,0,0,1,0,0,0,3,0,0,0,0.0,0.333
DI LIVIO,Italy,4,1,0,0,0,0,0,0,0,4,0,0,0.0,0.0
DI BIAGIO,Italy,4,1,0,0,0,0,0,0,1,3,0,0,0.0,0.0
DHORASOO,France,7,1,0,0,0,0,0,0,0,7,0,0,0.0,0.0
DESAILLY,France,3,1,0,0,0,0,0,3,3,0,0,0,0.0,0.0
DERDIYOK,Switzerland,3,1,0,0,0,0,0,0,2,1,0,0,0.0,0.0
DER,Portugal,3,1,0,0,0,0,0,0,1,2,0,0,0.0,0.0
DAVIDSON,Australia,3,1,0,0,0,0,0,0,3,0,0,0,0.0,0.0
DAVID DEGEN,Switzerland,4,1,0,0,0,0,0,0,0,4,0,0,0.0,0.0
Colin CALDERWOOD,Scotland,3,1,0,0,0,0,0,0,2,1,0,0,0.0,0.0
DAVARI,Iran,3,1,0,0,0,0,0,0,0,3,0,0,0.0,0.0
D. ALVES,Brazil,5,1,0,0,0,0,0,0,3,2,0,0,0.0,0.0
D W JI,South Korea,3,1,0,0,0,0,0,0,0,3,0,0,0.0,0.0
D S HA,South Korea,3,1,0,0,0,0,0,0,0,3,0,0,0.0,0.0
D R CHA,South Korea,7,1,0,0,1,0,0,0,1,6,0,0,0.0,0.143
Czeslaw POVOLNY,France,2,1,0,0,0,0,0,0,0,2,0,0,0.0,0.0
Cyrille MAKANAKY,Cameroon,5,1,0,0,0,0,0,0,5,0,0,0,0.0,0.0
Curt BERGSTEN,Sweden,3,1,0,0,0,0,0,0,0,3,0,0,0.0,0.0
Cristobal ORTEGA,Mexico,8,2,0,0,0,0,0,0,1,7,0,0,0.0,0.0
Crescencio GUTIERREZ,Mexico,3,1,0,0,0,0,0,0,1,2,0,0,0.0,0.0
Craig LEVEIN,Scotland,3,1,0,0,0,0,0,0,1,2,0,0,0.0,0.0
Coskun TAS,Turkey,3,1,0,0,0,0,0,0,1,2,0,0,0.0,0.0
Corneliu ROBE,Romania,2,1,0,0,0,0,0,0,1,1,0,0,0.0,0.0
Corneliu PAPURA,Romania,5,1,0,0,0,0,0,0,0,5,0,0,0.0,0.0
Cornel DINU,Romania,3,1,0,0,0,0,0,0,3,0,0,0,0.0,0.0
Constantin GALCA,Romania,9,2,0,0,0,0,0,0,4,5,0,0,0.0,0.0
Constant HUYSMANS,Belgium,2,1,0,0,0,0,0,0,2,0,0,0,0.0,0.0
Conduelo PIRIZ,Uruguay,4,1,0,0,0,0,0,0,0,4,0,0,0.0,0.0
Comunardo NICCOLAI,Italy,6,1,0,0,0,0,0,0,1,5,0,0,0.0,0.0
Colin WEBSTER,Wales,5,1,0,0,0,0,0,0,3,2,0,0,0.0,0.0
Colin MILLER,Canada,3,1,0,0,0,0,0,0,0,3,0,0,0.0,0.0
Colin MC DONALD,England,4,1,0,0,0,0,0,0,4,0,0,0,0.0,0.0
Colin HENDRY,Scotland,3,1,0,0,0,0,0,3,3,0,0,0,0.0,0.0
Colin CURRAN,Australia,3,1,0,1,0,0,0,0,3,0,0,0,0.0,0.0
D. BAGGIO,Italy,5,1,0,0,0,0,0,0,5,0,0,0,0.0,0.0
D. BARRETO,Paraguay,5,1,0,0,0,0,0,0,0,5,0,0,0.0,0.0
D. BOATENG,Ghana,5,1,0,0,0,0,0,0,0,5,0,0,0.0,0.0
DABANOVIC,Slovenia,3,1,0,0,0,0,0,0,1,2,0,0,0.0,0.0
DAUDA,Ghana,3,1,0,0,0,0,0,0,2,1,0,0,0.0,0.0
DARMIAN,Italy,3,1,0,0,0,0,0,0,3,0,0,0,0.0,0.0
DARIO,Brazil,6,1,0,0,0,0,0,0,0,6,0,0,0.0,0.0
DANTE,Paraguay,10,2,0,0,1,0,0,0,1,9,0,0,0.0,0.1
DANNY,Portugal,4,1,0,0,0,0,0,0,2,2,0,0,0.0,0.0
DANILO ALVIM,Brazil,6,1,0,0,0,0,0,0,5,1,0,0,0.0,0.0
DANI ALVES,Brazil,7,1,0,0,1,0,0,0,4,3,0,0,0.0,0.143
DAMAS,Portugal,3,1,0,0,0,0,0,0,2,1,0,0,0.0,0.0
DAF,Senegal,5,1,0,0,2,0,0,0,5,0,0,0,0.0,0.4
DAEV,Russia,3,1,0,0,0,0,0,0,0,3,0,0,0.0,0.0
DA SILVA,Paraguay,8,2,0,0,0,0,0,0,5,3,0,0,0.0,0.0
D. FERNANDES,Portugal,4,1,0,0,0,0,0,0,0,4,0,0,0.0,0.0
D.SILVA,Uruguay,3,1,0,0,1,0,0,0,3,0,0,0,0.0,0.333
D. TRISTAN,Spain,5,1,0,0,0,0,0,0,2,3,0,0,0.0,0.0
D. REYES,Mexico,4,1,0,0,0,0,0,0,0,4,0,0,0.0,0.0
D. PEREZ,Uruguay,4,1,0,0,0,0,0,0,0,4,0,0,0.0,0.0
D. OPARE,Ghana,3,1,0,0,0,0,0,0,1,2,0,0,0.0,0.0
D. MILITO,Argentina,5,1,0,0,0,0,0,0,1,4,0,0,0.0,0.0
D. LUGANO,Uruguay,4,1,0,0,2,0,0,1,1,3,0,0,0.0,0.5
D. LANZA,Ecuador,4,1,0,0,0,0,0,0,0,4,0,0,0.0,0.0
D. KOMBAROV,Russia,3,1,0,0,1,0,0,0,3,0,0,0,0.0,0.333
D. FORLAN,Uruguay,4,1,0,0,0,0,0,0,2,2,0,0,0.0,0.0
Carlo PAROLA,Italy,2,1,0,0,0,0,0,0,1,1,0,0,0.0,0.0
Carlo CERESOLI,Italy,4,1,0,0,0,0,0,0,0,4,0,0,0.0,0.0
Bretislav DOLEJSI,Czechoslovakia,4,1,0,0,0,0,0,0,4,0,0,0,0.0,0.0
CABRERA,Colombia,3,1,0,0,0,0,0,0,3,0,0,0,0.0,0.0
CARMELO,Spain,3,1,0,0,0,0,0,0,2,1,0,0,0.0,0.0
CARLOS,Brazil,17,3,0,0,0,0,0,0,5,12,0,0,0.0,0.0
CAPUCHO,Portugal,3,1,0,0,0,0,0,0,0,3,0,0,0.0,0.0
CAPDEVILA,Spain,7,1,0,0,1,0,0,0,7,0,0,0,0.0,0.143
CANNAVARO,Italy,14,3,0,0,3,0,0,10,13,1,0,0,0.0,0.214
CANIZA,Paraguay,9,2,0,0,1,0,0,1,5,4,0,0,0.0,0.111
CANIGGIA,Argentina,3,1,0,0,0,1,1,0,0,3,0,0,0.0,0.333
CANEIRA,Portugal,10,2,0,0,0,0,0,0,1,9,0,0,0.0,0.0
CANDREVA,Italy,3,1,0,0,0,0,0,0,2,1,0,0,0.0,0.0
CANDELA,France,3,1,0,0,0,0,0,0,1,2,0,0,0.0,0.0
CANALES,Honduras,3,1,0,0,0,0,0,0,0,3,0,0,0.0,0.0
CAMPAGNARO,Argentina,7,1,0,0,0,0,0,0,1,6,0,0,0.0,0.0
CAMORANESI,Italy,10,2,0,0,3,0,0,0,4,6,0,0,0.0,0.3
CAMERON,USA,4,1,0,0,1,0,0,0,3,1,0,0,0.0,0.25
CAMBRONERO D.,Costa Rica,5,1,0,0,0,0,0,0,0,5,0,0,0.0,0.0
CALVO D.,Costa Rica,5,1,0,0,0,0,0,0,0,5,0,0,0.0,0.0
CALERO,Colombia,3,1,0,0,0,0,0,0,0,3,0,0,0.0,0.0
CAIZARES,Spain,12,3,0,0,0,0,0,0,2,10,0,0,0.0,0.0
CAIZA,Paraguay,3,1,0,0,1,0,0,0,3,0,0,0,0.0,0.333
CAICEDO,Ecuador,3,1,0,0,0,0,0,0,2,1,0,0,0.0,0.0
CAFU,Brazil,26,4,0,0,6,0,0,11,17,9,0,0,0.0,0.231
CADAMURO,Algeria,4,1,0,0,1,0,0,0,0,4,0,0,0.0,0.25
CACERES,Paraguay,11,2,0,0,2,0,0,0,6,5,0,0,0.0,0.182
CARMONA,Chile,8,2,0,0,2,0,0,0,3,5,0,0,0.0,0.25
CARNELL,South Africa,3,1,0,0,1,0,0,0,3,0,0,0,0.0,0.333
CARNEY,Australia,3,1,0,0,0,0,0,0,2,1,0,0,0.0,0.0
CASTILHO,Brazil,21,4,0,0,0,0,0,0,3,18,0,0,0.0,0.0
CENTENO W.,Costa Rica,3,1,0,0,0,0,0,0,3,0,0,0,0.0,0.0
CENTENO,Costa Rica,3,1,0,0,1,0,0,0,3,0,0,0,0.0,0.333
CELADES,Spain,3,1,0,0,0,0,0,0,0,3,0,0,0.0,0.0
CEH N.,Slovenia,3,1,0,0,0,1,1,0,0,3,0,0,0.0,0.333
CEH A.,Slovenia,3,1,0,0,1,0,0,3,3,0,0,0,0.0,0.333
CECH,Czech Republic,7,2,0,0,0,0,0,0,4,3,0,0,0.0,0.0
CCERES,Paraguay,3,1,0,0,0,0,0,0,3,0,0,0,0.0,0.0
CAVALLERO,Argentina,3,1,0,0,0,0,0,0,3,0,0,0,0.0,0.0
CASTRO,Costa Rica,3,1,0,0,1,0,0,0,3,0,0,0,0.0,0.333
CASTILLO,Uruguay,7,1,0,0,0,0,0,0,0,7,0,0,0.0,0.0
CASTAEDA,Chile,4,1,0,0,0,0,0,0,0,4,0,0,0.0,0.0
CARPEGIANI,Brazil,7,1,0,0,1,0,0,0,5,2,0,0,0.0,0.143
CASSANO,Italy,3,1,0,0,0,0,0,0,0,3,0,0,0.0,0.0
CASILLAS,Spain,16,3,0,0,0,0,0,9,15,1,0,0,0.0,0.0
CASAGRANDE,Brazil,5,1,0,0,0,0,0,0,2,3,0,0,0.0,0.0
CARVALHO LEITE,Brazil,3,2,0,0,0,0,0,0,1,2,0,0,0.0,0.0
CARVALHO,Portugal,6,1,0,0,0,0,0,0,1,5,0,0,0.0,0.0
CARSON,England,5,1,0,0,0,0,0,0,0,5,0,0,0.0,0.0
CARSLEY,Ireland,4,1,0,0,0,0,0,0,0,4,0,0,0.0,0.0
CARRICK,England,9,2,0,0,0,0,0,0,1,8,0,0,0.0,0.0
CARRASSO,France,3,1,0,0,0,0,0,0,0,3,0,0,0.0,0.0
CARRAGHER,England,9,2,0,0,3,0,0,0,3,6,0,0,0.0,0.333
CABUNGULA,Angola,3,1,0,0,0,0,0,0,0,3,0,0,0.0,0.0
CABELLA,France,5,1,0,0,0,0,0,0,0,5,0,0,0.0,0.0
CESAR,Spain,16,3,0,0,1,0,0,0,3,13,0,0,0.0,0.062
CABECAO,Brazil,3,1,0,0,0,0,0,0,0,3,0,0,0.0,0.0
C Y PARK,South Korea,3,1,0,0,0,0,0,0,2,1,0,0,0.0,0.0
C Y LEE,South Korea,3,1,0,0,0,0,0,0,3,0,0,0,0.0,0.0
C VELA,Mexico,4,1,0,0,0,0,0,0,2,2,0,0,0.0,0.0
C SALCIDO,Mexico,4,1,0,0,0,0,0,0,4,0,0,0,0.0,0.0
C S LEE,South Korea,7,1,0,0,1,0,0,0,2,5,0,0,0.0,0.143
C S KIM,South Korea,3,1,0,0,0,0,0,0,0,3,0,0,0.0,0.0
C BLANCO,Mexico,4,1,0,0,0,0,0,1,1,3,1,0,0.0,0.0
Bulent EKEN,Turkey,3,1,0,0,0,0,0,0,0,3,0,0,0.0,0.0
Buenaventura FERREIRA,Paraguay,4,1,0,0,0,0,0,0,4,0,0,0,0.0,0.0
Buanga TSHIMEN,Zaire,3,1,0,0,0,0,0,0,3,0,0,0,0.0,0.0
Bryan GUNN,Scotland,3,1,0,0,0,0,0,0,0,3,0,0,0.0,0.0
Bryan DOUGLAS,England,8,2,0,0,0,0,0,0,7,1,0,0,0.0,0.0
Bruno VERSAVEL,Belgium,4,1,0,0,0,0,0,0,3,1,0,0,0.0,0.0
Bruno ENGELMEIER,Austria,3,1,0,0,0,0,0,0,0,3,0,0,0.0,0.0
Bruno CHIZZO,Italy,4,1,0,0,0,0,0,0,0,4,0,0,0.0,0.0
Bruno BELLONE,France,14,2,0,0,0,0,0,0,3,11,0,0,0.0,0.0
Bruno BELIN,Yugoslavia,3,1,0,0,0,0,0,0,0,3,0,0,0.0,0.0
Bruce WILSON,Canada,3,1,0,0,0,0,0,3,3,0,0,0,0.0,0.0
Bruce RIOCH,Scotland,3,1,0,0,0,0,0,2,2,1,0,0,0.0,0.0
Brian TURNER,New Zealand,3,1,0,0,0,0,0,0,0,3,0,0,0.0,0.0
Brian MAISONNEUVE,USA,3,1,0,0,0,0,0,0,2,1,0,0,0.0,0.0
Brian LABONE,England,4,1,0,0,0,0,0,0,3,1,0,0,0.0,0.0
Brian BLISS,USA,3,1,0,0,0,0,0,0,0,3,0,0,0.0,0.0
C. BENITEZ,Ecuador,4,1,0,0,0,0,0,0,0,4,0,0,0.0,0.0
C. BLANCO,Mexico,4,1,0,0,1,0,0,0,4,0,1,0,0.0,0.25
C. BRAVO,Chile,4,1,0,0,0,0,0,4,4,0,0,0,0.0,0.0
C. SANCHEZ,Colombia,5,1,0,0,1,0,0,0,4,1,0,0,0.0,0.2
CABAYE,France,5,1,0,0,2,0,0,0,4,1,0,0,0.0,0.4
CABANAS,Switzerland,4,1,0,0,1,0,0,0,4,0,0,0,0.0,0.25
CABAAS,Paraguay,3,1,0,0,0,0,0,0,0,3,0,0,0.0,0.0
C.RONALDO,Portugal,7,1,0,0,1,0,0,0,6,1,1,0,0.0,0.143
C.MARCHENA,Spain,7,1,0,0,0,0,0,0,0,7,0,0,0.0,0.0
C. ZUIGA,Colombia,5,1,0,0,0,0,0,0,4,1,0,0,0.0,0.0
C. ZAPATA,Colombia,5,1,0,0,0,0,0,0,4,1,0,0,0.0,0.0
C. TORRES,Spain,5,1,0,0,0,0,0,0,1,4,0,0,0.0,0.0
C. SUAREZ,Mexico,4,1,0,0,0,0,0,0,0,4,0,0,0.0,0.0
C. STUANI,Uruguay,4,1,0,0,0,0,0,0,1,3,0,0,0.0,0.0
C. SALCIDO,Mexico,8,2,0,0,1,0,0,0,5,3,0,0,0.0,0.125
C. CARBONERO,Colombia,5,1,0,0,0,0,0,0,0,5,0,0,0.0,0.0
C. RODRIGUEZ,Argentina,9,2,0,0,0,0,0,0,5,4,0,0,0.0,0.0
C. POULSEN,Denmark,3,1,0,0,1,0,0,0,3,0,0,0,0.0,0.333
C. PEA,Mexico,4,1,0,0,0,0,0,0,0,4,0,0,0.0,0.0
C. MORA,Ecuador,4,1,0,0,1,0,0,0,4,0,0,0,0.0,0.25
C. MARCHENA,Spain,4,1,0,0,1,0,0,0,1,3,0,0,0.0,0.25
C. LARA,Ecuador,4,1,0,0,0,0,0,0,0,4,0,0,0.0,0.0
C. KUM CHOL,North Korea,3,1,0,0,0,0,0,0,0,3,0,0,0.0,0.0
C. JONG HYOK,North Korea,3,1,0,0,0,0,0,0,3,0,0,0,0.0,0.0
C. JENSEN,Denmark,4,1,0,0,0,0,0,0,0,4,0,0,0.0,0.0
C. GERMANO,Brazil,7,1,0,0,0,0,0,0,0,7,0,0,0.0,0.0
CERCI,Italy,3,1,0,0,0,0,0,0,0,3,0,0,0.0,0.0
CESC,Spain,4,1,0,0,1,0,0,0,2,2,0,0,0.0,0.25
Carlo ANNOVAZZI,Italy,2,1,0,0,0,0,0,0,1,1,0,0,0.0,0.0
CHUNG Hae Won,South Korea,3,1,0,0,1,0,0,0,1,2,0,0,0.0,0.333
CONNOLLY,Ireland,4,1,0,0,0,0,0,0,0,4,0,0,0.0,0.0
COLY,Senegal,5,1,0,0,2,0,0,0,5,0,0,0,0.0,0.4
COLTORTI,Switzerland,4,1,0,0,0,0,0,0,0,4,0,0,0.0,0.0
COLOCCINI,Argentina,5,1,0,0,0,0,0,0,1,4,0,0,0.0,0.0
COCU,Netherlands,4,1,0,0,0,0,0,0,4,0,0,0,0.0,0.0
COCO,Italy,4,1,0,0,1,0,0,0,1,3,0,0,0.0,0.25
CLICHY,France,3,1,0,0,0,0,0,0,1,2,0,0,0.0,0.0
CLAYTON,Tunisia,6,2,0,0,2,0,0,0,3,3,0,0,0.0,0.333
CLASIE,Netherlands,7,1,0,0,0,0,0,0,1,6,0,0,0.0,0.0
CLAROS,Honduras,3,1,0,0,0,0,0,0,2,1,0,0,0.0,0.0
CLARK,USA,4,1,0,0,1,0,0,0,2,2,0,0,0.0,0.25
CLAPHAM,New Zealand,3,1,0,0,0,0,0,0,0,3,0,0,0.0,0.0
CISSOKHO,Senegal,5,1,0,0,0,0,0,0,0,5,0,0,0.0,0.0
CISSE,Senegal,10,2,0,0,2,0,0,4,5,6,0,0,0.0,0.2
CIRIACO,Spain,3,1,0,0,0,0,0,0,2,1,0,0,0.0,0.0
CIMAN,Belgium,5,1,0,0,0,0,0,0,0,5,0,0,0.0,0.0
CILLESSEN,Netherlands,7,1,0,0,0,0,0,0,7,0,0,0,0.0,0.0
CILAURREN,Spain,3,1,0,0,0,0,0,0,3,0,0,0,0.0,0.0
CICINHO,Brazil,5,1,0,0,0,0,0,0,1,4,0,0,0.0,0.0
CHYGRYNSKYY,Ukraine,5,1,0,0,0,0,0,0,0,5,0,0,0.0,0.0
CHUNG Yong Hwan,South Korea,6,2,0,0,0,0,0,1,4,2,0,0,0.0,0.0
CHUNG Nam Sik,South Korea,2,1,0,0,0,0,0,0,1,1,0,0,0.0,0.0
CHUNG Jong Soo,South Korea,6,2,0,0,0,0,0,0,1,5,0,0,0.0,0.0
CONRAD,USA,3,1,0,0,0,0,0,0,1,2,0,0,0.0,0.0
CONTRERAS,Spain,9,2,0,0,0,0,0,0,1,8,0,0,0.0,0.0
CONVEY,USA,3,1,0,0,0,0,0,0,2,1,0,0,0.0,0.0
CRISANTO BOSCH,Spain,3,1,0,0,0,0,0,0,1,2,0,0,0.0,0.0
Carlo ANCELOTTI,Italy,11,2,0,0,0,0,0,0,2,9,0,0,0.0,0.0
Carles REXACH,Spain,3,1,0,0,0,0,0,0,1,2,0,0,0.0,0.0
Carl VALENTINE,Canada,3,1,0,0,0,0,0,0,3,0,0,0,0.0,0.0
CUNNINGHAM,Ireland,4,1,0,0,0,0,0,0,0,4,0,0,0.0,0.0
CULINA,Australia,7,2,0,0,1,0,0,0,7,0,0,0,0.0,0.143
CUFRE,Argentina,5,1,0,0,0,0,0,0,1,4,0,0,0.0,0.0
CUBERO J.,Costa Rica,5,1,0,0,1,0,0,0,0,5,0,0,0.0,0.2
CUADRADO,Colombia,5,1,0,0,0,0,0,0,5,0,1,0,0.0,0.0
CRUZ,Argentina,5,1,0,0,1,0,0,0,0,5,0,0,0.0,0.2
CRISCITO,Italy,3,1,0,0,0,0,0,0,3,0,0,0,0.0,0.0
CRIS,Brazil,5,1,0,0,0,0,0,0,0,5,0,0,0.0,0.0
CORDERO,Costa Rica,3,1,0,0,0,0,0,0,0,3,0,0,0.0,0.0
COX,Trinidad and Tobago,3,1,0,0,0,0,0,0,0,3,0,0,0.0,0.0
COVIC,Australia,4,1,0,0,0,0,0,0,0,4,0,0,0.0,0.0
COUTINHO,Brazil,6,1,0,0,0,0,0,0,0,6,0,0,0.0,0.0
COURTOIS,Belgium,5,1,0,0,0,0,0,0,5,0,0,0,0.0,0.0
COUPET,France,10,2,0,0,0,0,0,0,0,10,0,0,0.0,0.0
COSTINHA,Portugal,7,1,0,0,4,1,1,0,4,3,0,0,0.0,0.714
COSTACURTA,Italy,7,1,0,0,2,0,0,0,6,1,0,0,0.0,0.286
CORNEJO,Chile,4,1,0,0,0,0,0,0,1,3,0,0,0.0,0.0
CORLUKA,Croatia,3,1,0,0,1,0,0,0,3,0,0,0,0.0,0.333
CORDOBA,Colombia,6,2,0,0,0,0,0,0,3,6,0,0,0.0,0.0
CHUNG Jong Son,South Korea,3,1,0,0,0,0,0,0,0,3,0,0,0.0,0.0
CHUGAYNOV,Russia,3,1,0,0,0,0,0,0,0,3,0,0,0.0,0.0
CEVALLOS,Ecuador,3,1,0,0,1,0,0,0,3,0,0,0,0.0,0.333
CHU Yung Kwang,South Korea,2,1,0,0,0,0,0,0,1,1,0,0,0.0,0.0
CHIKHAOUI,Tunisia,3,1,0,0,1,0,0,0,1,2,0,0,0.0,0.333
CHIELLINI,Italy,6,2,0,0,1,0,0,0,6,0,0,0,0.0,0.167
CHICAO,Brazil,7,1,0,0,1,0,0,0,1,6,0,0,0.0,0.143
CHERUNDOLO,USA,12,3,0,0,2,0,0,0,7,5,0,0,0.0,0.167
CHERCHESOV,Russia,3,1,0,0,0,0,0,0,0,3,0,0,0.0,0.0
CHENDO,Spain,9,2,0,0,1,0,0,0,5,4,0,0,0.0,0.111
CHEDLI,Tunisia,3,1,0,0,1,0,0,0,3,0,0,0,0.0,0.333
CHEDJOU,Cameroon,6,2,0,0,0,0,0,0,3,3,0,0,0.0,0.0
CHAVEZ,Honduras,3,1,0,0,1,0,0,0,3,0,0,0,0.0,0.333
CHARLES,Trinidad and Tobago,3,1,0,0,0,0,0,0,0,3,0,0,0.0,0.0
CHARISTEAS,Greece,3,1,0,0,0,0,0,0,1,2,0,0,0.0,0.0
CHAOUCHI,Algeria,3,1,0,0,0,0,0,0,1,2,0,0,0.0,0.0
CHANDLER,USA,4,1,0,0,0,0,0,0,0,4,0,0,0.0,0.0
CHAMOT,Argentina,7,2,0,0,2,0,0,0,5,2,0,0,0.0,0.286
CHAMBERLAIN,England,3,1,0,0,0,0,0,0,0,3,0,0,0.0,0.0
CHALKIAS,Greece,3,1,0,0,0,0,0,0,0,3,0,0,0.0,0.0
CHALA,Ecuador,3,1,0,0,2,0,0,0,3,0,0,0,0.0,0.667
CHADLI,Belgium,5,1,0,0,0,0,0,0,1,4,0,0,0.0,0.0
CHACHO,Spain,3,1,0,0,0,0,0,0,1,2,0,0,0.0,0.0
CHA Bum Kun,South Korea,3,1,0,0,0,0,0,0,3,0,0,0,0.0,0.0
CH YANG,China PR,3,1,0,0,0,0,0,0,2,1,0,0,0.0,0.0
CH Y WU,China PR,3,1,0,0,0,0,0,0,3,0,0,0,0.0,0.0
CH L OU,China PR,3,1,0,0,0,0,0,0,0,3,0,0,0.0,0.0
CHILAVERT,Paraguay,8,2,0,0,1,0,0,7,7,1,0,0,0.0,0.125
CHIMBONDA,France,7,1,0,0,0,0,0,0,0,7,0,0,0.0,0.0
CHINCHILLA,Costa Rica,3,1,0,0,0,0,0,0,0,3,0,0,0.0,0.0
CHOI S. Y.,South Korea,3,1,0,0,0,0,0,0,2,1,0,0,0.0,0.0
CHRISTIE,New Zealand,3,1,0,0,0,0,0,0,0,3,0,0,0.0,0.0
CHRISTIANSEN,Denmark,7,2,0,0,0,0,0,0,0,7,0,0,0.0,0.0
CHRISTANVAL,France,3,1,0,0,0,0,0,0,0,3,0,0,0.0,0.0
CHOUPO-MOTING,Cameroon,3,1,0,0,0,0,0,0,3,0,0,0,0.0,0.0
CHOUPO - MOTING,Cameroon,3,1,0,0,0,0,0,0,2,1,0,0,0.0,0.0
CHONGGUG,South Korea,3,1,0,0,0,0,0,0,1,2,0,0,0.0,0.0
CHOLEVAS,Greece,4,1,0,0,0,0,0,0,4,0,0,0,0.0,0.0
CHOI Yung Keun,South Korea,2,1,0,0,0,0,0,0,1,1,0,0,0.0,0.0
CHOI Y. S.,South Korea,3,1,0,0,1,0,0,0,2,1,0,0,0.0,0.333
CHOI Y. I.,South Korea,3,1,0,0,0,0,0,0,1,2,0,0,0.0,0.0
CHOI Moon Sik,South Korea,3,1,0,0,0,0,0,0,0,3,0,0,0.0,0.0
CHING,USA,3,1,0,0,0,0,0,0,0,3,0,0,0.0,0.0
CHOI Kang Hee,South Korea,3,1,0,0,1,0,0,0,3,0,0,0,0.0,0.333
CHOI In Young,South Korea,6,2,0,0,0,0,0,3,6,0,0,0,0.0,0.0
CHOI Dae Shik,South Korea,3,1,0,0,0,0,0,0,0,3,0,0,0.0,0.0
CHOI Chung Min,South Korea,2,1,0,0,0,0,0,0,1,1,0,0,0.0,0.0
CHO Young Jeung,South Korea,3,1,0,0,2,0,0,0,2,1,0,0,0.0,0.667
CHO Min Kook,South Korea,6,2,0,0,0,0,0,0,1,5,0,0,0.0,0.0
CHO Kwang Rae,South Korea,3,1,0,1,0,0,0,0,2,1,0,0,0.0,0.0
CHO Jin Ho,South Korea,3,1,0,0,0,0,0,0,1,2,0,0,0.0,0.0
CHO Byung Duk,South Korea,3,1,0,0,0,0,0,0,0,3,0,0,0.0,0.0
CHIPPERFIELD,Australia,7,2,0,0,0,0,0,0,5,2,0,0,0.0,0.0
DJAKPA,Cte d'Ivoire,3,1,0,0,0,0,0,0,0,3,0,0,0.0,0.0
DJALMA SANTOS,Brazil,18,4,0,0,0,0,0,0,12,6,1,0,0.0,0.0
DJEBBOUR,Algeria,3,1,0,0,0,0,0,0,2,1,0,0,0.0,0.0
Eddie CLAMP,England,4,1,0,0,0,0,0,0,3,1,0,0,0.0,0.0
Eduardo MALASQUEZ,Peru,3,1,0,0,0,0,0,0,0,3,0,0,0.0,0.0
Eduardo ESPINOZA,Mexico,4,1,0,0,0,0,0,0,0,4,0,0,0.0,0.0
Eduardo BONVALLET,Chile,3,1,0,0,0,0,0,0,3,0,0,0,0.0,0.0
Eduardo ASTENGO,Peru,2,1,0,0,0,0,0,0,1,1,0,0,0.0,0.0
Eduardo ACEVEDO,Uruguay,4,1,0,0,1,0,0,1,4,0,0,0,0.0,0.25
Eduard MARKAROV,Soviet Union,6,1,0,0,0,0,0,0,1,5,0,0,0.0,0.0
Eduard KRIEGER,Austria,6,1,0,0,0,0,0,0,5,1,0,0,0.0,0.0
Eduard DUBINSKI,Soviet Union,4,1,0,0,0,0,0,0,1,3,0,0,0.0,0.0
Edmundo PIAGGIO,Argentina,5,1,0,0,0,0,0,0,0,5,0,0,0.0,0.0
Edmond LOICHOT,Switzerland,2,1,0,0,0,0,0,0,0,2,0,0,0.0,0.0
Edmond ENOKA,Cameroon,3,1,0,0,0,0,0,0,0,3,0,0,0.0,0.0
Edmond DELFOUR,France,6,3,0,0,0,0,0,0,6,0,0,0,0.0,0.0
Edmond BARAFFE,France,3,1,0,0,0,0,0,0,0,3,0,0,0.0,0.0
Edhem SLJIVO,Yugoslavia,3,1,0,0,1,0,0,0,3,0,0,0,0.0,0.333
Edgardo GONZALEZ,Uruguay,3,1,0,0,0,0,0,0,0,3,0,0,0.0,0.0
Edgardo BAUZA,Argentina,7,1,0,0,0,0,0,0,0,7,0,0,0.0,0.0
Edgar AGUILERA,Paraguay,4,1,0,0,0,0,0,0,0,4,0,0,0.0,0.0
Edelmiro AREVALO,Paraguay,3,1,0,0,0,0,0,0,3,0,0,0,0.0,0.0
Eddy TREIJTEL,Netherlands,7,1,0,0,0,0,0,0,0,7,0,0,0.0,0.0
Eddy ANTOINE,Haiti,3,1,0,0,0,0,0,0,3,0,0,0,0.0,0.0
Eddie TURNBULL,Scotland,3,1,0,0,0,0,0,0,3,0,0,0,0.0,0.0
Eddie POPE,USA,3,1,0,0,1,0,0,0,2,1,0,0,0.0,0.333
Eddie McGOLDRICK,Ireland,4,1,0,0,0,0,0,0,0,4,0,0,0.0,0.0
Eduardo NINO,Colombia,4,1,0,0,0,0,0,0,0,4,0,0,0.0,0.0
Eduardo PEREIRA,Uruguay,4,1,0,0,0,0,0,0,0,4,0,0,0.0,0.0
Eduardo RAMOS,Mexico,3,1,0,0,0,0,0,0,2,1,0,0,0.0,0.0
Elias FIGUEROA,Chile,9,3,0,0,0,0,0,3,9,0,0,0,0.0,0.0
Elmer Angel ACEVEDO,El Salvador,3,1,0,0,0,0,0,0,0,3,0,0,0.0,0.0
Eliseo RIVERO,Uruguay,4,1,0,0,0,0,0,0,1,3,0,0,0.0,0.0
Eliseo PRADO,Argentina,3,1,0,0,0,0,0,0,1,2,0,0,0.0,0.0
Eliseo MOURINO,Argentina,3,1,0,0,0,0,0,0,0,3,0,0,0.0,0.0
Eliseo INSFRAN,Paraguay,3,1,0,0,0,0,0,0,0,3,0,0,0.0,0.0
Eliseo ALVAREZ,Uruguay,7,2,0,0,0,0,0,0,3,4,0,0,0.0,0.0
Elioro PAREDES,Paraguay,2,1,0,0,0,0,0,0,0,2,0,0,0.0,0.0
Eligio ECHAGUE,Paraguay,3,1,0,0,0,0,0,0,2,1,0,0,0.0,0.0
Eligio Antonio INSFRAN,Paraguay,3,1,0,0,0,0,0,0,0,3,0,0,0.0,0.0
Elias MUNOZ,Mexico,3,1,0,0,0,0,0,0,0,3,0,0,0.0,0.0
Elias ATMATZIDIS,Greece,3,1,0,0,0,0,0,0,1,2,0,0,0.0,0.0
Eduardo REYES ORTIZ,Bolivia,2,1,0,0,0,0,0,0,1,1,0,0,0.0,0.0
Eli BEN RIMOZ,Israel,3,1,0,0,0,0,0,0,0,3,0,0,0.0,0.0
Eladio REYES,Peru,4,1,0,0,0,0,0,0,0,4,0,0,0.0,0.0
Eivar WIDLUND,Sweden,2,1,0,0,0,0,0,0,0,2,0,0,0.0,0.0
Eisuke NAKANISHI,Japan,3,1,0,0,2,0,0,0,2,1,0,0,0.0,0.667
Eike IMMEL,West Germany,14,2,0,0,0,0,0,0,0,14,0,0,0.0,0.0
Egon JONSSON,Sweden,5,1,0,0,0,0,0,0,3,2,0,0,0.0,0.0
Efrain SANCHEZ,Colombia,3,1,0,0,0,0,0,2,3,0,0,0,0.0,0.0
Efrain AMEZCUA,Mexico,3,1,0,0,0,0,0,0,2,1,0,0,0.0,0.0
Efan EKOKU,Nigeria,4,1,0,0,0,0,0,0,0,4,0,0,0.0,0.0
Edwin VAN DER SAR,Netherlands,5,1,0,0,0,0,0,0,0,5,0,0,0.0,0.0
Eddie HOPKINSON,England,4,1,0,0,0,0,0,0,0,4,0,0,0.0,0.0
Eddie BAILY,England,3,1,0,0,0,0,0,0,1,2,0,0,0.0,0.0
Ely TACCHELLA,Switzerland,6,2,0,0,0,0,0,0,4,2,0,0,0.0,0.0
Ed SOUZA,USA,3,1,0,0,0,0,0,0,2,1,0,0,0.0,0.0
ENYEAMA,Nigeria,10,3,0,0,1,0,0,1,8,2,0,0,0.0,0.1
ENOH,Cameroon,3,1,0,0,1,0,0,0,3,0,0,0,0.0,0.333
ENGLEBERT,Belgium,4,1,0,0,0,0,0,0,0,4,0,0,0.0,0.0
ENEVOLDSEN,Denmark,3,1,0,0,0,0,0,0,1,2,0,0,0.0,0.0
ENCISO,Paraguay,4,1,0,0,1,0,0,0,4,0,0,0,0.0,0.25
EN H ZHANG,China PR,3,1,0,0,0,0,0,0,0,3,0,0,0.0,0.0
EMRE ASIK,Turkey,7,1,0,0,2,0,0,0,2,5,0,0,0.0,0.286
EMILIO,Honduras,3,1,0,0,0,0,0,0,2,1,0,0,0.0,0.0
EMERTON,Australia,7,2,0,0,4,1,1,0,6,1,0,0,0.0,0.714
EMERSON,Brazil,12,2,0,0,1,0,0,0,3,9,0,0,0.0,0.083
EMENIKE,Nigeria,4,1,0,0,0,0,0,0,4,0,0,0,0.0,0.0
EMANA,Cameroon,3,1,0,0,0,0,0,0,1,2,0,0,0.0,0.0
ELZO,Brazil,5,1,0,0,0,0,0,0,5,0,0,0,0.0,0.0
ELY DO AMPARO,Brazil,9,2,0,0,0,0,0,0,1,8,0,0,0.0,0.0
ELMANDER,Sweden,4,1,0,0,0,0,0,0,0,4,0,0,0.0,0.0
ELLIOTT,New Zealand,3,1,0,0,0,0,0,0,3,0,0,0,0.0,0.0
ELIGA,Slovenia,3,1,0,0,0,0,0,0,0,3,0,0,0.0,0.0
ELIA,Netherlands,7,1,0,0,0,0,0,0,0,7,0,0,0.0,0.0
ELADIO,Spain,3,1,0,0,0,0,0,0,1,2,0,0,0.0,0.0
EL HADRIOUI,Morocco,3,1,0,0,1,0,0,0,3,0,0,0,0.0,0.333
EJIOFOR,Nigeria,3,1,0,0,0,0,0,0,0,3,0,0,0.0,0.0
EJIDE,Nigeria,10,3,0,0,0,0,0,0,0,10,0,0,0.0,0.0
EISSA MEER,United Arab Emirates,3,1,0,0,1,0,0,0,3,0,0,0,0.0,0.333
EPALLE,Cameroon,3,1,0,0,0,0,0,0,0,3,0,0,0.0,0.0
ERASSA,Togo,3,1,0,0,0,0,0,0,0,3,0,0,0.0,0.0
ERAZO,Ecuador,3,1,0,0,1,0,0,0,3,0,0,0,0.0,0.333
ETXEBERRA,Spain,3,1,0,0,0,0,0,0,2,1,0,0,0.0,0.0
Ed McILVENNY,USA,3,1,0,0,0,0,0,1,3,0,0,0,0.0,0.0
Ebrahim KASSEMPOOR,Iran,3,1,0,0,0,0,0,0,3,0,0,0,0.0,0.0
Eberhard VOGEL,East Germany,6,1,0,0,1,0,0,0,2,4,0,0,0.0,0.167
Eberardo VILLALOBOS,Chile,3,1,0,0,0,0,0,0,3,0,0,0,0.0,0.0
Earnie STEWART,USA,3,1,0,0,0,0,0,0,2,1,0,0,0.0,0.0
Eamonn BANNON,Scotland,3,1,0,0,1,0,0,0,1,2,0,0,0.0,0.333
EYONG,Cameroon,3,1,0,0,0,0,0,0,2,1,0,0,0.0,0.0
EVRA,France,8,2,0,0,2,0,0,2,6,2,0,0,0.0,0.25
EVERALDO,Brazil,6,1,0,0,0,0,0,0,5,1,0,0,0.0,0.0
EULYONG,South Korea,3,1,0,0,0,0,0,0,2,1,0,0,0.0,0.0
ETUHU,Nigeria,3,1,0,0,0,0,0,0,3,0,0,0,0.0,0.0
ERGIC,Serbia and Montenegro,3,1,0,0,0,0,0,0,1,2,0,0,0.0,0.0
ETAM,Cameroon,3,1,0,0,0,1,1,0,0,3,0,0,0.0,0.333
ESTRADA,Colombia,7,2,0,0,2,1,1,0,1,6,0,0,0.0,0.429
ESSIEN,Ghana,7,2,0,0,2,0,0,0,3,4,0,0,0.0,0.286
ESSEDIRI,Tunisia,3,1,0,0,0,0,0,0,0,3,0,0,0.0,0.0
ESPINOZA,Ecuador,9,3,0,0,0,0,0,0,5,4,0,0,0.0,0.0
ESHCHENKO,Russia,3,1,0,0,0,0,0,0,1,2,0,0,0.0,0.0
ESCOBER,Honduras,6,2,0,0,0,0,0,0,0,6,0,0,0.0,0.0
ERNESTO,Portugal,6,1,0,0,0,0,0,0,0,6,0,0,0.0,0.0
ERIKSEN,Denmark,3,1,0,0,0,0,0,0,0,3,0,0,0.0,0.0
ERGUN,Turkey,7,1,0,0,1,0,0,0,5,2,0,0,0.0,0.143
Eloy CAMPOS,Peru,4,1,0,0,0,0,0,0,2,2,0,0,0.0,0.0
Emeka EZEUGO,Nigeria,4,1,0,0,0,0,0,0,0,4,0,0,0.0,0.0
DJEMBA,Cameroon,3,1,0,0,0,0,0,0,0,3,0,0,0.0,0.0
Ernesto APARICIO,El Salvador,3,1,0,0,0,0,0,0,2,1,0,0,0.0,0.0
Etienne MATTLER,France,6,3,0,0,0,0,0,2,6,0,0,0,0.0,0.0
Espen BAARDSEN,Norway,4,1,0,0,0,0,0,0,0,4,0,0,0.0,0.0
Erwin VAN DEN DAELE,Belgium,3,1,0,0,0,0,0,0,0,3,0,0,0.0,0.0
Erwin KOEMAN,Netherlands,4,1,0,0,0,0,0,0,1,3,0,0,0.0,0.0
Erwin HOCHSTRASSER,Switzerland,2,1,0,0,0,0,0,0,0,2,0,0,0.0,0.0
Erwin FUCHSBICHLER,Austria,6,1,0,0,0,0,0,0,0,6,0,0,0.0,0.0
Erwin BALLABIO,Switzerland,3,1,0,0,0,0,0,0,0,3,0,0,0.0,0.0
Ervin KATNIC,Yugoslavia,3,1,0,0,0,0,0,0,0,3,0,0,0.0,0.0
Ernst LOERTSCHER,Switzerland,3,1,0,1,0,0,0,0,3,0,0,0,0.0,0.0
Ernst KOZLICEK,Austria,3,1,0,0,0,0,0,0,2,1,0,0,0.0,0.0
Ernst JEAN-JOSEPH,Haiti,3,1,0,0,0,0,0,0,1,2,0,0,0.0,0.0
Ernst HUFSCHMID,Switzerland,2,1,0,0,0,0,0,0,2,0,0,0,0.0,0.0
Ernst HAPPEL,Austria,8,2,0,0,0,0,0,0,6,2,0,0,0.0,0.0
Ernst FRICK,Switzerland,2,1,0,0,0,0,0,0,0,2,0,0,0.0,0.0
Ernst BAUMEISTER,Austria,11,2,0,0,0,0,0,0,2,9,0,0,0.0,0.0
Ernst ANDERSSON,Sweden,2,1,0,0,0,0,0,0,2,0,0,0,0.0,0.0
Ernst ALBRECHT,Germany,4,1,0,0,0,0,0,0,0,4,0,0,0.0,0.0
Ernst AIGNER,Austria,3,1,0,0,0,0,0,0,3,0,0,0,0.0,0.0
Ernie COPLAND,Scotland,2,1,0,0,0,0,0,0,0,2,0,0,0.0,0.0
Ernie CAMPBELL,Australia,3,1,0,0,0,0,0,0,1,2,0,0,0.0,0.0
Ernesto MASCHERONI,Uruguay,4,1,0,0,0,0,0,0,3,1,0,0,0.0,0.0
Ernesto LABARTHE,Peru,6,1,0,0,0,0,0,0,0,6,0,0,0.0,0.0
Ernesto CISNEROS,Mexico,3,1,0,0,0,0,0,0,1,2,0,0,0.0,0.0
Eufemio CABRAL,Paraguay,4,1,0,0,0,0,0,0,0,4,0,0,0.0,0.0
Eugen MEIER,Switzerland,7,2,0,0,0,0,0,0,3,4,0,0,0.0,0.0
Eugen RUPF,Switzerland,3,1,0,0,0,0,0,0,0,3,0,0,0.0,0.0
Ezio PASCUTTI,Italy,6,2,0,0,0,0,0,0,2,4,0,0,0.0,0.0
F. PALENCIA,Mexico,4,1,0,0,0,0,0,0,0,4,0,0,0.0,0.0
F. MUSLERA,Uruguay,4,1,0,0,1,0,0,0,4,0,0,0,0.0,0.25
F. J. RODRIGUEZ,Mexico,4,1,0,0,1,0,0,0,1,3,0,0,0.0,0.25
F. GABRIEL,Mexico,4,1,0,0,0,0,0,0,0,4,0,0,0.0,0.0
F. FERNANDEZ,Argentina,7,1,0,0,0,0,0,0,4,3,0,0,0.0,0.0
F. COUTO,Portugal,3,1,0,0,0,0,0,3,3,0,0,0,0.0,0.0
F. COENTRO,Portugal,7,2,0,0,1,0,0,0,5,2,0,0,0.0,0.143
F. BORJA,Ecuador,4,1,0,0,0,0,0,0,1,3,0,0,0.0,0.0
F. AL-MEHALLEL,Saudi Arabia,3,1,0,0,0,0,0,0,1,2,0,0,0.0,0.0
F RODRIGUEZ,Mexico,4,1,0,0,1,0,0,0,4,0,0,0,0.0,0.25
Evgeni YANCHOVSKI,Bulgaria,3,1,0,0,0,0,0,0,0,3,0,0,0.0,0.0
Eugene PARLIER,Switzerland,4,1,0,0,0,0,0,0,4,0,0,0,0.0,0.0
Evgeni LOVCHEV,Soviet Union,4,1,0,0,1,0,0,0,1,3,0,0,0.0,0.25
Evaristo ISASI,Paraguay,4,1,0,0,0,0,0,0,0,4,0,0,0.0,0.0
Eustaquio CHAMORRO,Paraguay,2,1,0,0,0,0,0,0,0,2,0,0,0.0,0.0
Eusebio TEJERA,Uruguay,9,2,0,0,0,0,0,0,4,5,0,0,0.0,0.0
Eusebio ESCOBAR,Colombia,3,1,0,0,0,0,0,0,0,3,0,0,0.0,0.0
Eusebio DIAZ,Paraguay,2,1,0,0,0,0,0,0,2,0,0,0,0.0,0.0
Eusebio ACASUZO,Peru,3,1,0,0,0,0,0,0,0,3,0,0,0.0,0.0
Eulogio MARTINEZ,Spain,3,1,0,0,0,0,0,0,1,2,0,0,0.0,0.0
Eugenio LEAL,Spain,3,1,0,0,1,0,0,0,2,1,0,0,0.0,0.333
Eugenio CORRODI,Switzerland,3,1,0,0,0,0,0,0,0,3,0,0,0.0,0.0
Ernesto CHAPARRO,Chile,3,1,0,0,0,0,0,0,2,1,0,0,0.0,0.0
Ernest SCHULTZ,France,2,1,0,0,0,0,0,0,0,2,0,0,0.0,0.0
Emerich VOGL,Romania,3,2,0,0,0,0,0,3,3,0,0,0,0.0,0.0
Ernest LIBERATI,France,3,1,0,0,0,0,0,0,3,0,0,0,0.0,0.0
Enzo ESCOBAR,Chile,3,1,0,0,0,0,0,0,0,3,0,0,0.0,0.0
Enver MARIC,Yugoslavia,6,1,0,0,0,0,0,0,6,0,0,0,0.0,0.0
Enver HADZIABDIC,Yugoslavia,6,1,0,0,2,0,0,0,6,0,0,0,0.0,0.333
Enrique WOLFF,Argentina,6,1,0,0,0,0,0,1,5,1,0,0,0.0,0.0
Enrique SESMA,Mexico,3,1,0,0,0,0,0,0,3,0,0,0,0.0,0.0
Enrique LOPEZ ZARZA,Mexico,3,1,0,0,0,0,0,0,1,2,0,0,0.0,0.0
Enrique COLLAR,Spain,3,1,0,0,0,0,0,1,1,2,0,0,0.0,0.0
Enrique CHAZARRETA,Argentina,6,1,0,0,0,0,0,0,0,6,0,0,0.0,0.0
Enrique BALLESTRERO,Uruguay,4,1,0,0,0,0,0,0,4,0,0,0,0.0,0.0
Enrique AVALOS,Paraguay,2,1,0,0,0,0,0,0,2,0,0,0,0.0,0.0
Enrico CHIESA,Italy,5,1,0,0,0,0,0,0,0,5,0,0,0.0,0.0
Enrico ALBERTOSI,Italy,15,4,0,0,0,0,0,0,9,6,0,0,0.0,0.0
Engelbert KRAUS,West Germany,4,1,0,0,0,0,0,0,1,3,0,0,0.0,0.0
Emmanuel MABOANG,Cameroon,8,2,0,0,0,0,0,0,2,6,0,0,0.0,0.0
Emmanuel KUNDE,Cameroon,8,2,0,0,0,0,0,0,7,1,1,0,0.0,0.0
Emlyn HUGHES,England,4,1,0,0,0,0,0,0,0,4,0,0,0.0,0.0
Emilio RECOBA,Uruguay,4,1,0,0,0,0,0,0,0,4,0,0,0.0,0.0
Emilio CAPRILE,Italy,2,1,0,0,0,0,0,0,0,2,0,0,0.0,0.0
Emilio ALVAREZ,Uruguay,7,2,0,0,0,0,0,0,3,4,0,0,0.0,0.0
Emile MBOUH,Cameroon,8,2,0,0,3,0,0,0,6,2,0,0,0.0,0.375
Emil SANDOI,Romania,4,1,0,0,0,0,0,0,0,4,0,0,0.0,0.0
Emil PAZICKY,Czechoslovakia,2,1,0,0,0,0,0,0,2,0,0,0,0.0,0.0
Emil KREMENLIEV,Bulgaria,7,1,0,0,2,1,1,0,4,3,0,0,0.0,0.429
Enzo FRANCESCOLI,Uruguay,8,2,0,0,2,0,0,4,8,0,1,0,0.0,0.25
Enzo ROBOTTI,Italy,3,1,0,0,0,0,0,0,3,0,0,0,0.0,0.0
Enzo TROSSERO,Argentina,5,1,0,0,0,0,0,0,0,5,0,0,0.0,0.0
Erich JUSKOWIAK,West Germany,6,1,0,0,0,1,1,0,5,1,0,0,0.0,0.167
Ernest EBONGUE,Cameroon,3,1,0,0,0,0,0,0,0,3,0,0,0.0,0.0
Erland JOHNSEN,Norway,3,1,0,0,1,0,0,0,1,2,0,0,0.0,0.333
Erik THORSTVEDT,Norway,3,1,0,0,0,0,0,0,3,0,0,0,0.0,0.0
Erik PERSSON,Sweden,3,1,0,0,0,0,0,0,1,2,0,0,0.0,0.0
Erik NILSSON,Sweden,8,2,0,0,0,0,0,5,6,2,0,0,0.0,0.0
Erik MYKLAND,Norway,4,1,0,0,1,0,0,0,2,2,0,0,0.0,0.25
Erik HOFTUN,Norway,4,1,0,0,0,0,0,0,0,4,0,0,0.0,0.0
Erik GRANATH,Sweden,2,1,0,0,0,0,0,0,0,2,0,0,0.0,0.0
Erik ALMGREN,Sweden,3,1,0,0,0,0,0,0,3,0,0,0,0.0,0.0
Erich SCHAEDLER,Scotland,3,1,0,0,0,0,0,0,0,3,0,0,0.0,0.0
Erich HAMANN,East Germany,6,1,0,0,1,0,0,0,1,5,0,0,0.0,0.167
Ephrem MBOM,Cameroon,3,1,0,0,0,0,0,0,3,0,0,0,0.0,0.0
Erich BEER,West Germany,6,1,0,0,0,0,0,0,3,3,0,0,0.0,0.0
Eric WYNALDA,USA,6,2,0,0,0,1,1,0,2,4,0,0,0.0,0.167
Eric VAN MEIR,Belgium,7,2,0,0,0,0,0,0,0,7,0,0,0.0,0.0
Eric GERETS,Belgium,16,3,0,0,2,1,1,4,12,4,0,0,0.0,0.188
Eric EICHMANN,USA,3,1,0,0,0,0,0,0,0,3,0,0,0.0,0.0
Eric DEFLANDRE,Belgium,3,1,0,0,1,0,0,0,2,1,0,0,0.0,0.333
Eric CALDOW,Scotland,3,1,0,0,0,0,0,0,3,0,0,0,0.0,0.0
Erdem NACI,Turkey,3,1,0,0,0,0,0,0,1,2,0,0,0.0,0.0
Eraldo PECCI,Italy,7,1,0,0,0,0,0,0,0,7,0,0,0.0,0.0
Eraldo MONZEGLIO,Italy,9,2,0,0,0,0,0,0,5,4,0,0,0.0,0.0
EGWUEKWE,Nigeria,4,1,0,0,0,0,0,0,0,4,0,0,0.0,0.0
EGUREN,Uruguay,7,1,0,0,0,0,0,0,0,7,0,0,0.0,0.0
EGUAVOEN,Nigeria,8,2,0,0,2,0,0,0,4,4,0,0,0.0,0.25
Danny BLANCHFLOWER,Northern Ireland,5,1,0,0,0,0,0,5,5,0,0,0,0.0,0.0
David CAMPBELL,Northern Ireland,3,1,0,0,0,0,0,0,1,2,0,0,0.0,0.0
David CABRERA,El Salvador,3,1,0,0,0,0,0,0,0,3,0,0,0.0,0.0
David BUESO,Honduras,3,1,0,0,0,0,0,0,0,3,0,0,0.0,0.0
David BOWEN,Wales,5,1,0,0,0,0,0,5,5,0,0,0,0.0,0.0
David BATTY,England,4,1,0,0,0,0,0,0,2,2,0,0,0.0,0.0
David ACEVEDO,Argentina,3,1,0,0,0,0,0,0,0,3,0,0,0.0,0.0
Dave MACKAY,Scotland,3,1,0,0,0,0,0,0,1,2,0,0,0.0,0.0
Dave HARDING,Australia,3,1,0,0,0,0,0,0,0,3,0,0,0.0,0.0
Dave BRIGHT,New Zealand,3,1,0,0,0,0,0,0,0,3,0,0,0.0,0.0
Dave BEASANT,England,6,1,0,0,0,0,0,0,0,6,0,0,0.0,0.0
Darryl POWELL,Jamaica,3,1,0,0,2,1,1,0,1,2,0,0,0.0,1.0
Darren JACKSON,Scotland,3,1,0,0,2,0,0,0,2,1,0,0,0.0,0.667
Darko KOVACEVIC,Yugoslavia,4,1,0,0,0,0,0,0,1,3,0,0,0.0,0.0
Dariusz KUBICKI,Poland,4,1,0,0,0,0,0,0,1,3,0,0,0.0,0.0
Dariusz DZIEKANOWSKI,Poland,4,1,0,0,2,0,0,0,4,0,0,0,0.0,0.5
Dario SIMIC,Croatia,7,1,0,0,3,0,0,0,6,1,0,0,0.0,0.429
Dario SEGOVIA,Paraguay,3,1,0,0,0,0,0,0,0,3,0,0,0.0,0.0
Dario ROJAS,Bolivia,3,1,0,0,0,0,0,0,0,3,0,0,0.0,0.0
Dario JARA SAGUIER,Paraguay,2,1,0,0,0,0,0,0,2,0,0,0,0.0,0.0
Dany VERLINDEN,Belgium,7,2,0,0,0,0,0,0,0,7,0,0,0.0,0.0
Danut LUPU,Romania,4,1,0,0,1,0,0,0,0,4,0,0,0.0,0.25
Danny McGRAIN,Scotland,6,2,0,0,0,0,0,1,4,2,0,0,0.0,0.0
Danny BOFFIN,Belgium,3,1,0,0,0,0,0,0,2,1,0,0,0.0,0.0
David COOPER,Scotland,3,1,0,0,0,0,0,0,0,3,0,0,0.0,0.0
David HARVEY,Scotland,3,1,0,0,0,0,0,0,3,0,0,0,0.0,0.0
David KARAKO,Israel,3,1,0,0,0,0,0,0,0,3,0,0,0.0,0.0
Davie HAY,Scotland,3,1,0,0,1,0,0,0,3,0,0,0,0.0,0.333
Demetrio NEYRA,Peru,2,1,0,0,0,0,0,0,2,0,0,0,0.0,0.0
Demetrio ALBERTINI,Italy,5,1,0,0,0,0,0,0,3,2,0,0,0.0,0.0
Delron BUCKLEY,South Africa,3,1,0,0,0,0,0,0,0,3,0,0,0.0,0.0
Delio GAMBOA,Colombia,3,1,0,0,0,0,0,0,1,2,0,0,0.0,0.0
Delfin BENITEZ CACERES,Paraguay,2,1,0,0,0,0,0,0,2,0,0,0,0.0,0.0
Dejan STANKOVIC,Yugoslavia,4,1,0,0,1,0,0,0,2,2,0,0,0.0,0.25
Dejan SAVICEVIC,Yugoslavia,4,1,0,0,0,0,0,0,0,4,0,0,0.0,0.0
Dejan GOVEDARICA,Yugoslavia,4,1,0,0,0,0,0,0,0,4,0,0,0.0,0.0
Dean SEWELL,Jamaica,3,1,0,0,0,0,0,0,0,3,0,0,0.0,0.0
Davie MATHERS,Scotland,2,1,0,0,0,0,0,0,0,2,0,0,0.0,0.0
David WEIR,Scotland,3,1,0,0,0,0,0,0,1,2,0,0,0.0,0.0
David KELLY,Ireland,9,2,0,0,0,0,0,0,0,9,0,0,0.0,0.0
David VANOLE,USA,3,1,0,0,0,0,0,0,0,3,0,0,0.0,0.0
David SEAMAN,England,5,2,0,0,1,0,0,0,4,1,0,0,0.0,0.2
David REGIS,USA,3,1,0,0,1,0,0,0,3,0,0,0,0.0,0.333
David PROVAN,Scotland,3,1,0,0,0,0,0,0,0,3,0,0,0.0,0.0
David PRIMO,Israel,3,1,0,0,2,0,0,0,3,0,0,0,0.0,0.667
David O LEARY,Ireland,5,1,0,0,0,0,0,0,0,5,0,0,0.0,0.0
David NYATHI,South Africa,3,1,0,0,1,0,0,0,3,0,0,0,0.0,0.333
David NORMAN,Canada,3,1,0,0,0,0,0,0,3,0,0,0,0.0,0.0
David McPHERSON,Scotland,3,1,0,0,1,0,0,0,3,0,0,0,0.0,0.333
David McCREERY,Northern Ireland,8,2,0,0,0,0,0,0,8,0,0,0,0.0,0.0
Danny BLIND,Netherlands,9,2,0,0,0,0,0,0,0,9,0,0,0.0,0.0
Danilo POPIVODA,Yugoslavia,6,1,0,0,0,0,0,0,1,5,0,0,0.0,0.0
EGGIMANN,Switzerland,3,1,0,0,0,0,0,0,0,3,0,0,0.0,0.0
Daniel XUEREB,France,7,1,0,0,0,0,0,0,0,7,0,0,0.0,0.0
DRMIC,Switzerland,4,1,0,0,0,0,0,0,3,1,0,0,0.0,0.0
DRAXLER,Germany,7,1,0,0,0,0,0,0,0,7,0,0,0.0,0.0
DRAGUTINOVIC,Serbia and Montenegro,3,1,0,0,1,0,0,0,1,2,0,0,0.0,0.333
DOWNING,England,5,1,0,0,0,0,0,0,0,5,0,0,0.0,0.0
DOUMBIA,Cte d'Ivoire,3,1,0,0,0,0,0,0,0,3,0,0,0.0,0.0
DOSSEVI,Togo,3,1,0,0,0,0,0,0,1,2,0,0,0.0,0.0
DOS SANTOS,Paraguay,6,1,0,0,1,0,0,0,1,5,0,0,0.0,0.167
DORIVA,Brazil,7,1,0,0,0,0,0,0,0,7,0,0,0.0,0.0
DOOLEY,USA,4,1,0,0,1,0,0,0,4,0,0,0,0.0,0.25
DONI,Italy,9,2,0,0,0,0,0,0,2,7,0,0,0.0,0.0
DONGJIN,South Korea,7,2,0,0,1,0,0,0,2,5,0,0,0.0,0.143
DONGGOOK,South Korea,4,1,0,0,0,0,0,0,0,4,0,0,0.0,0.0
DOMORAUD,Cte d'Ivoire,3,1,0,0,2,1,1,1,1,2,0,0,0.0,1.0
DOMINGUEZ,Ecuador,3,1,0,0,0,0,0,0,3,0,0,0,0.0,0.0
DOMINGOS DA GUIA,Brazil,5,1,0,0,0,0,0,0,4,1,0,0,0.0,0.0
DOKHY,Saudi Arabia,3,1,0,0,0,0,0,0,1,2,0,0,0.0,0.0
DOKHI,Saudi Arabia,3,1,0,0,1,0,0,0,3,0,0,0,0.0,0.333
DOI,Japan,3,1,0,0,0,0,0,0,0,3,0,0,0.0,0.0
DOHEON,South Korea,3,1,0,0,0,0,0,0,0,3,0,0,0.0,0.0
DOCA,Brazil,2,1,0,0,0,0,0,0,0,2,0,0,0.0,0.0
DJOUROU,Switzerland,8,2,0,0,2,0,0,0,5,3,0,0,0.0,0.25
DJORKAEFF,France,3,1,0,0,0,0,0,0,1,2,0,0,0.0,0.0
DJEUGOUE,Cameroon,3,1,0,0,0,0,0,0,1,2,0,0,0.0,0.0
DRUMMOND,Costa Rica,3,1,0,0,0,0,0,0,0,3,0,0,0.0,0.0
DRUMMOND J.,Costa Rica,3,1,0,0,0,0,0,0,1,2,0,0,0.0,0.0
DUDA,Portugal,4,1,0,0,1,0,0,0,1,3,0,0,0.0,0.25
DZAGOEV,Russia,3,1,0,0,0,0,0,0,0,3,0,0,0.0,0.0
Daniel TIMOFTE,Romania,4,1,0,0,0,0,0,0,2,2,0,0,0.0,0.0
Daniel PRODAN,Romania,5,1,0,0,0,0,0,0,5,0,0,0,0.0,0.0
Daniel KILLER,Argentina,7,1,0,0,0,0,0,0,0,7,0,0,0.0,0.0
Daniel CARNEVALI,Argentina,6,1,0,0,0,0,0,0,5,1,0,0,0.0,0.0
Daniel BORIMIROV,Bulgaria,3,1,0,0,0,0,0,0,1,2,0,0,0.0,0.0
Daniel AMOKACHI,Nigeria,4,1,0,0,0,0,0,0,1,3,0,0,0.0,0.0
Dani SHMULEVICH ROM,Israel,3,1,0,0,0,0,0,0,1,2,0,0,0.0,0.0
Dan COE,Romania,3,1,0,0,0,0,0,0,0,3,0,0,0.0,0.0
Dale MITCHELL,Canada,3,1,0,0,0,0,0,0,1,2,0,0,0.0,0.0
Dagoberto FONTES,Uruguay,6,1,0,0,2,0,0,0,3,3,0,0,0.0,0.333
DYER,England,5,1,0,0,0,0,0,0,0,5,0,0,0.0,0.0
DUDEK,Poland,3,1,0,0,0,0,0,0,2,1,0,0,0.0,0.0
DURM,Germany,7,1,0,0,0,0,0,0,0,7,0,0,0.0,0.0
DURIE,Scotland,3,1,0,0,0,0,0,0,1,2,0,0,0.0,0.0
DURICA,Slovakia,4,1,0,0,1,0,0,0,4,0,0,0,0.0,0.25
DURI,South Korea,4,1,0,0,1,0,0,0,3,1,0,0,0.0,0.25
DUNNE,Ireland,4,1,0,0,0,0,0,0,0,4,0,0,0.0,0.0
DUNGA,Brazil,18,3,0,0,2,0,0,11,18,0,0,0,0.0,0.111
DULJAJ,Serbia and Montenegro,3,1,0,0,1,0,0,0,3,0,0,0,0.0,0.333
DUGARRY,France,3,1,0,0,1,0,0,0,1,2,0,0,0.0,0.333
DUDKA,Poland,3,1,0,0,0,0,0,0,0,3,0,0,0.0,0.0
DUDIC,Serbia and Montenegro,3,1,0,0,1,0,0,0,2,1,0,0,0.0,0.333
Denis CANIZA,Paraguay,4,1,0,0,0,0,0,0,2,2,0,0,0.0,0.0
Denis HOUF,Belgium,2,1,0,0,0,0,0,0,1,1,0,0,0.0,0.0
Denis IRWIN,Ireland,4,1,0,0,2,0,0,0,2,2,0,0,0.0,0.5
Denis LAW,Scotland,3,1,0,0,0,0,0,0,1,2,0,0,0.0,0.0
Dumitru PAVLOVICI,Romania,2,1,0,0,0,0,0,0,1,1,0,0,0.0,0.0
Duilio DAVINO,Mexico,4,1,0,0,1,0,0,0,4,0,0,0,0.0,0.25
Driss KANOUSSI,Morocco,3,1,0,0,0,0,0,0,3,0,0,0,0.0,0.0
Driss BEN ZEKRI,Morocco,3,1,0,0,0,0,0,0,3,0,0,0,0.0,0.0
Driss BAMOUS,Morocco,3,1,0,0,0,0,0,3,3,0,0,0,0.0,0.0
Drazen MUZINIC,Yugoslavia,6,1,0,0,0,0,0,0,2,4,0,0,0.0,0.0
Drazen LADIC,Croatia,7,1,0,0,0,0,0,0,7,0,0,0,0.0,0.0
Dragutin NAJDANOVIC,Yugoslavia,3,1,0,0,0,0,0,0,1,2,0,0,0.0,0.0
Dragoslav SEKULARAC,Yugoslavia,10,2,0,0,0,0,0,0,9,1,0,0,0.0,0.0
Dragoljub BRNOVIC,Yugoslavia,5,1,0,0,1,0,0,0,4,1,0,0,0.0,0.2
Dragoje LEKOVIC,Yugoslavia,9,2,0,0,0,0,0,0,0,9,0,0,0.0,0.0
Dragan TOSIC,Yugoslavia,3,1,0,0,0,0,0,0,0,3,0,0,0.0,0.0
Dragan PANTELIC,Yugoslavia,3,1,0,0,0,0,0,0,3,0,0,0,0.0,0.0
Dragan MIHAJLOVIC,Yugoslavia,3,1,0,0,0,0,0,0,3,0,0,0,0.0,0.0
Doug UTJESENOVIC,Australia,3,1,0,0,0,0,0,0,3,0,0,0,0.0,0.0
Doug COWIE,Scotland,5,2,0,0,0,0,0,0,4,1,0,0,0.0,0.0
Dorinel MUNTEANU,Romania,4,1,0,0,1,0,0,0,4,0,0,0,0.0,0.25
Dorin MATEUT,Romania,4,1,0,0,0,0,0,0,0,4,0,0,0.0,0.0
Donovan RICKETTS,Jamaica,3,1,0,0,0,0,0,0,0,3,0,0,0.0,0.0
Donald FORD,Scotland,3,1,0,0,0,0,0,0,0,3,0,0,0.0,0.0
Don MASSON,Scotland,3,1,0,0,0,0,0,0,1,2,0,0,0.0,0.0
Don HOWE,England,8,2,0,0,0,0,0,0,4,4,0,0,0.0,0.0
Dominique HERR,Switzerland,4,1,0,0,1,0,0,0,4,0,0,0,0.0,0.25
Dumitru STANGACIU,Romania,4,1,0,0,0,0,0,0,0,4,0,0,0.0,0.0
Duncan COLE,New Zealand,3,1,0,0,0,0,0,0,1,2,0,0,0.0,0.0
Durrent BROWN,Jamaica,3,1,0,0,0,0,0,0,0,3,0,0,0.0,0.0
ECHEBERRIA,Spain,3,1,0,0,0,0,0,0,1,2,0,0,0.0,0.0
EDWARDS,Trinidad and Tobago,3,1,0,0,0,0,0,0,3,0,0,0,0.0,0.0
EDUARDO,Portugal,10,2,0,0,1,0,0,0,4,6,0,0,0.0,0.1
EDU,Brazil,20,4,0,0,0,0,0,0,2,18,0,0,0.0,0.0
EDSON,Brazil,8,2,0,0,0,0,0,0,2,6,0,0,0.0,0.0
EDMUNDO,Brazil,7,1,0,0,0,0,0,0,0,7,0,0,0.0,0.0
EDMAN,Sweden,8,2,0,0,0,0,0,0,4,4,0,0,0.0,0.0
EDIVALDO,Brazil,5,1,0,0,0,0,0,0,0,5,0,0,0.0,0.0
EDILSON,Brazil,7,1,0,0,0,0,0,0,2,5,0,0,0.0,0.0
EDEVALDO,Brazil,5,1,0,0,0,0,0,0,0,5,0,0,0.0,0.0
ECHIEJILE,Nigeria,3,1,0,0,0,0,0,0,0,3,0,0,0.0,0.0
EBOUE,Cte d'Ivoire,6,2,0,0,1,0,0,0,6,0,0,0,0.0,0.167
E JUAREZ,Mexico,4,1,0,0,2,0,0,0,3,1,0,0,0.0,0.5
E.MIRZAPOUR,Iran,3,1,0,0,0,0,0,0,3,0,0,0,0.0,0.0
E.HAZARD,Belgium,5,1,0,0,1,0,0,0,4,1,0,0,0.0,0.2
E. VILLAFUERTE,Ecuador,4,1,0,0,0,0,0,0,0,4,0,0,0.0,0.0
E. TENORIO,Ecuador,7,2,0,0,0,0,0,0,6,1,0,0,0.0,0.0
E. MENDEZ,Ecuador,4,1,0,0,1,0,0,0,4,0,0,0,0.0,0.25
E. CAVANI,Uruguay,4,1,0,0,0,0,0,0,4,0,1,0,0.0,0.0
E. BARRETO,Paraguay,5,1,0,0,0,0,0,0,1,4,0,0,0.0,0.0
E. AREVALO RIOS,Uruguay,4,1,0,0,1,0,0,0,4,0,0,0,0.0,0.25
E. ADDO,Ghana,4,1,0,0,1,0,0,0,2,2,0,0,0.0,0.25
E S CHOI,South Korea,7,1,0,0,0,0,0,0,0,7,0,0,0.0,0.0
Dominique DROPSY,France,3,1,0,0,0,0,0,0,1,2,0,0,0.0,0.0
Dominique COLONNA,France,6,1,0,0,0,0,0,0,0,6,0,0,0.0,0.0
Dominique BATHENAY,France,3,1,0,0,0,0,0,0,2,1,0,0,0.0,0.0
Didier COUECOU,France,3,1,0,0,0,0,0,0,0,3,0,0,0.0,0.0
Dimitar LARGOV,Bulgaria,3,1,0,0,0,0,0,0,1,2,0,0,0.0,0.0
Dimitar KOSTOV,Bulgaria,3,1,0,0,0,0,0,0,3,0,0,0,0.0,0.0
Dimitar DIMOV,Bulgaria,3,1,0,0,0,0,0,0,1,2,0,0,0.0,0.0
Dietmar KUEHBAUER,Austria,3,1,0,0,0,0,0,0,3,0,0,0,0.0,0.0
Dieter HOENESS,West Germany,7,1,0,0,0,0,0,0,0,7,0,0,0.0,0.0
Dieter HERZOG,West Germany,7,1,0,0,0,0,0,0,2,5,0,0,0.0,0.0
Dieter BURDENSKI,West Germany,6,1,0,0,0,0,0,0,0,6,0,0,0.0,0.0
Diego SIMEONE,Argentina,5,1,0,0,1,0,0,4,3,2,0,0,0.0,0.2
Diego FLORENTIN,Paraguay,2,1,0,0,0,0,0,0,0,2,0,0,0.0,0.0
Didier DESCHAMPS,France,7,1,0,0,3,0,0,6,6,1,0,0,0.0,0.429
Didi HAMANN,Germany,5,1,0,0,2,0,0,0,3,2,0,0,0.0,0.4
Dimitar PENEV,Bulgaria,9,3,0,0,0,0,0,0,9,0,0,0,0.0,0.0
Dezso MOLNAR,Hungary,4,1,0,0,0,0,0,0,0,4,0,0,0.0,0.0
Dezso BUNDZSAK,Hungary,4,1,0,0,0,0,0,0,3,1,0,0,0.0,0.0
Desmond ARMSTRONG,USA,3,1,0,0,0,0,0,0,3,0,0,0,0.0,0.0
Des WALKER,England,7,1,0,0,0,0,0,0,7,0,0,0,0.0,0.0
Derek WHYTE,Scotland,3,1,0,0,0,0,0,0,0,3,0,0,0.0,0.0
Derek SULLIVAN,Wales,5,1,0,0,0,0,0,0,4,1,0,0,0.0,0.0
Derek JOHNSTONE,Scotland,3,1,0,0,0,0,0,0,0,3,0,0,0.0,0.0
Derek DOUGAN,Northern Ireland,5,1,0,0,0,0,0,0,1,4,0,0,0.0,0.0
Deon BURTON,Jamaica,3,1,0,0,1,0,0,0,2,1,0,0,0.0,0.333
Denis MILAR,Uruguay,3,1,0,0,0,0,0,0,2,1,0,0,0.0,0.0
Dimitar MARASHLIEV,Bulgaria,3,1,0,0,0,0,0,0,1,2,0,0,0.0,0.0
Dimitar YAKIMOV,Bulgaria,9,3,0,0,0,0,0,0,6,3,0,0,0.0,0.0
Dominique BARATELLI,France,10,2,0,0,0,0,0,0,0,10,0,0,0.0,0.0
Djamel TLEMCANI,Algeria,3,1,0,0,0,0,0,0,0,3,0,0,0.0,0.0
Domingo TEJERA,Uruguay,4,1,0,0,0,0,0,0,1,3,0,0,0.0,0.0
Domingo PEREZ,Uruguay,7,2,0,0,0,0,0,0,7,0,0,0,0.0,0.0
Domingo GARCIA,Peru,2,1,0,0,0,0,0,0,1,1,0,0,0.0,0.0
Domingo DRUMMOND,Honduras,3,1,0,0,0,0,0,0,1,2,0,0,0.0,0.0
Doctor KHUMALO,South Africa,3,1,0,0,0,0,0,0,0,3,0,0,0.0,0.0
Dobrosav KRSTIC,Yugoslavia,4,1,0,0,0,0,0,0,4,0,0,0,0.0,0.0
Dmitri POPOV,Russia,3,1,0,0,0,0,0,0,1,2,0,0,0.0,0.0
Dmitri KUZNETSOV,Russia,3,1,0,0,1,0,0,0,2,1,0,0,0.0,0.333
Dmitri KHLESTOV,Russia,3,1,0,0,2,0,0,0,3,0,0,0,0.0,0.667
Dmitri KHARIN,Russia,3,1,0,0,1,0,0,2,2,1,0,0,0.0,0.333
Djamel MENAD,Algeria,3,1,0,0,0,0,0,0,1,2,0,0,0.0,0.0
Dimitri GALIAMIN,Russia,3,1,0,0,0,0,0,0,0,3,0,0,0.0,0.0
Ditmar JAKOBS,West Germany,7,1,0,0,1,0,0,0,5,2,0,0,0.0,0.143
Dirk SCHOENAKER,Netherlands,7,1,0,0,0,0,0,0,0,7,0,0,0.0,0.0
Dirk MEDVED,Belgium,4,1,0,0,0,0,0,0,1,3,0,0,0.0,0.0
Dionizije DVORNIC,Yugoslavia,3,1,0,0,0,0,0,0,1,2,0,0,0.0,0.0
Dionisio MEJIA,Mexico,3,1,0,0,0,0,0,0,1,2,0,0,0.0,0.0
Diogenes LARA,Bolivia,2,1,0,0,0,0,0,0,2,0,0,0,0.0,0.0
Diogenes DOMINGUEZ,Paraguay,2,1,0,0,0,0,0,0,1,1,0,0,0.0,0.0
Dino ZOFF,Italy,23,4,0,0,0,0,0,14,17,6,0,0,0.0,0.0
Dincer MEHMET,Turkey,3,1,0,0,0,0,0,0,0,3,0,0,0.0,0.0
Dimitrios SARAVAKOS,Greece,3,1,0,0,0,0,0,1,1,2,0,0,0.0,0.0
Brian BALOYI,South Africa,3,1,0,0,0,0,0,0,0,3,0,0,0.0,0.0
Brendan AUGUSTINE,South Africa,3,1,0,0,0,0,0,0,2,1,0,0,0.0,0.0
F. SARITAMA,Ecuador,4,1,0,0,0,0,0,0,0,4,0,0,0.0,0.0
Adrian ALSTON,Australia,3,1,0,0,0,0,0,0,3,0,0,0,0.0,0.0
Alan A COURT,England,4,1,0,0,0,0,0,0,3,1,0,0,0.0,0.0
Alain GEIGER,Switzerland,4,1,0,0,0,0,0,4,4,0,0,0,0.0,0.0
Alain EYOBO MAKONGO,Cameroon,3,1,0,0,0,0,0,0,0,3,0,0,0.0,0.0
Alain BOGHOSSIAN,France,7,1,0,0,0,0,0,0,1,6,0,0,0.0,0.0
Alaa MAYHOUB,Egypt,3,1,0,0,0,0,0,0,0,3,0,0,0.0,0.0
Akira NARAHASHI,Japan,3,1,0,0,0,0,0,0,3,0,0,0,0.0,0.0
Akhrik TSVEIBA,Soviet Union,3,1,0,0,0,0,0,0,0,3,0,0,0.0,0.0
Ake JOHANSSON,Sweden,6,1,0,0,0,0,0,0,0,6,0,0,0.0,0.0
Ake ANDERSSON,Sweden,3,1,0,0,0,0,0,0,1,2,0,0,0.0,0.0
Ahmed SHOBEIR,Egypt,3,1,0,0,1,0,0,0,3,0,0,0,0.0,0.333
Ahmed RAMZY,Egypt,3,1,0,0,1,0,0,0,2,1,0,0,0.0,0.333
Ahmed MASBAHI,Morocco,3,1,0,0,0,0,0,0,0,3,0,0,0.0,0.0
Ahmed JASSIM,Iraq,3,1,0,0,0,0,0,0,0,3,0,0,0.0,0.0
Ahmed FARAS,Morocco,3,1,0,0,0,0,0,0,0,3,0,0,0.0,0.0
Ahmed EL KASS,Egypt,3,1,0,0,0,0,0,0,3,0,0,0,0.0,0.0
Ahmed BAHJA,Morocco,3,1,0,0,0,0,0,0,2,1,0,0,0.0,0.0
Ahmed ALAOUI,Morocco,3,1,0,0,0,0,0,0,1,2,0,0,0.0,0.0
Ahmed AL TARABULSI,Kuwait,3,1,0,0,0,0,0,0,3,0,0,0,0.0,0.0
Aharon SHURUK,Israel,3,1,0,0,0,0,0,0,0,3,0,0,0.0,0.0
Agustin MIRANDA,Paraguay,3,1,0,0,0,0,0,0,1,2,0,0,0.0,0.0
Agrebi BEN REHAIEM,Tunisia,3,1,0,0,0,0,0,0,3,0,0,0,0.0,0.0
Adrian POPESCU,Romania,4,1,0,0,0,0,0,0,0,4,0,0,0.0,0.0
Adrian ELRICK,New Zealand,3,1,0,0,0,0,0,0,3,0,0,0,0.0,0.0
Alan BALL,England,10,2,0,0,0,0,0,0,7,3,0,0,0.0,0.0
Alan BRAZIL,Scotland,3,1,0,0,0,0,0,0,1,2,0,0,0.0,0.0
Alan HANSEN,Scotland,3,1,0,0,0,0,0,0,3,0,0,0,0.0,0.0
Albert RUST,France,7,1,0,0,0,0,0,0,1,6,0,0,0.0,0.0
Alberto MARIOTTI,Argentina,3,1,0,0,0,0,0,0,0,3,0,0,0.0,0.0
Alberto GONZALEZ,Paraguay,9,3,0,0,0,0,0,0,7,2,0,0,0.0,0.0
Alberto GOMEZ,Uruguay,6,1,0,0,0,0,0,0,0,6,0,0,0.0,0.0
Alberto GARCIA ASPE,Mexico,4,1,0,0,1,0,0,4,4,0,1,0,0.0,0.25
Alberto FOUILLOUX,Chile,9,2,0,0,0,0,0,0,4,5,0,0,0.0,0.0
Alberto DENEGRI,Peru,2,1,0,0,0,0,0,0,2,0,0,0,0.0,0.0
Alberto CHIVIDINI,Argentina,5,1,0,0,0,0,0,0,1,4,0,0,0.0,0.0
Alberto CARDACCIO,Uruguay,3,1,0,0,0,0,0,0,0,3,0,0,0.0,0.0
Alberto BAEZA,Mexico,3,1,0,0,0,0,0,0,0,3,0,0,0.0,0.0
Albert SHESTERNYOV,Soviet Union,14,3,0,0,0,0,0,9,9,5,0,0,0.0,0.0
Albert QUIXALL,England,3,1,0,0,0,0,0,0,0,3,0,0,0.0,0.0
Alan HODGKINSON,England,8,2,0,0,0,0,0,0,0,8,0,0,0.0,0.0
Albert GUINCHARD,Switzerland,5,2,0,0,0,0,0,0,2,3,0,0,0.0,0.0
Albert BUCHE,Switzerland,2,1,0,0,0,0,0,0,0,2,0,0,0.0,0.0
Alberigo EVANI,Italy,7,1,0,0,0,0,0,0,1,6,0,0,0.0,0.0
Alan ROUGH,Scotland,9,3,0,0,0,0,0,0,6,3,0,0,0.0,0.0
Alan PEACOCK,England,4,1,0,0,0,0,0,0,2,2,0,0,0.0,0.0
Alan McLOUGHLIN,Ireland,9,2,0,0,0,0,0,0,0,9,0,0,0.0,0.0
Alan McINALLY,Scotland,3,1,0,0,0,0,0,0,1,2,0,0,0.0,0.0
Alan McDONALD,Northern Ireland,3,1,0,0,0,0,0,0,3,0,0,0,0.0,0.0
Alan KERNAGHAN,Ireland,4,1,0,0,0,0,0,0,0,4,0,0,0.0,0.0
Alan KELLY JR.,Ireland,4,1,0,0,0,0,0,0,0,4,0,0,0.0,0.0
Adrian CHAVEZ,Mexico,4,1,0,0,0,0,0,0,0,4,0,0,0.0,0.0
Adriaan VAN MALE,Netherlands,2,2,0,0,0,0,0,0,1,1,0,0,0.0,0.0
Alberto SAINZ,Argentina,3,1,0,0,0,0,0,0,2,1,0,0,0.0,0.0
Adri VAN TIGGELEN,Netherlands,4,1,0,0,0,0,0,0,4,0,0,0,0.0,0.0
Abderrahim OUAKILI,Morocco,3,1,0,0,0,0,0,0,0,3,0,0,0.0,0.0
Abdelslam LAGHRISSI,Morocco,3,1,0,0,0,0,0,0,0,3,0,0,0.0,0.0
Abdelmajid LAMRISS,Morocco,4,1,0,0,1,0,0,0,4,0,0,0,0.0,0.25
Abdelmajid DOLMY,Morocco,4,1,0,0,0,0,0,0,4,0,0,0,0.0,0.0
Abdelmajid BOUYBOUD,Morocco,3,1,0,0,1,0,0,0,1,2,0,0,0.0,0.333
Abdelmajid BOUREBBOU,Algeria,3,1,0,0,0,0,0,0,1,2,0,0,0.0,0.0
Abdellah OURIAGHLI,Morocco,3,1,0,0,0,0,0,0,0,3,0,0,0.0,0.0
Abdellah MEDJADI,Algeria,3,1,0,0,0,0,0,0,2,1,0,0,0.0,0.0
Abdellah BIDAR,Morocco,4,1,0,0,0,0,0,0,0,4,0,0,0.0,0.0
Abdelkarim EL HADRIOUI,Morocco,3,1,0,0,0,0,0,0,2,1,0,0,0.0,0.0
Abdelkader HORR,Algeria,3,1,0,0,0,0,0,0,0,3,0,0,0.0,0.0
Abdelkader EL KHYATI,Morocco,3,1,0,0,0,0,0,0,0,3,0,0,0.0,0.0
Abdelkader EL BRAZI,Morocco,3,1,0,0,0,0,0,0,0,3,0,0,0.0,0.0
Abdelilah SABER,Morocco,3,1,0,0,0,0,0,0,3,0,0,0,0.0,0.0
Abdelhamid SADMI,Algeria,3,1,0,0,0,0,0,0,0,3,0,0,0.0,0.0
Abdelfettah RHIATI,Morocco,4,1,0,0,0,0,0,0,0,4,0,0,0.0,0.0
Abdelfettah HOUDANI,Morocco,4,1,0,0,0,0,0,0,0,4,0,0,0.0,0.0
Abdelaziz BEN-TIFOUR,France,2,1,0,0,0,0,0,0,1,1,0,0,0.0,0.0
Abdel Kader BEN BOUALI,France,2,1,0,0,0,0,0,0,0,2,0,0,0.0,0.0
Abdel Aziz SOULAYMANI,Morocco,4,1,0,0,0,0,0,0,0,4,0,0,0.0,0.0
Abdallah LAMRANI,Morocco,3,1,0,0,0,0,0,0,2,1,0,0,0.0,0.0
Aaron PADILLA,Mexico,7,2,0,0,0,0,0,0,6,1,0,0,0.0,0.0
Aaron LAWRENCE,Jamaica,3,1,0,0,0,0,0,0,1,2,0,0,0.0,0.0
Abderrhamane MAHJOUB,France,2,1,0,0,0,0,0,0,1,1,0,0,0.0,0.0
Abdulaziz AL ANBARI,Kuwait,3,1,0,0,1,0,0,0,3,0,0,0,0.0,0.333
Abdulaziz MOHAMMED,Kuwait,3,1,0,0,0,0,0,0,0,3,0,0,0.0,0.0
Adam WOLANIN,USA,3,1,0,0,0,0,0,0,1,2,0,0,0.0,0.0
Adri VAN KRAAY,Netherlands,7,1,0,0,0,0,0,0,0,7,0,0,0.0,0.0
Adolphe HUG,Switzerland,3,1,0,0,0,0,0,0,1,2,0,0,0.0,0.0
Adolfo ZEOLI,Uruguay,4,1,0,0,0,0,0,0,0,4,0,0,0.0,0.0
Adolfo NEF,Chile,3,1,0,0,0,0,0,0,0,3,0,0,0.0,0.0
Adolfino CANETE,Paraguay,4,1,0,0,0,0,0,0,4,0,0,0,0.0,0.0
Adolf STELZER,Switzerland,3,1,0,0,0,0,0,0,1,2,0,0,0.0,0.0
Adelmo VIVAS,Colombia,3,1,0,0,0,0,0,0,0,3,0,0,0.0,0.0
Adel EL SELLIMI,Tunisia,3,1,0,0,0,0,0,0,3,0,0,0,0.0,0.0
Adel ABDELRAHMAN,Egypt,3,1,0,0,0,0,0,0,0,3,0,0,0.0,0.0
Adan GODOY,Chile,9,2,0,0,0,0,0,0,1,8,0,0,0.0,0.0
Adam NAWALKA,Poland,6,1,0,0,0,0,0,0,5,1,0,0,0.0,0.0
Abdullah AL DOSARI,Saudi Arabia,4,1,0,0,1,0,0,0,1,3,0,0,0.0,0.25
Adam MUSIAL,Poland,7,1,0,0,1,0,0,0,6,1,0,0,0.0,0.143
Adam ADAM,Kuwait,3,1,0,0,0,0,0,0,0,3,0,0,0.0,0.0
Adalbert ZAFIROV,Bulgaria,3,1,0,0,0,0,0,0,0,3,0,0,0.0,0.0
Adalbert STEINER,Romania,2,1,0,0,0,0,0,0,1,1,0,0,0.0,0.0
Abiodun BARUWA,Nigeria,4,1,0,0,0,0,0,0,0,4,0,0,0.0,0.0
Abel BALBO,Argentina,12,2,0,0,0,0,0,0,1,11,0,0,0.0,0.0
Abdulrahman AL HADDAD,United Arab Emirates,3,1,0,0,0,0,0,0,1,2,0,0,0.0,0.0
Abdullah ZUBROMAWI,Saudi Arabia,3,1,0,0,0,0,0,0,3,0,0,0,0.0,0.0
Abdullah SULTAN,United Arab Emirates,3,1,0,0,0,0,0,0,0,3,0,0,0.0,0.0
Abdullah MAYUF,Kuwait,3,1,0,0,0,0,0,0,3,0,0,0,0.0,0.0
Alberto QUINTANO,Chile,3,1,0,0,0,0,0,0,3,0,0,0,0.0,0.0
Alberto SORIA,Peru,2,1,0,0,0,0,0,0,1,1,0,0,0.0,0.0
AZPILICUETA,Spain,3,1,0,0,0,0,0,0,2,1,0,0,0.0,0.0
Alfonso SILVA,Spain,6,1,0,0,0,0,0,0,1,5,0,0,0.0,0.0
Ali FERGANI,Algeria,3,1,0,0,0,0,0,3,3,0,0,0,0.0,0.0
Ali EL KHATTABI,Morocco,3,1,0,0,0,0,0,0,0,3,0,0,0.0,0.0
Ali BOUMNIJEL,Tunisia,3,1,0,0,0,0,0,0,0,3,0,0,0.0,0.0
Ali BENCHEIKH,Algeria,3,1,0,0,0,0,0,0,0,3,0,0,0.0,0.0
Alfredo VASQUEZ,El Salvador,3,1,0,0,0,0,0,0,3,0,0,0,0.0,0.0
Alfredo TORRES,Mexico,2,1,0,0,0,0,0,0,2,0,0,0,0.0,0.0
Alfredo TENA,Mexico,3,1,0,0,0,0,0,0,2,1,0,0,0.0,0.0
Alfredo SANCHEZ,Mexico,3,1,0,0,0,0,0,0,3,0,0,0,0.0,0.0
Alfredo ROJAS,Argentina,7,2,0,0,0,0,0,0,1,6,0,0,0.0,0.0
Alfredo QUESADA,Peru,6,1,0,0,1,0,0,0,2,4,0,0,0.0,0.167
Alfredo PEREZ,Argentina,3,1,0,0,0,0,0,0,0,3,0,0,0.0,0.0
Alfredo MENDOZA,Paraguay,4,1,0,0,1,0,0,0,4,0,0,0,0.0,0.25
Alfredo HERNANDEZ,Mexico,6,2,0,0,0,0,0,0,2,4,0,0,0.0,0.0
Alfredo FONI,Italy,4,1,0,0,0,0,0,0,3,1,0,0,0.0,0.0
Alfredo DI STEFANO,Spain,3,1,0,0,0,0,0,0,0,3,0,0,0.0,0.0
Alfred TEINITZER,Austria,5,1,0,0,0,0,0,0,0,5,0,0,0.0,0.0
Alfred SCHMIDT,West Germany,6,1,0,0,0,0,0,0,2,4,0,0,0.0,0.0
Alfred PHIRI,South Africa,3,1,0,0,1,1,1,0,0,3,0,0,0.0,0.667
Alfred McMICHAEL,Northern Ireland,5,1,0,0,0,0,0,0,5,0,0,0,0.0,0.0
Alfred KELBASSA,West Germany,6,1,0,0,0,0,0,0,1,5,0,0,0.0,0.0
Alfred JAECK,Switzerland,2,1,0,0,0,0,0,0,1,1,0,0,0.0,0.0
Alfred HOERTNAGL,Austria,3,1,0,0,0,0,0,0,1,2,0,0,0.0,0.0
Alfred EISENBEISSER,Romania,2,1,0,0,0,0,0,0,2,0,0,0,0.0,0.0
Ali PARWIN,Iran,3,1,0,0,0,0,0,3,3,0,0,0,0.0,0.0
Ali Reza GHESHGHAIAN,Iran,3,1,0,0,0,0,0,0,0,3,0,0,0.0,0.0
Ali SHOJAEI,Iran,3,1,0,0,0,0,0,0,0,3,0,0,0.0,0.0
Allenby CHILTON,England,3,1,0,0,0,0,0,0,0,3,0,0,0.0,0.0
Americo GALLEGO,Argentina,12,2,0,0,2,1,1,0,11,1,0,0,0.0,0.25
Amedeo BIAVATI,Italy,4,1,0,0,0,0,0,0,3,1,0,0,0.0,0.0
Amedeo AMADEI,Italy,2,1,0,0,0,0,0,0,1,1,0,0,0.0,0.0
Amadeo ORTEGA,Paraguay,2,1,0,0,0,0,0,0,0,2,0,0,0.0,0.0
Amadeo CARRIZO,Argentina,3,1,0,0,0,0,0,0,3,0,0,0,0.0,0.0
Alvin MARTIN,England,5,1,0,0,1,0,0,0,1,4,0,0,0.0,0.2
Alvaro PENA,Bolivia,3,1,0,0,0,0,0,0,0,3,0,0,0.0,0.0
Alvaro GESTIDO,Uruguay,4,1,0,0,0,0,0,0,4,0,0,0,0.0,0.0
Alphonse YOMBI,Cameroon,5,1,0,0,0,0,0,0,0,5,0,0,0.0,0.0
Alloy AGU,Nigeria,4,1,0,0,0,0,0,0,0,4,0,0,0.0,0.0
Allan SIMONSEN,Denmark,4,1,0,0,0,0,0,0,0,4,0,0,0.0,0.0
Alim BEN MABROUK,Algeria,3,1,0,0,0,0,0,0,2,1,0,0,0.0,0.0
Allan MAHER,Australia,3,1,0,0,0,0,0,0,0,3,0,0,0.0,0.0
Allan EVANS,Scotland,3,1,0,0,0,0,0,0,1,2,0,0,0.0,0.0
Allan COSTLY,Honduras,3,1,0,0,0,0,0,0,3,0,0,0,0.0,0.0
Allan CLARKE,England,4,1,0,0,0,0,0,0,1,3,1,0,0.0,0.0
Allan BROWN,Scotland,2,1,0,0,0,0,0,0,2,0,0,0,0.0,0.0
Allan BOATH,New Zealand,3,1,0,0,0,0,0,0,3,0,0,0,0.0,0.0
Allal BEN KASSOU,Morocco,3,1,0,0,0,0,0,0,2,1,0,0,0.0,0.0
Aljosa ASANOVIC,Croatia,7,1,0,0,2,0,0,0,7,0,0,0,0.0,0.286
Alistair McCOIST,Scotland,3,1,0,0,0,0,0,0,1,2,0,0,0.0,0.0
Alioum BOUKAR,Cameroon,3,1,0,0,0,0,0,0,0,3,0,0,0.0,0.0
Alfred ASTON,France,3,2,0,0,0,0,0,0,3,0,0,0,0.0,0.0
Alfonso PORTUGAL,Mexico,3,1,0,0,0,0,0,0,1,2,0,0,0.0,0.0
Alberto VALENTINI,Chile,3,1,0,0,0,0,0,0,2,1,0,0,0.0,0.0
Alfonso PEREIRA,Uruguay,4,1,0,0,0,0,0,0,2,2,0,0,0.0,0.0
Alessandro DEL PIERO,Italy,5,1,0,0,1,0,0,0,3,2,0,0,0.0,0.2
Alessandro COSTACURTA,Italy,5,1,0,0,2,0,0,0,5,0,0,0,0.0,0.4
Alen BOKSIC,Yugoslavia,5,1,0,0,0,0,0,0,0,5,0,0,0.0,0.0
Aleksandr UVAROV,Soviet Union,3,1,0,0,0,0,0,0,2,1,0,0,0.0,0.0
Aleksandr MOSTOVOI,Russia,3,1,0,0,0,0,0,0,1,2,0,0,0.0,0.0
Aleksandr BUBNOV,Soviet Union,4,1,0,0,0,0,0,0,1,3,0,0,0.0,0.0
Aleksandr BORODYUK,Soviet Union,6,2,0,0,0,0,0,0,1,5,0,0,0.0,0.0
Aleksandar SHALAMANOV,Bulgaria,6,2,0,0,0,0,0,1,4,2,0,0,0.0,0.0
Aleksandar MARKOV,Bulgaria,4,1,0,0,1,0,0,0,2,2,0,0,0.0,0.25
Aleksandar KOSTOV,Bulgaria,6,2,0,0,0,0,0,0,2,4,0,0,0.0,0.0
Aleksandar IVOS,Yugoslavia,6,1,0,0,0,0,0,0,0,6,0,0,0.0,0.0
Aleksandar ATANACKOVIC,Yugoslavia,3,1,0,0,0,0,0,0,0,3,0,0,0.0,0.0
Alekos ALEXANDRIS,Greece,3,1,0,0,0,0,0,0,1,2,0,0,0.0,0.0
Alejandro VILLANUEVA,Peru,2,1,0,0,0,0,0,0,2,0,0,0,0.0,0.0
Alejandro MANCUSO,Argentina,4,1,0,0,0,0,0,0,0,4,0,0,0.0,0.0
Alejandro DOMINGUEZ,Mexico,5,1,0,0,0,0,0,0,0,5,0,0,0.0,0.0
Aldo POY,Argentina,6,1,0,0,0,0,0,0,0,6,0,0,0.0,0.0
Aldo OLIVIERI,Italy,4,1,0,0,0,0,0,0,4,0,0,0,0.0,0.0
Aldo MALDERA,Italy,7,1,0,0,0,0,0,0,1,6,0,0,0.0,0.0
Aldo DONATI,Italy,4,1,0,0,0,0,0,0,0,4,0,0,0.0,0.0
Aldo CAMPATELLI,Italy,2,1,0,0,0,0,0,0,1,1,0,0,0.0,0.0
Albin KITZINGER,Germany,2,1,0,0,0,0,0,0,1,1,0,0,0.0,0.0
Alberto VILLALTA,El Salvador,3,1,0,0,0,0,0,0,0,3,0,0,0.0,0.0
Alessandro FRIGERIO,Switzerland,3,1,0,0,0,0,0,0,0,3,0,0,0.0,0.0
Alessandro NESTA,Italy,5,1,0,0,0,0,0,0,3,2,0,0,0.0,0.0
Alex McLEISH,Scotland,9,3,0,0,0,0,0,0,4,5,0,0,0.0,0.0
Alexis ALEXIOU,Greece,3,1,0,0,0,0,0,0,1,2,0,0,0.0,0.0
Alfonso MONTEMAYOR,Mexico,3,1,0,0,0,0,0,1,1,2,0,0,0.0,0.0
Alfonso LARA,Chile,3,1,0,0,0,0,0,0,0,3,0,0,0.0,0.0
Alfonso DOMINGUEZ,Uruguay,4,1,0,0,0,0,0,0,4,0,0,0,0.0,0.0
Alfonse PEETERS,Belgium,3,1,0,0,0,0,0,0,0,3,0,0,0.0,0.0
Alfons VAN BRANDT,Belgium,2,1,0,0,0,0,0,0,2,0,0,0,0.0,0.0
Alf RAMSEY,England,3,1,0,0,0,0,0,0,3,0,0,0,0.0,0.0
Alf HALAND,Norway,3,1,0,0,2,0,0,0,2,1,0,0,0.0,0.667
Alexis MENDOZA,Colombia,7,2,0,0,0,0,0,0,1,6,0,0,0.0,0.0
Alexis CHANTRAINE,Belgium,2,1,0,0,0,0,0,0,0,2,0,0,0.0,0.0
Alexis ALEXOUDIS,Greece,3,1,0,0,1,0,0,0,1,2,0,0,0.0,0.333
Alexi LALAS,USA,3,1,0,0,0,0,0,0,0,3,0,0,0.0,0.0
Alex PARKER,Scotland,3,1,0,0,0,0,0,0,1,2,0,0,0.0,0.0
Alexey KORNEEV,Soviet Union,6,1,0,0,0,0,0,0,2,4,0,0,0.0,0.0
Alexandre GUIMARAES,Costa Rica,4,1,0,0,0,0,0,0,0,4,0,0,0.0,0.0
Alexander WOOD,USA,3,1,0,0,0,0,0,0,3,0,0,0,0.0,0.0
Alexander VENCEL,Czechoslovakia,3,1,0,0,0,0,0,0,1,2,0,0,0.0,0.0
Alexander HORVATH,Czechoslovakia,3,1,0,0,1,0,0,2,2,1,0,0,0.0,0.333
Alex WILSON,Scotland,2,1,0,0,0,0,0,0,0,2,0,0,0.0,0.0
Alex VILLAPLANE,France,3,1,0,0,0,0,0,3,3,0,0,0,0.0,0.0
Alex THEPOT,France,4,2,0,0,0,0,0,1,4,0,0,0,0.0,0.0
Alex STEPNEY,England,4,1,0,0,0,0,0,0,0,4,0,0,0.0,0.0
Alex SCOTT,Scotland,3,1,0,0,0,0,0,0,0,3,0,0,0.0,0.0
AZZOUZI,Morocco,3,1,0,0,1,0,0,0,3,0,0,0,0.0,0.333
AZOFEIFA R.,Costa Rica,3,1,0,0,0,0,0,0,0,3,0,0,0.0,0.0
Braulio MUSSO,Chile,6,1,0,0,0,0,0,0,0,6,0,0,0.0,0.0
ABDOUN,Algeria,3,1,0,0,0,0,0,0,0,3,0,0,0.0,0.0
ADIYIAH,Ghana,5,1,0,0,0,0,0,0,0,5,0,0,0.0,0.0
ADEPOJU,Nigeria,7,2,0,0,1,0,0,0,0,7,0,0,0.0,0.143
ADEMIR DA GUIA,Brazil,7,1,0,0,0,0,0,0,1,6,0,0,0.0,0.0
ADELEYE,Nigeria,3,1,0,0,0,0,0,0,0,3,0,0,0.0,0.0
ADEBAYOR,Togo,3,1,0,0,1,0,0,0,3,0,0,0,0.0,0.333
ADDY,Ghana,5,1,0,0,1,0,0,0,1,4,0,0,0.0,0.2
ADAOZINHO,Brazil,6,1,0,0,0,0,0,0,0,6,0,0,0.0,0.0
ACUNA,Paraguay,8,2,0,0,1,1,1,0,7,1,0,0,0.0,0.25
ACUA,Chile,7,2,0,0,2,0,0,0,7,0,0,0,0.0,0.286
ACQUAH,Ghana,3,1,0,0,0,0,0,0,0,3,0,0,0.0,0.0
ACOSTA J.,Costa Rica,5,1,0,0,1,0,0,0,1,4,0,0,0.0,0.2
ACHILIER,Ecuador,3,1,0,0,0,0,0,0,0,3,0,0,0.0,0.0
ACEVAL,Paraguay,4,1,0,0,0,0,0,0,0,4,0,0,0.0,0.0
ACACIO,Brazil,4,1,0,0,0,0,0,0,0,4,0,0,0.0,0.0
ABOUBAKAR,Cameroon,6,2,0,0,0,0,0,0,2,4,0,0,0.0,0.0
ABIDAL,France,10,2,0,0,3,0,0,0,8,2,0,0,0.0,0.3
ABELARDO,Spain,8,2,0,0,2,0,0,0,6,2,0,0,0.0,0.25
ABEL XAVIER,Portugal,3,1,0,0,0,0,0,0,0,3,0,0,0.0,0.0
ABEL,Brazil,7,1,0,0,0,0,0,0,0,7,0,0,0.0,0.0
ABE,Japan,4,1,0,0,1,0,0,0,4,0,0,0,0.0,0.25
ABDULLAH MUSA,United Arab Emirates,3,1,0,0,0,0,0,0,0,3,0,0,0.0,0.0
ABDULLAH,Turkey,7,1,0,0,0,0,0,0,0,7,0,0,0.0,0.0
ABDULAZIZ MOHAMED,United Arab Emirates,3,1,0,0,0,0,0,0,0,3,0,0,0.0,0.0
ADJEI,Ghana,4,1,0,0,0,0,0,0,0,4,0,0,0.0,0.0
ADNAN AL TALYANI,United Arab Emirates,3,1,0,0,0,0,0,0,3,0,0,0,0.0,0.0
ADO,Brazil,6,1,0,0,0,0,0,0,0,6,0,0,0.0,0.0
AGUINAGA,Ecuador,3,1,0,0,0,0,0,1,1,2,0,0,0.0,0.0
AKOTO,Togo,3,1,0,0,0,0,0,0,0,3,0,0,0.0,0.0
AKITA,Japan,4,1,0,0,0,0,0,0,0,4,0,0,0.0,0.0
AKINFEEV,Russia,3,1,0,0,0,0,0,0,3,0,0,0,0.0,0.0
AKALE,Cte d'Ivoire,3,1,0,0,0,0,0,0,2,1,0,0,0.0,0.0
AIYENUGBA,Nigeria,3,1,0,0,0,0,0,0,0,3,0,0,0.0,0.0
AIROSA,Angola,3,1,0,0,0,0,0,0,0,3,0,0,0.0,0.0
AIMAR,Argentina,8,2,0,0,0,0,0,0,1,7,0,0,0.0,0.0
AHORLU,Ghana,5,1,0,0,0,0,0,0,0,5,0,0,0.0,0.0
AHMAD,Iran,3,1,0,0,0,0,0,0,0,3,0,0,0.0,0.0
AGYEI,Ghana,5,1,0,0,0,0,0,0,0,5,0,0,0.0,0.0
AGUILERA,Spain,3,1,0,0,1,0,0,0,2,1,0,0,0.0,0.333
ADOMAH,Ghana,3,1,0,0,0,0,0,0,0,3,0,0,0.0,0.0
AGUILAR T.,Colombia,5,1,0,0,0,0,0,0,3,2,0,0,0.0,0.0
AGUERO,Argentina,7,1,0,0,1,0,0,0,3,4,0,0,0.0,0.143
AGOOS,USA,5,1,0,1,1,0,0,0,3,2,0,0,0.0,0.2
AGGER,Denmark,3,1,0,1,0,0,0,0,3,0,0,0,0.0,0.0
AGBOH,Togo,3,1,0,0,0,0,0,0,1,2,0,0,0.0,0.0
AGBIM,Nigeria,4,1,0,0,0,0,0,0,0,4,0,0,0.0,0.0
AGASSA,Togo,3,1,0,0,0,0,0,0,3,0,0,0,0.0,0.0
AFONSINHO,Brazil,5,1,0,0,0,0,0,0,4,1,0,0,0.0,0.0
AFOLABI,Nigeria,6,2,0,0,0,0,0,0,1,5,0,0,0.0,0.0
AFELLAY,Netherlands,7,1,0,0,0,0,0,0,0,7,0,0,0.0,0.0
ABDUL RAHIM,Iraq,3,1,0,0,0,0,0,0,0,3,0,0,0.0,0.0
ABBONDANZIERI,Argentina,5,1,0,0,0,0,0,0,5,0,0,0,0.0,0.0
AKW,Angola,3,1,0,0,0,0,0,3,3,0,0,0,0.0,0.0
ABBIATI,Italy,4,1,0,0,0,0,0,0,0,4,0,0,0.0,0.0
A. M. NDIAYE,Senegal,5,1,0,0,0,0,0,0,0,5,0,0,0.0,0.0
A. LOPEZ,Spain,4,1,0,0,0,0,0,0,1,3,0,0,0.0,0.0
A. LATIFI,Iran,3,1,0,0,0,0,0,0,0,3,0,0,0.0,0.0
A. KELLY,Ireland,4,1,0,0,0,0,0,0,0,4,0,0,0.0,0.0
A. JOHN,Trinidad and Tobago,3,1,0,0,2,1,1,0,2,1,0,0,0.0,1.0
A. INIESTA,Spain,7,2,0,0,0,0,0,0,4,3,0,0,0.0,0.0
A. HERNANDEZ,Uruguay,4,1,0,0,0,0,0,0,0,4,0,0,0.0,0.0
A. HAGHIGHI,Iran,3,1,0,0,0,0,0,0,3,0,0,0,0.0,0.0
A. GONZALEZ,Uruguay,4,1,0,0,0,0,0,0,3,1,0,0,0.0,0.0
A. GARCIA ASPE,Mexico,4,1,0,0,1,0,0,0,0,4,0,0,0.0,0.25
A. FERNANDEZ,Uruguay,14,2,0,0,0,0,0,0,1,13,0,0,0.0,0.0
A. DIARRA,France,3,1,0,0,0,0,0,1,1,2,0,0,0.0,0.0
A. DAEI,Iran,3,1,0,0,1,0,0,0,3,0,0,0,0.0,0.333
A. CRUZ,Brazil,7,1,0,0,0,0,0,0,0,7,0,0,0.0,0.0
A. CHOL HYOK,North Korea,3,1,0,0,0,0,0,0,0,3,0,0,0.0,0.0
A. BALANTA,Colombia,5,1,0,0,0,0,0,0,1,4,0,0,0.0,0.0
A. BAK,Poland,3,1,0,0,1,0,0,0,0,3,0,0,0.0,0.333
A. ALMEIDA,Portugal,3,1,0,0,0,0,0,0,1,2,0,0,0.0,0.0
A. AL-GANOUBI,Saudi Arabia,3,1,0,0,0,0,0,0,0,3,0,0,0.0,0.0
A. AL-DOSSARY,Saudi Arabia,3,1,0,0,0,0,0,0,0,3,0,0,0.0,0.0
A MEDINA,Mexico,4,1,0,0,0,0,0,0,0,4,0,0,0.0,0.0
A GUARDADO,Mexico,4,1,0,0,0,0,0,0,2,2,0,0,0.0,0.0
A COLE,England,14,3,0,0,1,0,0,0,14,0,0,0,0.0,0.071
A. MADANI,Saudi Arabia,7,2,0,0,1,0,0,0,4,3,0,0,0.0,0.143
A. MEJIA,Colombia,5,1,0,0,0,0,0,0,1,4,0,0,0.0,0.0
A. MOKOENA,South Africa,3,1,0,0,2,0,0,0,3,0,0,0,0.0,0.667
A. ZUBROMAWI,Saudi Arabia,4,1,0,0,0,0,0,0,2,2,0,0,0.0,0.0
ABATE,Italy,3,1,0,0,0,0,0,0,1,2,0,0,0.0,0.0
ABANDA,Cameroon,3,1,0,0,0,0,0,0,0,3,0,0,0.0,0.0
ABALO,Togo,3,1,0,0,2,1,1,2,2,1,0,0,0.0,1.0
A.SADEGHI,Iran,3,1,0,0,0,0,0,0,0,3,0,0,0.0,0.0
A.RECOBA,Uruguay,3,1,0,0,0,0,0,0,3,0,1,0,0.0,0.0
A.LEMBO,Uruguay,3,1,0,0,0,0,0,0,2,1,0,0,0.0,0.0
A.KARIMI,Iran,3,1,0,0,0,0,0,0,2,1,0,0,0.0,0.0
A.DAEI,Iran,3,1,0,0,0,0,0,2,2,1,0,0,0.0,0.0
A.BORHANI,Iran,3,1,0,0,0,0,0,0,0,3,0,0,0.0,0.0
A.A. OSTAD ASADI,Iran,3,1,0,0,0,0,0,0,0,3,0,0,0.0,0.0
A. YONG HAK,North Korea,3,1,0,0,0,0,0,0,3,0,0,0,0.0,0.0
A. PEREIRA,Uruguay,4,1,0,0,0,0,0,0,3,1,0,0,0.0,0.0
A. VALENCIA,Ecuador,7,2,0,0,3,1,1,3,7,0,0,0,0.0,0.571
A. TOURE,Togo,3,1,0,0,0,0,0,0,1,2,0,0,0.0,0.0
A. TALAVERA,Mexico,4,1,0,0,0,0,0,0,0,4,0,0,0.0,0.0
A. SVENSSON,Sweden,4,1,0,0,0,0,0,0,1,3,0,0,0.0,0.0
A. SONG,Cameroon,3,1,0,0,0,0,0,0,1,2,0,0,0.0,0.0
A. ROJAS,Paraguay,4,1,0,0,1,0,0,0,1,3,0,0,0.0,0.25
A. RODRIGUEZ,Mexico,4,1,0,0,0,0,0,0,0,4,0,0,0.0,0.0
A. R. MANSOURIAN,Iran,3,1,0,0,0,0,0,0,0,3,0,0,0.0,0.0
A. R. ABEDZADEH,Iran,3,1,0,0,0,0,0,2,2,1,0,0,0.0,0.0
A. PULIDO,Mexico,4,1,0,0,0,0,0,0,0,4,0,0,0.0,0.0
AKPA JD,Cte d'Ivoire,3,1,0,0,0,0,0,0,0,3,0,0,0.0,0.0
AKWUEGBU,Nigeria,3,1,0,0,0,0,0,0,1,2,0,0,0.0,0.0
AZIZ,Saudi Arabia,3,1,0,0,0,0,0,0,3,0,0,0,0.0,0.0
AMELIA,Italy,7,1,0,0,0,0,0,0,0,7,0,0,0.0,0.0
ANTUNEZ,Spain,6,1,0,0,0,0,0,0,1,5,0,0,0.0,0.0
ANTONIO SOUSA,Portugal,3,1,0,0,0,0,0,0,3,0,0,0,0.0,0.0
ANTONELIUS,Sweden,4,1,0,0,0,0,0,0,0,4,0,0,0.0,0.0
ANNAN,Ghana,5,1,0,0,1,0,0,0,5,0,0,0,0.0,0.2
ANGOUA,Cte d'Ivoire,3,1,0,0,0,0,0,0,0,3,0,0,0.0,0.0
ANGIBEAUD,Cameroon,3,1,0,0,1,0,0,0,2,1,0,0,0.0,0.333
ANELKA,France,3,1,0,0,0,0,0,0,2,1,0,0,0.0,0.0
ANDUJAR,Argentina,12,2,0,0,0,0,0,0,0,12,0,0,0.0,0.0
ANDRINUA,Spain,4,1,0,0,0,0,0,0,4,0,0,0,0.0,0.0
ANDREWS,Trinidad and Tobago,3,1,0,0,0,0,0,0,0,3,0,0,0.0,0.0
ANDRE,Portugal,3,1,0,0,0,0,0,0,2,1,0,0,0.0,0.0
ANDRANIK,Iran,3,1,0,0,1,0,0,0,3,0,0,0,0.0,0.333
ANDR MACANGA,Angola,3,1,0,0,3,1,1,0,2,1,0,0,0.0,1.333
ANDERSSON,Sweden,8,2,0,0,0,0,0,0,0,16,0,0,0.0,0.0
ANDERSON,Brazil,7,1,0,0,0,0,0,0,2,5,0,0,0.0,0.0
ANDERSEN,Denmark,3,1,0,0,0,0,0,0,0,3,0,0,0.0,0.0
ANDERANIK T.,Iran,3,1,0,0,1,0,0,0,3,0,0,0,0.0,0.333
AN Se Bok,North Korea,4,1,0,0,0,0,0,0,0,4,0,0,0.0,0.0
AN Ik Soo,South Korea,3,1,0,0,0,0,0,0,0,3,0,0,0.0,0.0
AMOR,Spain,3,1,0,0,1,0,0,0,2,1,0,0,0.0,0.333
AMOAH,Ghana,9,2,0,0,0,0,0,0,4,5,0,0,0.0,0.0
AMIRHOSSEIN,Iran,3,1,0,0,0,0,0,0,3,0,0,0,0.0,0.0
AMERICO,Portugal,6,1,0,0,0,0,0,0,0,6,0,0,0.0,0.0
AOGO,Germany,7,1,0,0,1,0,0,0,1,6,0,0,0.0,0.143
AOYAMA,Japan,3,1,0,0,0,0,0,0,1,2,0,0,0.0,0.0
AQUILANI,Italy,3,1,0,0,0,0,0,0,0,3,0,0,0.0,0.0
ASPRILLA,Colombia,6,2,0,0,0,0,0,0,4,2,0,0,0.0,0.0
AZIAWONOU,Togo,3,1,0,0,1,0,0,0,1,2,0,0,0.0,0.333
AZEEZ,Nigeria,4,1,0,0,0,0,0,0,1,3,0,0,0.0,0.0
AYILA,Nigeria,3,1,0,0,1,0,0,0,1,2,0,0,0.0,0.333
AYARI,Tunisia,3,1,0,0,1,0,0,0,2,1,0,0,0.0,0.333
AVDUKI?,Bosnia and Herzegovina,3,1,0,0,0,0,0,0,0,3,0,0,0.0,0.0
AUGUSTO,Brazil,6,1,0,0,0,0,0,6,6,0,0,0,0.0,0.0
ATSU,Ghana,3,1,0,0,0,0,0,0,3,0,0,0,0.0,0.0
ATSOU,Togo,3,1,0,0,0,0,0,0,0,3,0,0,0.0,0.0
ASSOU EKOTTO,Cameroon,6,2,0,0,0,0,0,0,5,1,0,0,0.0,0.0
ASSEMOASSA,Togo,3,1,0,0,0,0,0,0,1,2,0,0,0.0,0.0
ASENCIO,Ecuador,3,1,0,0,0,0,0,0,0,3,0,0,0.0,0.0
ARAKEN,Brazil,2,1,0,0,0,0,0,0,1,1,0,0,0.0,0.0
ARROYO,Ecuador,3,1,0,0,0,0,0,0,1,2,0,0,0.0,0.0
ARISTIZABAL,Colombia,3,1,0,0,1,0,0,0,1,2,0,0,0.0,0.333
ARIF ERDEM,Turkey,7,1,0,0,0,0,0,0,0,7,0,0,0.0,0.0
ARIAS,Colombia,5,1,0,0,0,0,0,0,1,4,0,0,0.0,0.0
ARGEMIRO,Brazil,5,1,0,0,0,0,0,0,1,4,0,0,0.0,0.0
AREVALO RIOS,Uruguay,7,1,0,0,1,0,0,0,7,0,0,0,0.0,0.143
ARENDSE,South Africa,3,1,0,0,0,0,0,0,3,0,0,0,0.0,0.0
ARCE,Paraguay,4,1,0,0,2,0,0,0,3,1,0,0,0.0,0.5
ARBELOA,Spain,7,1,0,0,0,0,0,0,0,7,0,0,0.0,0.0
ARANZABAL,Spain,3,1,0,0,0,0,0,0,0,3,0,0,0.0,0.0
AMEOBI,Nigeria,4,1,0,0,0,0,0,0,0,4,0,0,0.0,0.0
AMEEN,Saudi Arabia,3,1,0,0,0,0,0,0,1,2,0,0,0.0,0.0
AL HASAN A.H.,Saudi Arabia,3,1,0,0,1,0,0,0,2,1,0,0,0.0,0.333
AMDY FAYE,Senegal,5,1,0,0,0,0,0,0,1,4,0,0,0.0,0.0
ALFREDO RAMOS,Brazil,3,1,0,0,0,0,0,0,0,3,0,0,0.0,0.0
ALFREDO,Brazil,7,1,0,0,0,0,0,0,1,6,0,0,0.0,0.0
ALFONSO,Spain,3,1,0,0,0,0,0,0,2,1,0,0,0.0,0.0
ALFARO W.,Costa Rica,3,1,0,0,0,0,0,0,0,3,0,0,0.0,0.0
ALEXANDRE BAPTISTA,Portugal,6,1,0,0,0,0,0,0,5,1,0,0,0.0,0.0
ALEX,Japan,7,2,0,0,1,0,0,0,4,3,0,0,0.0,0.143
ALENICHEV,Russia,3,1,0,0,2,0,0,0,1,2,0,0,0.0,0.667
ALEMAO,Brazil,9,2,0,0,0,0,0,0,9,0,0,0,0.0,0.0
ALDERWEIRELD,Belgium,5,1,0,0,2,0,0,0,4,1,0,0,0.0,0.4
ALDEAYEA,Saudi Arabia,6,2,0,0,0,0,0,2,3,3,0,0,0.0,0.0
ALDAIR,Brazil,18,3,0,0,3,0,0,0,12,6,0,0,0.0,0.167
ALCINDO,Brazil,3,1,0,0,0,0,0,0,2,1,0,0,0.0,0.0
ALBRIGHT,USA,3,1,0,0,0,0,0,0,0,3,0,0,0.0,0.0
ALBORNOZ,Chile,4,1,0,0,0,0,0,0,0,4,0,0,0.0,0.0
ALBISHI,Saudi Arabia,2,1,0,0,0,0,0,0,0,2,0,0,0.0,0.0
ALBERTINI,Italy,7,1,0,0,3,0,0,0,7,0,0,0,0.0,0.429
ALBELDA,Spain,9,2,0,0,1,0,0,0,2,7,0,0,0.0,0.111
ALBAHRI,Saudi Arabia,3,1,0,0,0,0,0,0,0,3,0,0,0.0,0.0
AL-SADIG,Saudi Arabia,3,1,0,0,0,0,0,0,0,3,0,0,0.0,0.0
AL-DEAYEA,Saudi Arabia,4,1,0,0,1,0,0,0,4,0,0,0,0.0,0.25
AL-DAYEA,Saudi Arabia,3,1,0,0,0,0,0,0,3,0,0,0,0.0,0.0
AL-ANTAIF,Saudi Arabia,3,1,0,0,0,0,0,0,0,3,0,0,0.0,0.0
AL ROUBAI GHANIM,Iraq,3,1,0,0,0,0,0,0,3,0,0,0,0.0,0.0
ALHASSAN,Ghana,4,1,0,0,1,0,0,0,3,1,0,0,0.0,0.25
ALI JAMAL,Iraq,3,1,0,0,0,0,0,0,0,3,0,0,0.0,0.0
ALIOUMBOUKAR,Cameroon,3,1,0,0,0,0,0,0,3,0,0,0,0.0,0.0
ALSHLHOUB,Saudi Arabia,3,1,0,0,0,0,0,0,0,3,0,0,0.0,0.0
AMBROSE,Nigeria,4,1,0,0,0,0,0,0,4,0,0,0,0.0,0.0
AMARAL,Brazil,7,1,0,0,0,0,0,0,7,0,0,0,0.0,0.0
ALWAKED,Saudi Arabia,3,1,0,0,0,0,0,0,2,1,0,0,0.0,0.0
ALVBGE,Sweden,4,1,0,0,0,0,0,0,0,4,0,0,0.0,0.0
ALVARO,Portugal,3,1,0,0,0,0,0,0,3,0,0,0,0.0,0.0
ALVAREZ,Honduras,10,2,0,0,0,0,0,0,2,8,0,0,0.0,0.0
ALVARENGA,Paraguay,4,1,0,0,0,0,0,0,2,2,0,0,0.0,0.0
ALTIDORE,USA,8,2,0,0,1,0,0,0,5,3,0,0,0.0,0.125
ALTHAGAFI,Saudi Arabia,3,1,0,0,0,0,0,0,0,3,0,0,0.0,0.0
ALTAIR,Brazil,9,2,0,0,0,0,0,0,2,7,0,0,0.0,0.0
ALSHALHOUB,Saudi Arabia,3,1,0,0,0,0,0,0,0,3,0,0,0.0,0.0
ALIREZA,Iran,3,1,0,0,0,0,0,0,0,3,0,0,0.0,0.0
ALSHAHRANI,Saudi Arabia,2,1,0,0,0,0,0,0,1,1,0,0,0.0,0.0
ALPAY,Turkey,7,1,0,0,2,1,1,0,5,2,0,0,0.0,0.429
ALOWAIRAN,Saudi Arabia,3,1,0,0,0,0,0,0,2,1,0,0,0.0,0.0
ALNOUDJI,Cameroon,3,1,0,0,0,0,0,0,0,3,0,0,0.0,0.0
ALMONTASHARI,Saudi Arabia,3,1,0,0,0,0,0,0,3,0,0,0,0.0,0.0
ALMEYDA,Argentina,3,1,0,0,1,0,0,0,1,2,0,0,0.0,0.333
ALLBACK,Sweden,4,1,0,0,1,0,0,0,4,0,0,0,0.0,0.25
ALKORTA M.,Spain,12,3,0,0,0,0,0,0,7,5,0,0,0.0,0.0
ALKHATHRAN,Saudi Arabia,3,1,0,0,0,0,0,0,1,2,0,0,0.0,0.0
ALJAHANI,Saudi Arabia,3,1,0,0,0,0,0,0,2,1,0,0,0.0,0.0
Anatoli DEMYANENKO,Soviet Union,12,3,0,0,0,0,0,4,9,3,0,0,0.0,0.0
Anatoli MASLYONKIN,Soviet Union,9,2,0,0,0,0,0,0,4,5,0,0,0.0,0.0
Anatoli NANKOV,Bulgaria,3,1,0,0,2,1,1,0,2,1,0,0,0.0,1.0
BOKSIC,Croatia,3,1,0,0,0,0,0,0,3,0,0,0,0.0,0.0
BOUGUERRA,Algeria,4,1,0,0,1,0,0,2,2,2,0,0,0.0,0.25
BOUGHERRA,Algeria,3,1,0,0,0,0,0,0,3,0,0,0,0.0,0.0
BOUDEBOUZ,Algeria,3,1,0,0,0,0,0,0,1,2,0,0,0.0,0.0
BOUAZIZI,Tunisia,5,2,0,0,2,0,0,3,5,0,0,0,0.0,0.4
BOSSUT,Belgium,5,1,0,0,0,0,0,0,0,5,0,0,0.0,0.0
BOSNJAK,Croatia,3,1,0,0,0,0,0,0,0,3,0,0,0.0,0.0
BOSCHKER,Netherlands,7,1,0,0,0,0,0,0,0,7,0,0,0.0,0.0
BORUC,Poland,3,1,0,0,2,0,0,0,3,0,0,0,0.0,0.667
BOROWSKI,Germany,7,1,0,0,2,0,0,0,2,5,0,0,0.0,0.286
BORNSTEIN,USA,4,1,0,0,0,0,0,0,2,2,0,0,0.0,0.0
BORKELMANS,Belgium,4,1,0,0,1,0,0,0,1,3,0,0,0.0,0.25
BORGES C.,Costa Rica,5,1,0,0,0,0,0,0,5,0,0,0,0.0,0.0
BOOTH,South Africa,3,1,0,0,0,0,0,0,0,3,0,0,0.0,0.0
BONUCCI,Italy,6,2,0,0,0,0,0,0,1,5,0,0,0.0,0.0
BONIEK,Honduras,3,1,0,0,1,0,0,0,2,1,0,0,0.0,0.333
BONG,Cameroon,3,1,0,0,0,0,0,0,1,2,0,0,0.0,0.0
BONET,Paraguay,12,3,0,0,0,0,0,0,6,6,0,0,0.0,0.0
BONE,Ecuador,3,1,0,0,0,0,0,0,0,3,0,0,0.0,0.0
BONANO,Argentina,3,1,0,0,0,0,0,0,0,3,0,0,0.0,0.0
BOLLY,Cte d'Ivoire,3,1,0,0,0,0,0,0,0,3,0,0,0.0,0.0
BOLATTI,Argentina,5,1,0,0,1,0,0,0,1,4,0,0,0.0,0.2
BOLAOS C.,Costa Rica,8,2,0,0,0,0,0,0,5,3,0,0,0.0,0.0
BOLAO,Colombia,3,1,0,0,0,0,0,0,0,3,0,0,0.0,0.0
BOULAHROUZ,Netherlands,11,2,0,0,4,1,1,0,4,7,0,0,0.0,0.455
BOUMNIJEL,Tunisia,6,2,0,0,0,0,0,0,6,0,0,0,0.0,0.0
BOUMSONG,France,7,1,0,0,0,0,0,0,0,7,0,0,0.0,0.0
BRITO,Brazil,9,2,0,0,0,0,0,0,7,2,0,0,0.0,0.0
BUDDLE,USA,4,1,0,0,0,0,0,0,0,4,0,0,0.0,0.0
BUCKLEY,South Africa,3,1,0,0,0,0,0,0,0,3,0,0,0.0,0.0
BRYCE,Costa Rica,3,1,0,0,0,0,0,0,0,3,0,0,0.0,0.0
BROZOVI?,Croatia,3,1,0,0,0,0,0,0,0,3,0,0,0.0,0.0
BROZEK,Poland,3,1,0,0,0,0,0,0,0,3,0,0,0.0,0.0
BROWN,England,8,2,0,0,0,0,0,0,0,8,0,0,0.0,0.0
BROCKIE,New Zealand,3,1,0,0,0,0,0,0,0,3,0,0,0.0,0.0
BRKI,Switzerland,4,1,0,0,0,0,0,0,0,4,0,0,0.0,0.0
BRIZUELA,Paraguay,4,1,0,0,0,0,0,0,1,3,0,0,0.0,0.0
BRITTO,Brazil,5,1,0,0,0,0,0,0,1,4,0,0,0.0,0.0
BRILHANTE,Brazil,2,1,0,0,0,0,0,0,1,1,0,0,0.0,0.0
BOYE,Ghana,3,1,0,1,0,0,0,0,3,0,0,0,0.0,0.0
BRIDGE,England,10,2,0,0,0,0,0,0,0,10,0,0,0.0,0.0
BRESCIANO,Australia,10,3,0,0,0,0,0,0,6,4,0,0,0.0,0.0
BRENES R.,Costa Rica,5,1,0,0,0,0,0,0,1,4,0,0,0.0,0.0
BRE?KO,Slovenia,3,1,0,0,0,0,0,0,3,0,0,0,0.0,0.0
BRAVO,Chile,4,1,0,0,0,0,0,4,4,0,0,0,0.0,0.0
BRANDAOZINHO,Brazil,3,1,0,0,0,0,0,0,3,0,0,0,0.0,0.0
BRANDAO,Brazil,5,1,0,0,0,0,0,0,2,3,0,0,0.0,0.0
BRAAFHEID,Netherlands,7,1,0,0,0,0,0,0,0,7,0,0,0.0,0.0
BOZANIC,Australia,3,1,0,0,0,0,0,0,1,2,0,0,0.0,0.0
BOYENS,New Zealand,3,1,0,0,0,0,0,0,0,3,0,0,0.0,0.0
BOKYUNG,South Korea,4,1,0,0,0,0,0,0,0,4,0,0,0.0,0.0
BOKA,Cte d'Ivoire,9,3,0,0,1,0,0,0,7,2,0,0,0.0,0.111
BULAJIC,Slovenia,3,1,0,0,0,0,0,0,1,2,0,0,0.0,0.0
BOGHOSSIAN,France,3,1,0,0,0,0,0,0,0,3,0,0,0.0,0.0
BENVENUTTO,Brazil,2,1,0,0,0,0,0,0,0,2,0,0,0.0,0.0
BENTO,Portugal,3,1,0,0,0,0,0,1,1,2,0,0,0.0,0.0
BENTALEB,Algeria,4,1,0,0,1,0,0,0,3,1,0,0,0.0,0.25
BENITEZ,Paraguay,5,1,0,0,0,0,0,0,1,4,0,0,0.0,0.0
BENGTSON,Honduras,3,1,0,0,1,0,0,0,3,0,0,0,0.0,0.333
BENEDICTO,Brazil,2,1,0,0,0,0,0,0,1,1,0,0,0.0,0.0
BENAGLIO,Switzerland,11,3,0,0,1,0,0,0,7,4,0,0,0.0,0.091
BEN SLIMANE,Tunisia,3,1,0,0,0,0,0,0,3,0,0,0,0.0,0.0
BEN SAADA,Tunisia,3,1,0,0,0,0,0,0,0,3,0,0,0.0,0.0
BEN ACHOUR,Tunisia,3,1,0,0,0,0,0,0,3,0,0,0,0.0,0.0
BELLINI,Brazil,15,3,0,0,0,0,0,8,8,7,0,0,0.0,0.0
BELLETTI,Brazil,7,1,0,0,0,0,0,0,0,7,0,0,0.0,0.0
BELLAID,Algeria,3,1,0,0,0,0,0,0,0,3,0,0,0.0,0.0
BELKALEM,Algeria,4,1,0,0,0,0,0,0,2,2,0,0,0.0,0.0
BELIK,Ukraine,5,1,0,0,0,0,0,0,0,5,0,0,0.0,0.0
BELHADJ,Algeria,3,1,0,0,0,0,0,0,3,0,0,0,0.0,0.0
BEJAOUI,Tunisia,3,1,0,0,0,0,0,0,0,3,0,0,0.0,0.0
BEITASHOUR,Iran,3,1,0,0,0,0,0,0,0,3,0,0,0.0,0.0
BEIKZADEH,Iran,3,1,0,0,0,0,0,0,0,3,0,0,0.0,0.0
BEI?,Bosnia and Herzegovina,3,1,0,0,1,0,0,0,3,0,0,0,0.0,0.333
BEHRAMI,Switzerland,11,3,0,0,0,1,1,0,5,6,0,0,0.0,0.091
BEGOVI?,Bosnia and Herzegovina,3,1,0,0,0,0,0,0,3,0,0,0,0.0,0.0
BEDOYA,USA,4,1,0,0,0,0,0,0,3,1,0,0,0.0,0.0
BEOMSEOK,South Korea,4,1,0,0,0,0,0,0,1,3,0,0,0.0,0.0
BERG,Norway,3,1,0,0,0,0,0,0,3,0,0,0,0.0,0.0
BERHALTER,USA,8,2,0,0,2,0,0,0,2,6,0,0,0.0,0.25
BJRNEBYE,Norway,7,2,0,0,1,0,0,0,7,0,0,0,0.0,0.143
BOGELUND,Denmark,4,1,0,0,0,0,0,0,0,4,0,0,0.0,0.0
BOFFIN,Belgium,8,2,0,0,0,0,0,0,2,6,0,0,0.0,0.0
BOEHME,Germany,7,1,0,0,0,0,0,0,0,7,0,0,0.0,0.0
BOCCHETTI,Italy,3,1,0,0,0,0,0,0,0,3,0,0,0.0,0.0
BOCANEGRA,USA,7,2,0,0,1,0,0,4,6,1,0,0,0.0,0.143
BOBADILLA,Paraguay,8,2,0,0,0,0,0,0,2,6,0,0,0.0,0.0
BOATENG D.,Ghana,4,1,0,0,1,0,0,0,1,3,0,0,0.0,0.25
BOATENG,Germany,14,2,0,0,0,0,0,0,12,2,0,0,0.0,0.0
BOA MORTE,Portugal,7,1,0,0,1,0,0,0,0,7,0,0,0.0,0.143
BLAZEK,Czech Republic,3,1,0,0,0,0,0,0,0,3,0,0,0.0,0.0
BISMARCK,Brazil,4,1,0,0,0,0,0,0,0,4,0,0,0.0,0.0
BERMUDEZ,Colombia,3,1,0,0,1,0,0,0,3,0,0,0,0.0,0.333
BIRCHALL,Trinidad and Tobago,3,1,0,0,0,0,0,0,3,0,0,0,0.0,0.0
BIGODE,Brazil,6,1,0,0,1,0,0,0,5,1,0,0,0.0,0.167
BIGLIA,Argentina,7,1,0,0,1,0,0,0,3,4,0,0,0.0,0.143
BI?AK?I?,Bosnia and Herzegovina,3,1,0,0,0,0,0,0,1,2,0,0,0.0,0.0
BEYE,Senegal,5,1,0,0,1,0,0,0,0,5,0,0,0.0,0.2
BESLER,USA,4,1,0,0,0,0,0,0,4,0,0,0,0.0,0.0
BERTOS,New Zealand,3,1,0,0,0,0,0,0,3,0,0,0,0.0,0.0
BERNARDEZ,Honduras,6,2,0,0,1,0,0,0,4,2,0,0,0.0,0.167
BERNARD K.,Costa Rica,3,1,0,0,0,0,0,0,0,3,0,0,0.0,0.0
BERNARD,Brazil,7,1,0,0,0,0,0,0,1,6,0,0,0.0,0.0
BUFFON,Italy,17,4,0,0,0,0,0,2,14,3,0,0,0.0,0.0
BUNJAKU,Switzerland,3,1,0,0,0,0,0,0,0,3,0,0,0.0,0.0
Anatoli PUZACH,Soviet Union,4,1,0,0,0,0,0,0,0,4,0,0,0.0,0.0
Bertin EBWELLE,Cameroon,5,1,0,0,0,0,0,0,5,0,0,0,0.0,0.0
Bobby ROBSON,England,8,2,0,0,0,0,0,0,3,5,0,0,0.0,0.0
Bobby MOORE,England,14,3,0,0,0,0,0,10,14,0,0,0,0.0,0.0
Bobby EVANS,Scotland,5,2,0,0,0,0,0,1,3,2,0,0,0.0,0.0
Bobby COMBE,Scotland,2,1,0,0,0,0,0,0,0,2,0,0,0.0,0.0
Bobby CLARK,Scotland,3,1,0,0,0,0,0,0,0,3,0,0,0.0,0.0
Bobby CAMPBELL,Northern Ireland,5,1,0,0,0,0,0,0,0,5,0,0,0.0,0.0
Bob LENARDUZZI,Canada,3,1,0,0,1,0,0,0,3,0,0,0,0.0,0.333
Bob CRADDOCK,USA,3,1,0,0,0,0,0,0,0,3,0,0,0.0,0.0
Bob ANNIS,USA,3,1,0,0,0,0,0,0,0,3,0,0,0.0,0.0
Bo LARSSON,Sweden,12,3,0,0,0,0,0,5,11,1,0,0,0.0,0.0
Bjorn NORDQVIST,Sweden,12,3,0,0,1,0,0,6,10,2,0,0,0.0,0.083
Bjorn ANDERSSON,Sweden,6,1,0,0,1,0,0,0,4,2,0,0,0.0,0.167
Bjarne GOLDBAEK,Denmark,5,1,0,0,0,0,0,0,0,5,0,0,0.0,0.0
Billy WRIGHT,England,10,3,0,0,0,0,0,10,10,0,0,0,0.0,0.0
Billy SIMPSON,Northern Ireland,5,1,0,0,0,0,0,0,0,5,0,0,0.0,0.0
Billy McCLURE,New Zealand,3,1,0,0,0,0,0,0,0,3,0,0,0.0,0.0
Billy GONSALVES,USA,4,2,0,0,0,0,0,0,4,0,0,0,0.0,0.0
Billy BREMNER,Scotland,3,1,0,0,0,0,0,3,3,0,0,0,0.0,0.0
Billy BINGHAM,Northern Ireland,5,1,0,0,0,0,0,0,5,0,0,0,0.0,0.0
Bill NICHOLSON,England,3,1,0,0,0,0,0,0,0,3,0,0,0.0,0.0
Bill McGARRY,England,3,1,0,0,0,0,0,0,2,1,0,0,0.0,0.0
Bill ECKERSLEY,England,3,1,0,0,0,0,0,0,1,2,0,0,0.0,0.0
Bill BROWN,Scotland,3,1,0,0,0,0,0,0,1,2,0,0,0.0,0.0
Bobby SMITH,England,4,1,0,0,0,0,0,0,0,4,0,0,0.0,0.0
Bobby TRAINOR,Northern Ireland,5,1,0,0,0,0,0,0,0,5,0,0,0.0,0.0
Bodo ILLGNER,West Germany,12,2,0,0,0,0,0,0,12,0,0,0,0.0,0.0
Bozhil KOLEV,Bulgaria,3,1,0,0,0,0,0,0,3,0,0,0,0.0,0.0
Braulio LUNA,Mexico,4,1,0,0,0,0,0,0,2,2,0,0,0.0,0.0
Branko STANKOVIC,Yugoslavia,6,2,0,0,0,0,0,0,6,0,0,0,0.0,0.0
Branko SEGOTA,Canada,3,1,0,0,0,0,0,0,0,3,0,0,0.0,0.0
Branko KRALJ,Yugoslavia,3,1,0,0,0,0,0,0,0,3,0,0,0.0,0.0
Branko BULJEVIC,Australia,3,1,0,0,0,0,0,0,3,0,0,0,0.0,0.0
Branko BRNOVIC,Yugoslavia,4,1,0,0,0,0,0,0,2,2,0,0,0.0,0.0
Branislav SEKULIC,Yugoslavia,3,1,0,0,0,0,0,0,2,1,0,0,0.0,0.0
Branislav HRNJICEK,Yugoslavia,3,1,0,0,0,0,0,0,0,3,0,0,0.0,0.0
Brad FRIEDEL,USA,7,2,0,0,0,0,0,0,1,6,0,0,0.0,0.0
Bozo BROKETA,Yugoslavia,3,1,0,0,0,0,0,0,0,3,0,0,0.0,0.0
Bozhidar ISKRENOV,Bulgaria,4,1,0,0,0,0,0,0,2,2,0,0,0.0,0.0
Bogdan STELEA,Romania,8,2,0,0,0,0,0,0,4,4,0,0,0.0,0.0
Bozhidar GRIGOROV,Bulgaria,6,2,0,0,0,0,0,0,0,6,0,0,0.0,0.0
Boycho VELICHKOV,Bulgaria,4,1,0,0,0,0,0,0,0,4,0,0,0.0,0.0
Boujamaa BENKHRIF,Morocco,3,1,0,0,0,0,0,0,3,0,0,0,0.0,0.0
Borislav MIHAYLOV,Bulgaria,14,3,0,0,1,0,0,7,11,3,0,0,0.0,0.071
Boris KUZNETSOV,Soviet Union,5,1,0,0,0,0,0,0,5,0,0,0,0.0,0.0
Boris GAGANELOV,Bulgaria,6,2,0,0,0,0,0,4,4,2,0,0,0.0,0.0
Boneventure DJONKEP,Cameroon,5,1,0,0,0,0,0,0,0,5,0,0,0.0,0.0
Boncho GENCHEV,Bulgaria,7,1,0,0,0,0,0,0,0,7,0,0,0.0,0.0
Bohumil VESELY,Czechoslovakia,3,1,0,0,0,0,0,0,1,2,0,0,0.0,0.0
Bohdan MASZTALER,Poland,6,1,0,0,0,0,0,0,4,2,0,0,0.0,0.0
Bertrand CRASSON,Belgium,3,1,0,0,0,0,0,0,1,2,0,0,0.0,0.0
Bertie PEACOCK,Northern Ireland,5,1,0,0,0,0,0,0,4,1,0,0,0.0,0.0
BURBANO,Ecuador,3,1,0,0,0,0,0,0,0,3,0,0,0.0,0.0
Berti VOGTS,West Germany,19,3,0,1,2,0,0,6,19,0,0,0,0.0,0.105
Bengt BERNDTSSON,Sweden,6,1,0,0,0,0,0,0,1,5,0,0,0.0,0.0
Ben IROHA,Nigeria,4,1,0,0,1,0,0,0,1,3,0,0,0.0,0.25
Bela VARADI,Hungary,3,1,0,0,0,0,0,0,0,3,0,0,0.0,0.0
Bela SAROSI,Hungary,4,1,0,0,0,0,0,0,0,4,0,0,0.0,0.0
Bela PALFI,Yugoslavia,3,1,0,0,0,0,0,0,0,3,0,0,0.0,0.0
Bela KUHARSZKI,Hungary,4,1,0,0,0,0,0,0,1,3,0,0,0.0,0.0
Bela KATZIRZ,Hungary,3,1,0,0,0,0,0,0,0,3,0,0,0.0,0.0
Bela KARPATI,Hungary,9,2,0,0,0,0,0,0,0,9,0,0,0.0,0.0
Bela BODONYI,Hungary,3,1,0,0,0,0,0,0,0,3,0,0,0.0,0.0
Behtash FARIBA,Iran,3,1,0,0,0,0,0,0,0,3,0,0,0.0,0.0
Bedford JEZZARD,England,3,1,0,0,0,0,0,0,0,3,0,0,0.0,0.0
Baudilio JAUREGUI,Uruguay,3,1,0,0,1,0,0,0,3,0,0,0,0.0,0.333
Bassel GORGIS,Iraq,3,1,0,0,2,1,1,0,2,1,0,0,0.0,1.0
Bas PAAUWE,Netherlands,2,2,0,0,0,0,0,0,1,1,0,0,0.0,0.0
Barsi DIRIMLILI,Turkey,3,1,0,0,0,0,0,0,3,0,0,0,0.0,0.0
Barry PICKERING,New Zealand,3,1,0,0,0,0,0,0,0,3,0,0,0.0,0.0
Bahram MOVADAT,Iran,3,1,0,0,0,0,0,0,0,3,0,0,0.0,0.0
Badou ZAKI,Morocco,4,1,0,0,0,0,0,4,4,0,0,0,0.0,0.0
BYUN Byung Joo,South Korea,6,2,0,0,0,0,0,0,4,2,0,0,0.0,0.0
BUTT,Germany,19,2,0,0,0,0,0,0,5,14,0,0,0.0,0.0
BUTINA,Croatia,6,2,0,0,0,0,0,0,0,6,0,0,0.0,0.0
BURGOS,Argentina,3,1,0,0,0,0,0,0,0,3,0,0,0.0,0.0
BURDISSO,Argentina,10,2,0,0,0,0,0,0,6,4,0,0,0.0,0.0
Bengt GUSTAVSSON,Sweden,6,1,0,0,0,0,0,1,6,0,0,0,0.0,0.0
Benigno Gilberto PENAYO,Paraguay,3,1,0,0,0,0,0,0,0,3,0,0,0.0,0.0
Benito CARVAJALES,Cuba,3,1,0,0,0,0,0,0,2,1,0,0,0.0,0.0
Bernard McNALLY,Northern Ireland,3,1,0,0,0,0,0,0,0,3,0,0,0.0,0.0
Bert WILLIAMS,England,3,1,0,0,0,0,0,0,3,0,0,0,0.0,0.0
Berry VAN AERLE,Netherlands,4,1,0,0,0,0,0,0,4,0,0,0,0.0,0.0
Bernd PATZKE,West Germany,12,2,0,0,0,0,0,0,2,10,0,0,0.0,0.0
Bernd KRAUSS,Austria,5,1,0,0,0,0,0,0,5,0,0,0,0.0,0.0
Bernd FRANKE,West Germany,7,1,0,0,0,0,0,0,0,7,0,0,0.0,0.0
Bernd FOERSTER,West Germany,7,1,0,0,1,0,0,0,4,3,0,0,0.0,0.143
Bernd DIETZ,West Germany,6,1,0,0,0,0,0,0,5,1,0,0,0.0,0.0
Bernd BRANSCH,East Germany,6,1,0,0,0,0,0,6,6,0,0,0,0.0,0.0
Bernard VUKAS,Yugoslavia,6,2,0,0,0,0,0,0,5,1,0,0,0.0,0.0
Bernard SLAVEN,Ireland,5,1,0,0,0,0,0,0,0,5,0,0,0.0,0.0
Bernard LAMA,France,7,1,0,0,0,0,0,0,0,7,0,0,0.0,0.0
Benjamin GALINDO,Mexico,4,1,0,0,0,0,0,0,1,3,0,0,0.0,0.0
Bernard DIOMEDE,France,7,1,0,0,1,0,0,0,3,4,0,0,0.0,0.143
Bernard CHIARELLI,France,6,1,0,0,0,0,0,0,0,6,0,0,0.0,0.0
Bernard BOSQUIER,France,3,1,0,0,0,0,0,0,3,0,0,0,0.0,0.0
Bernabe RIVERA,Paraguay,2,1,0,0,0,0,0,0,0,2,0,0,0.0,0.0
Berman AHMET,Turkey,3,1,0,0,0,0,0,0,0,3,0,0,0.0,0.0
Beratligil ALI,Turkey,3,1,0,0,0,0,0,0,0,3,0,0,0.0,0.0
Beno KAPOSZTA,Hungary,4,1,0,0,0,0,0,0,4,0,0,0,0.0,0.0
Benny WENDT,Sweden,3,1,0,0,0,0,0,0,2,1,0,0,0.0,0.0
Benno MAGNUSSON,Sweden,6,1,0,0,0,0,0,0,1,5,0,0,0.0,0.0
Benjamin MASSING,Cameroon,5,1,0,0,2,1,1,0,2,3,0,0,0.0,0.6
BEDIMO,Cameroon,3,1,0,0,0,0,0,0,1,2,0,0,0.0,0.0
BECKMANN,Denmark,3,1,0,0,0,0,0,0,0,3,0,0,0.0,0.0
BECKERMAN,USA,4,1,0,0,1,0,0,0,3,1,0,0,0.0,0.25
Anibal PAZ,Uruguay,4,1,0,0,0,0,0,0,1,3,0,0,0.0,0.0
Antonio BIOSCA,Spain,3,1,0,0,0,0,0,0,1,2,0,0,0.0,0.0
Antonio BETANCOURT,Spain,3,1,0,0,0,0,0,0,0,3,0,0,0.0,0.0
Antonio BENARRIVO,Italy,7,1,0,0,0,0,0,0,6,1,0,0,0.0,0.0
Antonio ARIAS,Chile,3,1,0,0,0,0,0,0,3,0,0,0,0.0,0.0
Antonin VODICKA,Czechoslovakia,4,1,0,0,0,0,0,0,0,4,0,0,0.0,0.0
Antonin PANENKA,Czechoslovakia,3,1,0,0,1,0,0,0,1,2,2,0,0.0,0.333
Antonin FLESAR,Czechoslovakia,3,1,0,0,0,0,0,0,0,3,0,0,0.0,0.0
Antoni SZYMANOWSKI,Poland,13,2,0,0,0,0,0,0,13,0,0,0,0.0,0.0
Antonello CUCCUREDDU,Italy,7,1,0,0,0,0,0,0,2,5,0,0,0.0,0.0
Anton PFEFFER,Austria,6,2,0,0,2,0,0,0,5,1,0,0,0.0,0.333
Anton MORAVCIK,Czechoslovakia,4,1,0,0,0,0,0,0,0,4,0,0,0.0,0.0
Anton MALATINSKY,Czechoslovakia,2,1,0,0,0,0,0,0,0,2,0,0,0.0,0.0
Anton KRASNOHORSKY,Czechoslovakia,2,1,0,0,0,0,0,0,0,2,0,0,0.0,0.0
Anton JANDA,Austria,4,1,0,0,0,0,0,0,0,4,0,0,0.0,0.0
Anton DOBOS,Romania,4,1,0,0,0,0,0,0,1,3,0,0,0.0,0.0
Antoine CUISSARD,France,2,1,0,0,0,0,0,0,0,2,0,0,0.0,0.0
Anthony SERIC,Croatia,7,1,0,0,0,0,0,0,0,7,0,0,0.0,0.0
Antal SZENTIMIHALYI,Hungary,8,2,0,0,0,0,0,0,1,7,0,0,0.0,0.0
Antal SZALAY,Hungary,6,2,0,0,0,0,0,0,4,2,0,0,0.0,0.0
Antal SZABO,Hungary,6,2,0,0,0,0,0,0,5,1,0,0,0.0,0.0
Antal ROTH,Hungary,3,1,0,0,0,0,0,0,2,1,0,0,0.0,0.0
Antal NAGY,Hungary,7,2,0,0,0,0,0,2,2,5,0,0,0.0,0.0
Antal KOTASZ,Hungary,4,1,0,0,0,0,0,0,2,2,0,0,0.0,0.0
Antonio CABRERA,Paraguay,2,1,0,0,0,0,0,0,0,2,0,0,0.0,0.0
Antonio CARBAJAL,Mexico,14,5,0,0,0,0,0,6,11,3,0,0,0.0,0.0
Antonio CONTE,Italy,7,1,0,0,0,0,0,0,1,6,0,0,0.0,0.0
Antonio PERMUNIAN,Switzerland,3,1,0,0,0,0,0,0,0,3,0,0,0.0,0.0
Aristide GUARNERI,Italy,3,1,0,0,0,0,0,0,1,2,0,0,0.0,0.0
Ardico MAGNINI,Italy,3,1,0,0,0,0,0,0,2,1,0,0,0.0,0.0
Ardian KOZNIKU,Croatia,7,1,0,0,0,0,0,0,0,7,0,0,0.0,0.0
Archie ROBERTSON,Scotland,3,1,0,0,0,0,0,0,1,2,0,0,0.0,0.0
Anzor KAVAZASHVILI,Soviet Union,10,2,0,0,0,0,0,0,6,4,0,0,0.0,0.0
Antonis MINOU,Greece,3,1,0,0,0,0,0,0,1,2,0,0,0.0,0.0
Antonio ROMA,Argentina,7,2,0,0,0,0,0,0,6,1,0,0,0.0,0.0
Antonio RATTIN,Argentina,7,2,0,0,1,1,1,4,5,2,0,0,0.0,0.286
Antonio RAMALLETS,Spain,6,1,0,0,0,0,0,0,4,2,0,0,0.0,0.0
Antonio PUCHADES,Spain,6,1,0,0,0,0,0,0,6,0,0,0,0.0,0.0
Antonio OLMO,Spain,3,1,0,0,0,0,0,0,2,1,0,0,0.0,0.0
Antonio DE LA CRUZ,Spain,3,1,0,0,0,0,0,0,1,2,0,0,0.0,0.0
Antonio MUNGUIA,Mexico,4,1,0,0,0,0,0,0,3,1,0,0,0.0,0.0
Antonio MOTA,Mexico,7,2,0,0,0,0,0,0,0,7,0,0,0.0,0.0
Antonio MAQUILON,Peru,2,1,0,0,0,0,0,1,1,1,0,0,0.0,0.0
Antonio MACEDA,Spain,10,2,0,0,0,0,0,0,1,9,0,0,0.0,0.0
Antonio JULIANO,Italy,12,3,0,0,0,0,0,0,0,12,0,0,0.0,0.0
Antonio JASSO,Mexico,3,1,0,0,0,0,0,0,2,1,0,0,0.0,0.0
Antonio GUZMAN,Spain,3,1,0,0,0,0,0,0,0,3,0,0,0.0,0.0
Antonio FLORES,Mexico,3,1,0,0,0,0,0,0,1,2,0,0,0.0,0.0
Antonio DI GENNARO,Italy,4,1,0,0,1,0,0,0,3,1,0,0,0.0,0.25
Antonio DE LA TORRE,Mexico,3,1,0,0,0,0,0,0,3,0,0,0,0.0,0.0
Anibal TARABINI,Argentina,4,1,0,0,0,0,0,0,0,4,0,0,0.0,0.0
Anibal ALZATE,Colombia,3,1,0,0,0,0,0,0,2,1,0,0,0.0,0.0
BECKELES,Honduras,3,1,0,0,0,0,0,0,3,0,0,0,0.0,0.0
Angelo SORMANI,Italy,3,1,0,0,0,0,0,0,1,2,0,0,0.0,0.0
Andreas MOELLER,West Germany,7,1,0,0,0,0,0,0,0,7,0,0,0.0,0.0
Andreas KUPFER,Germany,2,1,0,0,0,0,0,0,2,0,0,0,0.0,0.0
Andreas KOEPKE,West Germany,12,2,0,0,0,0,0,0,0,12,0,0,0.0,0.0
Andreas HERZOG,Austria,6,2,0,0,1,0,0,0,4,2,1,0,0.0,0.167
Andreas HERAF,Austria,3,1,0,0,0,0,0,0,0,3,0,0,0.0,0.0
Andrea CARNEVALE,Italy,7,1,0,0,0,0,0,0,2,5,0,0,0.0,0.0
Andre VAN DE WEYER,Belgium,2,2,0,0,0,0,0,0,1,1,0,0,0.0,0.0
Andre TASSIN,France,3,1,0,0,0,0,0,0,0,3,0,0,0.0,0.0
Andre STRAPPE,France,2,1,0,0,0,0,0,0,2,0,0,0,0.0,0.0
Andre SAEYS,Belgium,2,1,0,0,0,0,0,0,0,2,0,0,0.0,0.0
Andre OOIJER,Netherlands,7,1,0,0,0,0,0,0,0,7,0,0,0.0,0.0
Andre NEURY,Switzerland,7,2,0,0,0,0,0,0,7,0,0,0,0.0,0.0
Andre LEROND,France,6,1,0,0,0,0,0,0,6,0,0,0,0.0,0.0
Andre KANA-BIYIK,Cameroon,8,2,0,0,3,1,1,0,4,4,0,0,0.0,0.5
Andre GROBETY,Switzerland,6,2,0,0,0,0,0,0,4,2,0,0,0.0,0.0
Andre CHORDA,France,3,1,0,0,0,0,0,0,0,3,0,0,0.0,0.0
Andras TOTH,Hungary,3,1,0,0,0,0,0,0,0,3,1,0,0.0,0.0
Andras TOROCSIK,Hungary,6,2,0,0,1,1,1,0,4,2,0,0,0.0,0.333
Andranik ESKANDARIAN,Iran,3,1,0,1,2,0,0,0,2,1,0,0,0.0,0.667
Andoni ZUBIZARRETA,Spain,5,1,0,0,0,0,0,0,5,0,0,0,0.0,0.0
Anders RYDBERG,Sweden,2,1,0,0,0,0,0,0,2,0,0,0,0.0,0.0
Anders LINDEROTH,Sweden,3,1,0,0,0,0,0,0,2,1,0,0,0.0,0.0
Anders LIMPAR,Sweden,10,2,0,0,0,0,0,0,2,8,0,0,0.0,0.0
Andreas REISINGER,Austria,3,1,0,0,1,0,0,0,0,3,0,0,0.0,0.333
Andrei BARBULESCU,Romania,2,1,0,0,0,0,0,0,1,1,0,0,0.0,0.0
Andrei PIATNITSKI,Russia,3,1,0,0,0,0,0,0,1,2,0,0,0.0,0.0
Andy GORAM,Scotland,6,2,0,0,0,0,0,0,0,6,0,0,0.0,0.0
Angelo DI LIVIO,Italy,5,1,0,0,1,0,0,0,1,4,0,0,0.0,0.2
Angel MELOGNO,Uruguay,4,1,0,0,0,0,0,0,0,4,0,0,0.0,0.0
Angel LABRUNA,Argentina,3,1,0,0,0,0,0,0,2,1,0,0,0.0,0.0
Angel COMIZZO,Argentina,5,1,0,0,0,0,0,0,0,5,0,0,0.0,0.0
Angel BOSSIO,Argentina,5,1,0,0,0,0,0,1,3,2,0,0,0.0,0.0
Angel BERNI,Paraguay,2,1,0,0,0,0,0,0,0,2,0,0,0.0,0.0
Angel BARGAS,Argentina,6,1,0,0,1,0,0,0,3,3,0,0,0.0,0.167
Anfilogino GUARISI,Italy,5,1,0,0,0,0,0,0,1,4,0,0,0.0,0.0
Andy TOWNSEND,Ireland,9,2,0,0,0,0,0,4,9,0,0,0,0.0,0.0
Andy PICHLER,Austria,5,1,0,0,1,0,0,0,1,4,0,0,0.0,0.2
Andy EGLI,Switzerland,4,1,0,0,0,0,0,0,0,4,0,0,0.0,0.0
Andrei ZHELYAZKOV,Bulgaria,4,1,0,0,0,0,0,0,1,3,0,0,0.0,0.0
Andrzej ZGUTCZYNSKI,Poland,4,1,0,0,0,0,0,0,0,4,0,0,0.0,0.0
Andrzej PALASZ,Poland,11,2,0,0,1,0,0,0,1,10,0,0,0.0,0.091
Andrzej IWAN,Poland,13,2,0,0,0,0,0,0,3,10,0,0,0.0,0.0
Andrzej FISCHER,Poland,7,1,0,0,0,0,0,0,0,7,0,0,0.0,0.0
Andrija ANKOVIC,Yugoslavia,6,1,0,0,0,0,0,0,1,5,0,0,0.0,0.0
Andrew WILLIAMS,Jamaica,3,1,0,0,0,0,0,0,0,3,0,0,0.0,0.0
Andrew AULD,USA,3,1,0,0,0,0,0,0,3,0,0,0,0.0,0.0
Andres ESCOBAR,Colombia,7,2,0,1,0,0,0,0,7,0,0,0,0.0,0.0
Andrej PANADIC,Yugoslavia,5,1,0,0,0,0,0,0,0,5,0,0,0.0,0.0
Andrej KVASNAK,Czechoslovakia,9,2,0,0,1,0,0,0,7,2,0,0,0.0,0.111
Armand PENVERNE,France,8,2,0,0,0,0,0,1,7,1,0,0,0.0,0.0
Armando CASTELLAZZI,Italy,5,1,0,0,0,0,0,0,1,4,0,0,0.0,0.0
Armando GONZALEZ,Paraguay,2,1,0,0,0,0,0,0,0,2,0,0,0.0,0.0
Armando MANZO,Mexico,5,1,0,0,0,0,0,0,0,5,0,0,0.0,0.0
BAMBA,Cte d'Ivoire,6,2,0,0,1,0,0,0,3,3,0,0,0.0,0.167
BALDOCHI,Brazil,6,1,0,0,0,0,0,0,0,6,0,0,0.0,0.0
BALBOA,USA,4,1,0,0,0,0,0,0,4,0,0,0,0.0,0.0
BALAKOV,Bulgaria,7,1,0,0,1,0,0,0,7,0,0,0,0.0,0.143
BALABAN,Croatia,6,2,0,0,0,0,0,0,0,6,0,0,0.0,0.0
BAKHTIAR,Iran,3,1,0,0,0,0,0,0,0,3,0,0,0.0,0.0
BAK,Poland,3,1,0,0,1,0,0,3,3,0,0,0,0.0,0.333
BAINES,England,3,1,0,0,0,0,0,0,2,1,0,0,0.0,0.0
BAGUI,Ecuador,3,1,0,0,0,0,0,0,0,3,0,0,0.0,0.0
BAEZ,Paraguay,4,1,0,0,0,0,0,0,0,4,0,0,0.0,0.0
BADU,Ghana,3,1,0,0,0,0,0,0,1,2,0,0,0.0,0.0
BADSTUBER,Germany,7,1,0,0,0,0,0,0,2,5,0,0,0.0,0.0
BADRA,Tunisia,3,1,0,0,1,0,0,2,3,0,0,0,0.0,0.333
BADILLA G.,Costa Rica,3,1,0,0,1,0,0,0,1,2,0,0,0.0,0.333
BADELJ,Croatia,3,1,0,0,0,0,0,0,0,3,0,0,0.0,0.0
BACCA,Colombia,5,1,0,0,0,0,0,0,0,5,0,0,0.0,0.0
BABIC,Croatia,3,1,0,0,0,0,0,0,3,0,0,0,0.0,0.0
BABEL,Netherlands,11,2,0,0,0,0,0,0,0,11,0,0,0.0,0.0
BABAYARO,Nigeria,3,1,0,0,0,0,0,0,2,1,0,0,0.0,0.0
BABATUNDE,Nigeria,4,1,0,0,0,0,0,0,2,2,0,0,0.0,0.0
B. SERAJ,Iran,3,1,0,0,0,0,0,0,0,3,0,0,0.0,0.0
B. LUNA,Mexico,4,1,0,0,0,0,0,0,4,0,0,0,0.0,0.0
B. ALVES,Portugal,7,2,0,0,0,0,0,0,7,0,0,0,0.0,0.0
BANDEIRINHA,Portugal,3,1,0,0,0,0,0,0,0,3,0,0,0.0,0.0
BANGUERA,Ecuador,3,1,0,0,0,0,0,0,0,3,0,0,0.0,0.0
BANNATYNE,New Zealand,3,1,0,0,0,0,0,0,0,3,0,0,0.0,0.0
BASANTA,Argentina,7,1,0,0,0,0,0,0,1,6,0,0,0.0,0.0
BEAUCHAMP,Australia,7,2,0,0,1,0,0,0,1,6,0,0,0.0,0.143
BEASLEY,USA,16,4,0,0,2,0,0,0,8,8,0,0,0.0,0.125
BAYA,Tunisia,3,1,0,0,0,0,0,0,0,3,0,0,0.0,0.0
BAUMANN,Germany,7,1,0,0,1,0,0,0,0,7,0,0,0.0,0.143
BAUER,Brazil,9,2,0,0,0,0,0,3,8,1,0,0,0.0,0.0
BATISTA,Brazil,12,2,0,0,1,0,0,0,7,5,0,0,0.0,0.083
BATATAIS,Brazil,5,1,0,0,0,0,0,0,2,3,0,0,0.0,0.0
BASZCZYNSKI,Poland,3,1,0,0,1,0,0,0,3,0,0,0,0.0,0.333
BASTA,Serbia and Montenegro,3,1,0,0,0,0,0,0,0,3,0,0,0.0,0.0
BASSONG,Cameroon,3,1,0,0,1,0,0,0,2,1,0,0,0.0,0.333
BARZAGLI,Italy,10,2,0,0,0,0,0,0,4,6,0,0,0.0,0.0
BARAJA,Spain,5,1,0,0,2,0,0,0,4,1,0,0,0.0,0.4
BARTHEZ,France,10,2,0,0,0,0,0,0,10,0,0,0,0.0,0.0
BARRY COPA,Cte d'Ivoire,3,1,0,0,0,0,0,0,3,0,0,0,0.0,0.0
BARRY,Cte d'Ivoire,10,2,0,0,0,0,0,0,7,3,0,0,0.0,0.0
BARRON,New Zealand,3,1,0,0,0,0,0,0,0,3,0,0,0.0,0.0
BARRETO,Paraguay,3,1,0,0,1,0,0,0,1,2,0,0,0.0,0.333
BARRANTES M.,Costa Rica,5,1,0,0,0,0,0,0,0,5,0,0,0.0,0.0
BAROS,Czech Republic,3,1,0,0,0,0,0,0,1,2,0,0,0.0,0.0
BARONE,Italy,7,1,0,0,0,0,0,0,0,7,0,0,0.0,0.0
BARKLEY,England,3,1,0,0,1,0,0,0,1,2,0,0,0.0,0.333
BARBOSA,Brazil,6,1,0,0,0,0,0,0,6,0,0,0,0.0,0.0
B Y LEE,South Korea,3,1,0,0,0,0,0,0,0,3,0,0,0.0,0.0
B QU,China PR,3,1,0,0,0,0,0,0,0,3,0,0,0.0,0.0
B K KIM,South Korea,3,1,0,0,0,0,0,0,0,3,0,0,0.0,0.0
Arnost KREUZ,Czechoslovakia,3,1,0,0,0,0,0,0,1,2,0,0,0.0,0.0
Arturo VAZQUEZ,Mexico,3,1,0,0,1,0,0,3,3,0,1,0,0.0,0.333
Arturo TORRES,Chile,3,1,0,0,0,0,0,0,3,0,0,0,0.0,0.0
Arturo FERNANDEZ,Peru,2,1,0,0,0,0,0,0,0,2,0,0,0.0,0.0
Arturo FARIAS,Chile,3,1,0,0,0,0,0,0,3,0,0,0,0.0,0.0
Arturo CODDOU,Chile,3,1,0,0,0,0,0,0,0,3,0,0,0.0,0.0
Arturo CHAIREZ,Mexico,6,2,0,0,0,0,0,0,3,3,0,0,0.0,0.0
Arthur NUMAN,Netherlands,7,1,0,0,3,1,1,0,6,1,0,0,0.0,0.571
Arthur ALBISTON,Scotland,3,1,0,0,0,0,0,0,1,2,0,0,0.0,0.0
Arsene AUGUSTE,Haiti,3,1,0,0,0,0,0,0,2,1,0,0,0.0,0.0
Aron WINTER,Netherlands,7,1,0,0,0,0,0,0,2,5,0,0,0.0,0.0
Arnoldo IGUARAN,Colombia,4,1,0,0,0,0,0,0,2,2,0,0,0.0,0.0
Asa HARTFORD,Scotland,6,2,0,0,0,0,0,0,4,2,0,0,0.0,0.0
Arnold WETL,Austria,3,1,0,0,0,0,0,0,3,0,0,0,0.0,0.0
Arnold BADJOU,Belgium,4,3,0,0,0,0,0,0,3,1,0,0,0.0,0.0
Arnie OLIVER,USA,3,1,0,0,0,0,0,0,0,3,0,0,0.0,0.0
Arne SELMONSSON,Sweden,6,1,0,0,0,0,0,0,1,5,0,0,0.0,0.0
Arne MANSSON,Sweden,5,1,0,0,0,0,0,0,0,5,0,0,0.0,0.0
Arne LINDERHOLM,Sweden,3,1,0,0,0,0,0,0,1,2,0,0,0.0,0.0
Arnaldo ORTELLI,Switzerland,2,1,0,0,0,0,0,0,0,2,0,0,0.0,0.0
Armando UFARTE,Spain,3,1,0,0,0,0,0,0,1,2,0,0,0.0,0.0
Armando TOBAR,Chile,9,2,0,0,0,0,0,0,5,4,0,0,0.0,0.0
Armando SEGATO,Italy,3,1,0,0,0,0,0,0,1,2,0,0,0.0,0.0
Arvid THOERN,Sweden,2,1,0,0,0,0,0,0,0,2,0,0,0.0,0.0
Ashraf KASEM,Egypt,3,1,0,0,0,0,0,0,0,3,0,0,0.0,0.0
B J KIM,South Korea,7,1,0,0,0,0,0,0,0,7,0,0,0.0,0.0
Augustin DELEANU,Romania,3,1,0,0,0,0,0,0,0,3,0,0,0.0,0.0
Aziz BOUDERBALA,Morocco,4,1,0,0,0,0,0,0,4,0,0,0,0.0,0.0
Azeddine AMANALLAH,Morocco,4,1,0,0,0,0,0,0,0,4,0,0,0.0,0.0
Aytac KADRI,Turkey,3,1,0,0,0,0,0,0,0,3,0,0,0.0,0.0
Ayman TAHER,Egypt,3,1,0,0,0,0,0,0,0,3,0,0,0.0,0.0
Ayman SHAWKY,Egypt,3,1,0,0,0,0,0,0,0,3,0,0,0.0,0.0
Ayan SADKOV,Bulgaria,4,1,0,0,0,0,0,0,4,0,0,0,0.0,0.0
Awwad AL ANZI,Saudi Arabia,4,1,0,0,0,0,0,0,1,3,0,0,0.0,0.0
Aurelio GONZALEZ,Paraguay,2,1,0,0,0,0,0,0,2,0,0,0,0.0,0.0
Augusto MAGLI,Italy,2,1,0,0,0,0,0,0,1,1,0,0,0.0,0.0
Augustine SIMO,Cameroon,3,1,0,0,0,0,0,0,1,2,0,0,0.0,0.0
Augustin CHANTREL,France,3,1,0,0,0,0,0,0,3,0,0,0,0.0,0.0
Atanas MIKHAILOV,Bulgaria,3,1,0,0,0,0,0,0,0,3,0,0,0.0,0.0
Augustin BALBUENA,Argentina,6,1,0,0,0,0,0,0,3,3,0,0,0.0,0.0
Auguste HELLEMANS,Belgium,3,2,0,0,0,0,0,0,2,1,0,0,0.0,0.0
August LEHMANN,Switzerland,3,1,0,0,0,0,0,0,3,0,0,0,0.0,0.0
Attilio GIOVANNINI,Italy,2,1,0,0,0,0,0,0,1,1,0,0,0.0,0.0
Attilio FERRARIS,Italy,5,1,0,0,0,0,0,0,3,2,0,0,0.0,0.0
Attila KEREKES,Hungary,3,1,0,0,0,0,0,0,1,2,0,0,0.0,0.0
Attila ABONYI,Australia,3,1,0,0,0,0,0,0,1,2,0,0,0.0,0.0
Atilio DEMARIA,Argentina,10,2,0,0,0,0,0,0,2,8,0,0,0.0,0.0
Atilio ANCHETA,Uruguay,6,1,0,0,0,0,0,0,6,0,0,0,0.0,0.0
Atanas PASHEV,Bulgaria,4,1,0,0,0,0,0,0,1,3,0,0,0.0,0.0
F. RODRIGUEZ,Mexico,4,1,0,0,0,0,0,0,4,0,0,0,0.0,0.0
F. de BOER,Netherlands,12,2,0,0,1,0,0,7,11,1,0,0,0.0,0.083
Kazimir HNATOW,France,6,1,0,0,0,0,0,0,0,6,0,0,0.0,0.0
Jakob BENDER,Germany,4,1,0,0,0,0,0,0,2,2,0,0,0.0,0.0
Jan MOLBY,Denmark,4,1,0,0,0,0,0,0,1,3,0,0,0.0,0.0
Jan LALA,Czechoslovakia,6,1,0,0,0,0,0,0,5,1,0,0,0.0,0.0
Jan KOZAK,Czechoslovakia,3,1,0,0,0,0,0,0,0,3,0,0,0.0,0.0
Jan KOCIAN,Czechoslovakia,5,1,0,0,1,0,0,0,4,1,0,0,0.0,0.2
Jan KARAS,Poland,4,1,0,0,0,0,0,0,1,3,0,0,0.0,0.0
Jan JONGBLOED,Netherlands,14,2,0,0,0,0,0,0,11,3,0,0,0.0,0.0
Jan JALOCHA,Poland,7,1,0,0,0,0,0,0,3,4,0,0,0.0,0.0
Jan HERTL,Czechoslovakia,6,2,0,0,0,0,0,0,3,3,0,0,0.0,0.0
Jan HEINTZE,Denmark,5,1,0,0,0,0,0,0,3,2,0,0,0.0,0.0
Jan FURTOK,Poland,4,1,0,0,0,0,0,0,0,4,0,0,0.0,0.0
Jan FJORTOFT,Norway,3,1,0,0,0,0,0,0,2,1,0,0,0.0,0.0
Jan FIALA,Czechoslovakia,3,1,0,0,0,0,0,0,3,0,0,0,0.0,0.0
Jan ERIKSSON,Sweden,3,1,0,0,0,0,0,0,0,3,0,0,0.0,0.0
Jan DOMARSKI,Poland,7,1,0,0,0,0,0,0,1,6,0,0,0.0,0.0
Jan DOCKX,Belgium,3,1,0,0,0,0,0,0,3,0,0,0,0.0,0.0
Jan DIDDENS,Belgium,2,1,0,0,0,0,0,0,2,0,0,0,0.0,0.0
Jan BERGER,Czechoslovakia,3,1,0,0,0,0,0,0,2,1,0,0,0.0,0.0
Jan BARTRAM,Denmark,4,1,0,0,0,0,0,0,0,4,0,0,0.0,0.0
James QUINN,Northern Ireland,3,1,0,0,0,0,0,0,0,3,0,0,0.0,0.0
James LOWERY,Canada,3,1,0,0,0,0,0,0,0,3,0,0,0.0,0.0
James HOLTON,Scotland,3,1,0,0,1,0,0,0,3,0,0,0,0.0,0.333
Jamal SALAMI,Morocco,3,1,0,0,0,0,0,0,0,3,0,0,0.0,0.0
Jamal AL QABANDI,Kuwait,3,1,0,0,0,0,0,0,0,3,0,0,0.0,0.0
Jan MOLLER,Sweden,3,1,0,0,0,0,0,0,0,3,0,0,0.0,0.0
Jan OLSSON,Sweden,9,2,0,0,0,0,0,0,6,3,0,0,0.0,0.0
Jan PIVARNIK,Czechoslovakia,3,1,0,0,0,0,0,0,0,3,0,0,0.0,0.0
Jaroslav BOUCEK,Czechoslovakia,7,2,0,0,0,0,0,0,3,4,0,0,0.0,0.0
Javier GUZMAN,Mexico,4,1,0,1,0,0,0,0,4,0,0,0,0.0,0.0
Javier GONZALES,Peru,4,1,0,0,0,0,0,0,0,4,0,0,0.0,0.0
Javier CARDENAS,Mexico,3,1,0,0,0,0,0,0,1,2,0,0,0.0,0.0
Javier AGUIRRE,Mexico,5,1,0,0,1,1,1,0,5,0,0,0,0.0,0.4
Jassem BAHMAN,Kuwait,3,1,0,0,0,0,0,0,0,3,0,0,0.0,0.0
Jason McATEER,Ireland,4,1,0,0,0,0,0,0,1,3,0,0,0.0,0.0
Jasem SULTAN,Kuwait,3,1,0,0,0,0,0,0,2,1,0,0,0.0,0.0
Jaroslav POLLAK,Czechoslovakia,3,1,0,0,0,0,0,0,1,2,0,0,0.0,0.0
Jaroslav KOSNAR,Czechoslovakia,2,1,0,0,0,0,0,0,0,2,0,0,0.0,0.0
Jaroslav BURGR,Czechoslovakia,7,2,0,0,0,0,0,1,4,3,0,0,0.0,0.0
Jaroslav BOROVICKA,Czechoslovakia,10,2,0,0,0,0,0,0,3,7,0,0,0.0,0.0
Jan POORTVLIET,Netherlands,7,1,0,0,0,0,0,0,6,1,0,0,0.0,0.0
Janos GOROCS,Hungary,4,1,0,0,0,0,0,0,2,2,0,0,0.0,0.0
Janos DUDAS,Hungary,6,2,0,0,0,0,0,0,0,6,0,0,0.0,0.0
Jan ZLOCHA,Czechoslovakia,3,1,0,0,0,0,0,0,1,2,0,0,0.0,0.0
Jan WOUTERS,Netherlands,9,2,0,0,4,0,0,0,8,1,0,0,0.0,0.444
Jan VERHEYEN,Belgium,3,1,0,0,0,0,0,0,0,3,0,0,0.0,0.0
Jan URBAN,Poland,4,1,0,0,0,0,0,0,3,1,0,0,0.0,0.0
Jan TOMASZEWSKI,Poland,13,2,0,0,0,0,0,0,11,2,0,0,0.0,0.0
Jan STEJSKAL,Czechoslovakia,5,1,0,0,0,0,0,0,5,0,0,0,0.0,0.0
Jan RIHA,Czechoslovakia,3,1,0,0,0,1,1,0,2,1,0,0,0.0,0.333
Jan POPLUHAR,Czechoslovakia,10,2,0,0,0,0,0,0,9,1,0,0,0.0,0.0
Jakob STREITLE,Germany,2,1,0,0,0,0,0,0,1,1,0,0,0.0,0.0
Jairo ARIAS,Colombia,3,1,0,0,0,0,0,0,1,2,0,0,0.0,0.0
Javier MARGAS,Chile,4,1,0,0,0,0,0,0,4,0,0,0,0.0,0.0
Jaime VILLEGAS,Honduras,3,1,0,0,0,0,0,0,3,0,0,0,0.0,0.0
Jacek KAZIMIERSKI,Poland,11,2,0,0,0,0,0,0,0,11,0,0,0.0,0.0
Jaap STAM,Netherlands,7,1,0,0,2,0,0,0,7,0,0,0,0.0,0.286
JUVENAL,Brazil,6,1,0,0,0,0,0,0,6,0,0,0,0.0,0.0
JUSTICE,Nigeria,3,1,0,0,0,0,0,0,2,1,0,0,0.0,0.0
JURANDIR,Brazil,6,1,0,0,0,0,0,0,0,6,0,0,0.0,0.0
JUNINHO FONSECA,Brazil,5,1,0,0,0,0,0,0,0,5,0,0,0.0,0.0
JUNGWOO,South Korea,4,1,0,0,1,0,0,0,4,0,0,0,0.0,0.25
JULIO CESAR,Brazil,22,4,0,0,1,0,0,0,17,5,0,0,0.0,0.045
JULIO ALBERTO,Spain,5,1,0,0,1,0,0,0,3,2,0,0,0.0,0.2
JUANFRAN,Spain,8,2,0,0,1,0,0,0,4,4,0,0,0.0,0.125
JUANELE,Spain,5,1,0,0,0,0,0,0,0,5,0,0,0.0,0.0
JRGENSEN,Denmark,3,1,0,0,0,0,0,1,3,0,0,0,0.0,0.0
JOSU,Brazil,5,1,0,0,0,0,0,0,0,5,0,0,0.0,0.0
JOSEPHS,South Africa,3,1,0,0,0,0,0,0,1,2,0,0,0.0,0.0
JOSE PEREIRA,Portugal,6,1,0,0,0,0,0,0,5,1,0,0,0.0,0.0
JOSE CARLOS,Portugal,6,1,0,0,0,0,0,0,2,4,0,0,0.0,0.0
JOSE ANTONIO,Portugal,3,1,0,0,0,0,0,0,0,3,0,0,0.0,0.0
JORGINHO,Brazil,11,2,0,0,2,0,0,0,11,0,0,0,0.0,0.182
JORGENSEN,Denmark,4,1,0,0,0,0,0,0,1,3,0,0,0.0,0.0
JORGE MENDONCA,Brazil,7,1,0,0,1,0,0,0,4,3,0,0,0.0,0.143
JORGE MARTINS,Portugal,3,1,0,0,0,0,0,0,0,3,0,0,0.0,0.0
JORDI ALBA,Spain,3,1,0,0,0,0,0,0,3,0,0,0,0.0,0.0
JOP,Poland,3,1,0,0,0,0,0,0,1,2,0,0,0.0,0.0
Jacinto BARQUIN,Cuba,3,1,0,0,0,0,0,0,3,0,0,0,0.0,0.0
Jacinto VILLALBA,Paraguay,2,1,0,0,0,0,0,0,0,2,0,0,0.0,0.0
Jack CHARLTON,England,10,2,0,0,0,0,0,0,7,3,0,0,0.0,0.0
Jacques SIMON,France,3,1,0,0,0,0,0,0,2,1,0,0,0.0,0.0
Jaime SILVA,Colombia,3,1,0,0,0,0,0,0,1,2,0,0,0.0,0.0
Jaime SALAZAR,Mexico,3,1,0,0,0,0,0,0,0,3,0,0,0.0,0.0
Jaime RODRIGUEZ,El Salvador,3,1,0,0,0,0,0,0,3,0,0,0,0.0,0.0
Jaime PORTILLO,El Salvador,3,1,0,0,0,0,0,0,1,2,0,0,0.0,0.0
Jaime ORDIALES,Mexico,4,1,0,0,1,0,0,0,2,2,0,0,0.0,0.25
Jaime MORENO,Bolivia,3,1,0,0,0,0,0,0,0,3,0,0,0.0,0.0
Jaime GONZALEZ,Colombia,3,1,0,0,0,0,0,0,3,0,0,0,0.0,0.0
Jaime GOMEZ,Mexico,6,2,0,0,0,0,0,0,0,6,0,0,0.0,0.0
Jaime DUARTE,Peru,9,2,0,0,1,0,0,0,9,0,0,0,0.0,0.111
Jacques SONGOO,Cameroon,8,2,0,0,0,0,0,0,3,5,0,0,0.0,0.0
Jacques NGUEA,Cameroon,3,1,0,0,0,0,0,0,2,1,0,0,0.0,0.0
Jack KELSEY,Wales,5,1,0,0,0,0,0,0,5,0,0,0,0.0,0.0
Jacques MUNARON,Belgium,12,2,0,0,0,0,0,0,1,11,0,0,0.0,0.0
Jacques MOESCHAL,Belgium,2,1,0,0,0,0,0,0,2,0,0,0,0.0,0.0
Jacques GRIMONPON,France,2,1,0,0,0,0,0,0,0,2,0,0,0.0,0.0
Jacques DUQUESNE,Belgium,3,1,0,0,0,0,0,0,0,3,0,0,0.0,0.0
Jacques BEURLET,Belgium,3,1,0,0,0,0,0,0,0,3,0,0,0.0,0.0
Jacob LAURSEN,Denmark,5,1,0,0,0,0,0,0,1,4,0,0,0.0,0.0
Jackie SCOTT,Northern Ireland,5,1,0,0,0,0,0,0,2,3,0,0,0.0,0.0
Jackie MILBURN,England,3,1,0,0,0,0,0,0,1,2,0,0,0.0,0.0
Jackie HENDERSON,Scotland,2,1,0,0,0,0,0,0,0,2,0,0,0.0,0.0
Jack REILLY,Australia,3,1,0,0,0,0,0,0,3,0,0,0,0.0,0.0
Javier HERNANDEZ,Mexico,5,1,0,0,0,0,0,0,0,5,0,0,0.0,0.0
Javier TOLEDO,Honduras,3,1,0,0,0,0,0,0,0,3,0,0,0.0,0.0
JONSON,Sweden,8,2,0,0,1,0,0,0,2,6,0,0,0.0,0.125
Jim GENTLE,USA,3,1,0,0,0,0,0,0,0,3,0,0,0.0,0.0
Jiri PESEK,Czechoslovakia,2,1,0,0,0,0,0,0,1,1,0,0,0.0,0.0
Jiri NEMEC,Czechoslovakia,5,1,0,0,0,0,0,0,0,5,0,0,0.0,0.0
Jiri HLEDIK,Czechoslovakia,2,1,0,0,0,0,0,0,1,1,0,0,0.0,0.0
Jiri CADEK,Czechoslovakia,4,1,0,0,0,0,0,0,1,3,0,0,0.0,0.0
Jimmy STEWARD,Honduras,3,1,0,0,0,0,0,0,0,3,0,0,0.0,0.0
Jimmy ROONEY,Australia,3,1,0,0,0,0,0,0,3,0,0,0,0.0,0.0
Jimmy NICHOLL,Northern Ireland,8,2,0,0,0,0,0,0,8,0,0,0,0.0,0.0
Jimmy McILROY,Northern Ireland,5,1,0,0,0,0,0,0,5,0,0,0,0.0,0.0
Jimmy MILISAVLJEVIC,Australia,3,1,0,0,0,0,0,0,0,3,0,0,0.0,0.0
Jimmy MACKAY,Australia,3,1,0,0,1,0,0,0,3,0,0,0,0.0,0.333
Jimmy JOHNSTONE,Scotland,3,1,0,0,0,0,0,0,0,3,0,0,0.0,0.0
Jimmy GALLAGHER,USA,4,2,0,0,0,0,0,0,3,1,0,0,0.0,0.0
Jimmy Floyd HASSELBAINK,Netherlands,7,1,0,0,0,0,0,0,1,6,0,0,0.0,0.0
Jimmy DOUGLAS,USA,3,1,0,0,0,0,0,0,3,0,0,0,0.0,0.0
Jimmy DICKINSON,England,6,2,0,1,0,0,0,0,6,0,0,0,0.0,0.0
Jimmy DAVIDSON,Scotland,2,1,0,0,0,0,0,0,2,0,0,0,0.0,0.0
Jimmy BLYTH,Scotland,3,1,0,0,0,0,0,0,0,3,0,0,0.0,0.0
Jimmy BINNING,Scotland,2,1,0,0,0,0,0,0,0,2,0,0,0.0,0.0
Jimmy BANKS,USA,3,1,0,0,2,0,0,0,2,1,0,0,0.0,0.667
Jimmy ARMFIELD,England,10,2,0,0,0,0,0,0,4,6,0,0,0.0,0.0
Jim TAYLOR,England,3,1,0,0,0,0,0,0,0,3,0,0,0.0,0.0
Jim STEWART,Scotland,3,1,0,0,0,0,0,0,0,3,0,0,0.0,0.0
Jim PLATT,Northern Ireland,8,2,0,0,0,0,0,0,1,7,0,0,0.0,0.0
Jiri TICHY,Czechoslovakia,6,1,0,0,0,0,0,0,1,5,0,0,0.0,0.0
Jiri TRNKA,Czechoslovakia,2,1,0,0,0,0,0,0,2,0,0,0,0.0,0.0
Jo BACKAERT,Belgium,2,1,0,0,0,0,0,0,0,2,0,0,0.0,0.0
Joel BATS,France,7,1,0,0,0,0,0,0,6,1,0,0,0.0,0.0
John ASTON,England,3,1,0,0,0,0,0,0,2,1,0,0,0.0,0.0
John ANDERSON,Scotland,2,1,0,0,0,0,0,0,0,2,0,0,0.0,0.0
John AIRD,Scotland,2,1,0,0,0,0,0,0,2,0,0,0,0.0,0.0
Johannes DEVRINDT,Belgium,3,1,0,0,0,0,0,0,1,2,0,0,0.0,0.0
Johann WALZHOFER,Austria,4,1,0,0,0,0,0,0,0,4,0,0,0.0,0.0
Johann RIEGLER,Austria,5,1,0,0,0,0,0,0,0,5,0,0,0.0,0.0
Johann PREGESBAUER,Austria,5,1,0,0,0,0,0,0,1,4,0,0,0.0,0.0
Johanan VALLACH,Israel,3,1,0,0,0,0,0,0,1,2,0,0,0.0,0.0
Johan BOSKAMP,Netherlands,7,1,0,0,0,0,0,0,0,7,0,0,0.0,0.0
Joerg HEINRICH,Germany,5,1,0,0,2,0,0,0,5,0,0,0,0.0,0.4
Joe Max MOORE,USA,7,2,0,0,0,0,0,0,2,5,0,0,0.0,0.0
Joachim BJORKLUND,Sweden,7,1,0,0,0,0,0,0,6,1,0,0,0.0,0.0
Joe MACA,USA,3,1,0,0,0,0,0,0,3,0,1,0,0.0,0.0
Joe HARPER,Scotland,3,1,0,0,0,0,0,0,0,3,0,0,0.0,0.0
Joe CORRIGAN,England,5,1,0,0,0,0,0,0,0,5,0,0,0.0,0.0
Joaquin VENTURA,El Salvador,3,1,0,0,0,0,0,0,3,0,0,0,0.0,0.0
Joaquin DEL OLMO,Mexico,4,1,0,0,2,0,0,0,3,1,0,0,0.0,0.5
Joaquin ARIAS,Cuba,3,1,0,0,0,0,0,0,3,0,0,0,0.0,0.0
Joaquin ALONSO,Spain,5,1,0,0,0,0,0,0,1,4,0,0,0.0,0.0
Joan SEGARRA,Spain,3,1,0,0,0,0,0,1,1,2,0,0,0.0,0.0
Joakim NILSSON,Sweden,3,1,0,0,1,0,0,0,3,0,0,0,0.0,0.333
Joachim FRITSCHE,East Germany,6,1,0,0,0,0,0,0,0,6,0,0,0.0,0.0
Jim LEIGHTON,Scotland,9,3,0,0,0,0,0,0,6,3,0,0,0.0,0.0
Jim CLEARY,Northern Ireland,5,1,0,0,0,0,0,0,0,5,0,0,0.0,0.0
Javier VARGAS,Mexico,3,1,0,0,0,0,0,0,0,3,0,0,0.0,0.0
Jim BETT,Scotland,6,2,0,0,0,0,0,0,1,5,0,0,0.0,0.0
Jean TAMINI,Switzerland,3,1,0,0,0,0,0,0,3,0,0,0,0.0,0.0
Jean Pierre TOKOTO,Cameroon,3,1,0,0,0,0,0,0,1,2,0,0,0.0,0.0
Jean Pierre FIALA FIALA,Cameroon,3,1,0,0,0,0,0,0,0,3,0,0,0.0,0.0
Jean Paul BERTRAND DEMANES,France,3,1,0,0,0,0,0,0,2,1,0,0,0.0,0.0
Jean PETIT,Belgium,4,2,0,0,0,0,0,0,1,3,0,0,0.0,0.0
Jean ONANA,Cameroon,3,1,0,0,0,0,0,0,3,0,0,0,0.0,0.0
Jean Marie PFAFF,Belgium,12,2,0,0,2,0,0,0,10,2,0,0,0.0,0.167
Jean Marc GUILLOU,France,3,1,0,0,0,0,0,0,1,2,0,0,0.0,0.0
Jean Luc ETTORI,France,7,1,0,0,0,0,0,0,6,1,0,0,0.0,0.0
Jean LAURENT,France,3,1,0,0,0,0,0,0,0,3,0,0,0.0,0.0
Jean Francois LARIOS,France,7,1,0,0,0,0,0,0,2,5,0,0,0.0,0.0
Jean Francois DE SART,Belgium,4,1,0,0,0,0,0,0,0,4,0,0,0.0,0.0
Jean DJORKAEFF,France,3,1,0,0,0,0,0,0,3,0,0,0,0.0,0.0
Jean DE CLERQ,Belgium,2,1,0,0,0,0,0,0,1,1,0,0,0.0,0.0
Jean DE BIE,Belgium,2,1,0,0,0,0,0,0,0,2,0,0,0.0,0.0
Jean Claude PIUMI,France,3,1,0,0,0,0,0,0,0,3,0,0,0.0,0.0
Jean Claude PAGAL,Cameroon,5,1,0,0,0,0,0,0,1,4,0,0,0.0,0.0
Jean Claude DESIR,Haiti,3,1,0,0,0,0,0,0,3,0,0,0,0.0,0.0
Jean CASTANEDA,France,7,1,0,0,0,0,0,0,1,6,0,0,0.0,0.0
Jean CAPELLE,Belgium,2,2,0,0,0,0,0,0,1,1,0,0,0.0,0.0
Jean BASTIEN,France,2,1,0,0,0,0,0,0,2,0,0,0,0.0,0.0
Jay Jay OKOCHA,Nigeria,4,1,0,0,2,0,0,0,3,1,0,0,0.0,0.5
Jawad ALLAHWARDI,Iran,3,1,0,0,0,0,0,0,1,2,0,0,0.0,0.0
Jean THISSEN,Belgium,3,1,0,0,1,0,0,0,3,0,0,0,0.0,0.333
Jean VAN STEEN,Belgium,2,1,0,0,0,0,0,0,0,2,0,0,0.0,0.0
Jean-Claude SCHINDELHOLZ,Switzerland,3,1,0,0,0,0,0,0,1,2,0,0,0.0,0.0
Jes HOGH,Denmark,5,1,0,0,1,0,0,0,5,0,0,0,0.0,0.2
Jilali FADILI,Morocco,3,1,0,0,0,0,0,0,1,2,0,0,0.0,0.0
Jesus SATRUSTEGUI,Spain,5,1,0,0,0,0,0,0,4,1,0,0,0.0,0.0
Jesus MARTINEZ,Mexico,3,1,0,0,0,0,0,0,2,1,0,0,0.0,0.0
Jesus GOYZUETA,Peru,4,1,0,0,0,0,0,0,0,4,0,0,0.0,0.0
Jesus GLARIA,Spain,3,1,0,0,1,0,0,0,1,2,0,0,0.0,0.333
Jesus DEL MURO,Mexico,9,3,0,0,0,0,0,0,7,2,0,0,0.0,0.0
Jesus CASTRO,Mexico,3,1,0,0,0,0,0,0,0,3,0,0,0.0,0.0
Jesus BERMUDEZ,Bolivia,2,1,0,0,0,0,0,0,2,0,0,0,0.0,0.0
Jesus ARELLANO,Mexico,4,1,0,0,0,0,0,0,0,4,0,0,0.0,0.0
Jesper BLOMQVIST,Sweden,7,1,0,0,0,0,0,0,1,6,0,0,0.0,0.0
Jerry SIKHOSANA,South Africa,3,1,0,0,0,0,0,0,0,3,0,0,0.0,0.0
Jean-Hubert AUSTIN,Haiti,3,1,0,0,0,0,0,0,0,3,0,0,0.0,0.0
Jens LEHMANN,Germany,5,1,0,0,0,0,0,0,0,5,0,0,0.0,0.0
Jens JEREMIES,Germany,5,1,0,0,1,0,0,0,3,2,0,0,0.0,0.2
Jens BERTELSEN,Denmark,4,1,0,0,0,0,0,0,3,1,0,0,0.0,0.0
Jeno BUZANSZKY,Hungary,5,1,0,0,0,0,0,0,5,0,0,0,0.0,0.0
Jehoshua FAIGENBAUM,Israel,3,1,0,0,0,0,0,0,3,0,0,0,0.0,0.0
Jeff VAN DER LINDEN,Belgium,2,1,0,0,0,0,0,0,0,2,0,0,0.0,0.0
Jeff ASTLE,England,4,1,0,0,0,0,0,0,1,3,0,0,0.0,0.0
Jeff AGOOS,USA,3,1,0,0,0,0,0,0,0,3,0,0,0.0,0.0
Jean-Marie TRAPPENIERS,Belgium,3,1,0,0,0,0,0,0,0,3,0,0,0.0,0.0
Jean-Jacques MARCEL,France,8,2,0,0,0,0,0,0,7,1,0,0,0.0,0.0
JOO RICARDO,Angola,3,1,0,0,1,0,0,0,3,0,0,0,0.0,0.333
JONATHAN,Ghana,8,2,0,0,2,0,0,0,6,2,0,0,0.0,0.25
Iacob FELECAN,Romania,2,1,0,0,0,0,0,0,1,1,0,0,0.0,0.0
Ioan SABAU,Romania,4,1,0,0,0,0,0,0,4,0,0,0,0.0,0.0
Iulian FILIPESCU,Romania,4,1,0,0,2,0,0,0,3,1,0,0,0.0,0.5
Iulian CHIRITA,Romania,5,1,0,0,0,0,0,0,0,5,0,0,0.0,0.0
Itzhak VISSOKER,Israel,3,1,0,0,0,0,0,0,3,0,0,0,0.0,0.0
Itzhak SCHUM,Israel,3,1,0,0,0,0,0,0,3,0,0,0,0.0,0.0
Istvan TAMASSY,Hungary,2,1,0,0,0,0,0,0,0,2,0,0,0.0,0.0
Istvan PALOTAS,Hungary,2,1,0,0,0,0,0,0,2,0,0,0,0.0,0.0
Istvan NAGY,Hungary,8,2,0,0,0,0,0,0,2,6,0,0,0.0,0.0
Istvan KOCSIS,Hungary,3,1,0,0,0,0,0,0,2,1,0,0,0.0,0.0
Istvan ILKU,Hungary,8,2,0,0,0,0,0,0,2,6,0,0,0.0,0.0
Istvan HALASZ,Hungary,3,1,0,0,0,0,0,0,0,3,0,0,0.0,0.0
Istvan GECZI,Hungary,4,1,0,0,0,0,0,0,0,4,0,0,0.0,0.0
Istvan BALOGH,Hungary,4,1,0,0,0,0,0,0,1,3,0,0,0.0,0.0
Istvan AVAR,Hungary,2,1,0,0,0,0,0,0,1,1,0,0,0.0,0.0
Ismail YOUSSEF,Egypt,3,1,0,0,0,0,0,0,3,0,0,0,0.0,0.0
Ismail FERIDUN,Turkey,3,1,0,0,0,0,0,0,2,1,0,0,0.0,0.0
Isidoro SOTA,Mexico,3,1,0,0,0,0,0,0,1,2,0,0,0.0,0.0
Isidoro SAN JOSE,Spain,3,1,0,0,0,0,0,0,3,0,0,0,0.0,0.0
Isaac TERRAZAS,Mexico,4,1,0,0,0,0,0,0,0,4,0,0,0.0,0.0
Iosif ROTARIU,Romania,4,1,0,0,0,0,0,0,4,0,0,0,0.0,0.0
Iosif CZAKO,Romania,2,1,0,0,0,0,0,0,1,1,0,0,0.0,0.0
Ionica BOGDAN,Romania,2,1,0,0,0,0,0,0,1,1,0,0,0.0,0.0
Ion VLADOIU,Romania,5,1,0,0,0,1,1,0,0,5,0,0,0.0,0.2
Ion LAPUSNEANU,Romania,2,1,0,0,0,0,0,0,2,0,0,0,0.0,0.0
Iuliu BODOLA,Romania,3,2,0,0,0,0,0,0,2,1,0,0,0.0,0.0
Iuliu PRASSLER,Romania,2,1,0,0,0,0,0,0,1,1,0,0,0.0,0.0
Ivan BULJAN,Yugoslavia,6,1,0,0,1,0,0,0,6,0,0,0,0.0,0.167
Ivan VALENCIANO,Colombia,3,1,0,0,0,0,0,0,0,3,0,0,0.0,0.0
Ivica KRALJ,Yugoslavia,4,1,0,0,0,0,0,0,4,0,0,0,0.0,0.0
Ive JEROLIMOV,Yugoslavia,3,1,0,0,0,0,0,0,0,3,0,0,0.0,0.0
Ivaylo PETKOV,Bulgaria,3,1,0,0,0,0,0,0,2,1,0,0,0.0,0.0
Ivaylo ANDONOV,Bulgaria,7,1,0,0,0,0,0,0,0,7,0,0,0.0,0.0
Ivar ERIKSSON,Sweden,3,1,0,0,0,0,0,0,3,0,0,0,0.0,0.0
Ivano BORDON,Italy,14,2,0,0,0,0,0,0,0,14,0,0,0.0,0.0
Ivano BLASON,Italy,2,1,0,0,0,0,0,0,1,1,0,0,0.0,0.0
Ivan ZAMORANO,Chile,4,1,0,0,1,0,0,4,4,0,0,0,0.0,0.25
Ivan ZAFIROV,Bulgaria,3,1,0,0,0,0,0,0,0,3,0,0,0.0,0.0
Ivan VUTSOV,Bulgaria,3,1,0,1,0,0,0,0,3,0,0,0,0.0,0.0
Ivan STOYANOV,Bulgaria,3,1,0,0,0,0,0,0,1,2,0,0,0.0,0.0
Ivan DAVIDOV,Bulgaria,6,2,0,1,0,0,0,0,2,4,0,0,0.0,0.0
Ivan SANTEK,Yugoslavia,4,1,0,0,0,0,0,0,0,4,0,0,0.0,0.0
Ivan PUDAR,Yugoslavia,3,1,0,0,0,0,0,0,0,3,0,0,0.0,0.0
Ivan NIELSEN,Denmark,4,1,0,0,1,0,0,0,3,1,0,0,0.0,0.25
Ivan MENCZEL,Hungary,4,1,0,0,0,0,0,0,0,4,0,0,0.0,0.0
Ivan KOLEV,Bulgaria,6,2,0,0,1,0,0,0,5,1,0,0,0.0,0.167
Ivan IVANOV,Bulgaria,3,1,0,0,0,0,0,0,0,3,0,0,0.0,0.0
Ivan HRDLICKA,Czechoslovakia,3,1,0,0,0,0,0,0,1,2,0,0,0.0,0.0
Ivan HORVAT,Yugoslavia,6,2,0,1,0,0,0,1,6,0,0,0,0.0,0.0
Ivan DIMITROV,Bulgaria,6,2,0,0,0,0,0,1,4,2,0,0,0.0,0.0
Ivan DEYANOV,Bulgaria,3,1,0,0,0,0,0,0,0,3,0,0,0.0,0.0
Ion DUMITRU,Romania,3,1,0,0,1,0,0,0,3,0,0,0,0.0,0.333
Ioan LUPESCU,Romania,9,2,0,0,2,0,0,0,8,1,0,0,0.0,0.222
Ivo KNOFLICEK,Czechoslovakia,5,1,0,0,1,0,0,0,5,0,0,0,0.0,0.2
Ioan ANDONE,Romania,4,1,0,0,0,0,0,0,4,0,0,0,0.0,0.0
Igor KORNEEV,Russia,3,1,0,0,0,0,0,0,1,2,0,0,0.0,0.0
Ignaz PUSCHNIK,Austria,3,1,0,0,0,0,0,0,0,3,0,0,0.0,0.0
Ignacio ZOCO,Spain,3,1,0,0,0,0,0,1,3,0,0,0,0.0,0.0
Ignacio RODRIGUEZ,Mexico,5,1,0,0,0,0,0,0,0,5,0,0,0.0,0.0
Ignacio PRIETO,Chile,3,1,0,0,0,0,0,0,3,0,0,0,0.0,0.0
Ignacio PEREZ,Colombia,3,1,0,0,0,0,0,0,0,3,0,0,0.0,0.0
Ignacio JAUREGUI,Mexico,6,2,0,0,0,0,0,0,3,3,0,0,0.0,0.0
Ignacio FLORES,Mexico,3,1,0,0,0,0,0,0,1,2,0,0,0.0,0.0
Ignacio EIZAGUIRRE,Spain,6,1,0,0,0,0,0,1,2,4,0,0,0.0,0.0
Ignacio CALLE,Colombia,3,1,0,0,0,0,0,0,0,3,0,0,0.0,0.0
Ignacio CALDERON,Mexico,7,2,0,0,0,0,0,0,6,1,0,0,0.0,0.0
Ignacio AMBRIZ,Mexico,4,1,0,0,0,0,0,4,4,0,0,0,0.0,0.0
Ignacio ACHUCARRO,Paraguay,3,1,0,0,0,0,0,0,3,0,0,0,0.0,0.0
Ignace KOWALCZYK,France,2,1,0,0,0,0,0,0,0,2,0,0,0.0,0.0
Ibrahim HASSAN,Egypt,3,1,0,0,1,0,0,0,3,0,0,0,0.0,0.333
Ibrahim AOUDOU,Cameroon,3,1,0,0,1,0,0,0,3,0,0,0,0.0,0.333
Ibrahim AL SHAHRANI,Saudi Arabia,4,2,0,0,0,0,0,0,3,1,0,0,0.0,0.0
Ibrahim AL HELWA,Saudi Arabia,4,1,0,0,0,0,0,0,0,4,0,0,0.0,0.0
Ian STEWART,Northern Ireland,3,1,0,0,0,0,0,0,1,2,0,0,0.0,0.0
Ian McMILLAN,Scotland,2,1,0,0,0,0,0,0,0,2,0,0,0.0,0.0
Ian McCOLL,Scotland,3,1,0,0,0,0,0,0,0,3,0,0,0.0,0.0
Ian GOODISON,Jamaica,3,1,0,0,0,0,0,1,3,0,0,0,0.0,0.0
Ian CALLAGHAN,England,6,1,0,0,0,0,0,0,1,5,0,0,0.0,0.0
Igor LEDIAKHOV,Russia,3,1,0,0,0,0,0,0,1,2,0,0,0.0,0.0
Igor NETTO,Soviet Union,9,2,0,0,0,0,0,5,5,4,0,0,0.0,0.0
Igor SHALIMOV,Soviet Union,3,1,0,0,0,0,0,0,2,1,0,0,0.0,0.0
Imre KISS,Hungary,3,1,0,0,0,0,0,0,0,3,0,0,0.0,0.0
Ioachim MOLDOVEANU,Romania,2,1,0,0,0,0,0,0,1,1,0,0,0.0,0.0
Ingvar RYDELL,Sweden,5,1,0,0,0,0,0,0,1,4,0,0,0.0,0.0
Ingvar GARD,Sweden,5,1,0,0,0,0,0,0,5,0,0,0,0.0,0.0
Ingemar HARALDSSON,Sweden,6,1,0,0,0,0,0,0,0,6,0,0,0.0,0.0
Ingemar ERLANDSSON,Sweden,3,1,0,0,0,0,0,0,3,0,0,0,0.0,0.0
Inge EJDERSTEDT,Sweden,9,2,0,0,0,0,0,0,1,8,0,0,0.0,0.0
Imrich STACHO,Czechoslovakia,6,2,0,0,0,0,0,0,1,5,0,0,0.0,0.0
Imre MATHESZ,Hungary,4,1,0,0,0,0,0,0,2,2,0,0,0.0,0.0
Imre MARKOS,Hungary,2,1,0,0,0,1,1,0,2,0,0,0,0.0,0.5
Imre KOVACS,Hungary,5,1,0,0,0,0,0,0,0,5,0,0,0.0,0.0
Imre GARABA,Hungary,6,2,0,0,0,0,0,1,6,0,0,0,0.0,0.0
Igor STIMAC,Croatia,7,1,0,0,1,0,0,0,6,1,0,0,0.0,0.143
Imed BEN YOUNES,Tunisia,3,1,0,0,1,0,0,0,0,3,0,0,0.0,0.333
Ilile SUBASEANU,Romania,2,1,0,0,0,0,0,0,0,2,0,0,0.0,0.0
Ilijas PASIC,Yugoslavia,4,1,0,0,0,0,0,0,0,4,0,0,0.0,0.0
Ilie DUMITRESCU,Romania,4,1,0,0,0,0,0,0,1,3,0,0,0.0,0.0
Ilian KIRYAKOV,Bulgaria,7,1,0,0,1,0,0,0,4,3,0,0,0.0,0.143
Ilia VALOV,Bulgaria,4,1,0,0,0,0,0,0,0,4,0,0,0.0,0.0
Ilia TSYMBALAR,Russia,3,1,0,0,0,0,0,0,2,1,0,0,0.0,0.0
Ilia DYAKOV,Bulgaria,4,1,0,0,0,0,0,0,0,4,0,0,0.0,0.0
Igor VRABLIC,Canada,3,1,0,0,0,0,0,0,2,1,0,0,0.0,0.0
Igor TUDOR,Croatia,7,1,0,0,0,0,0,0,0,7,0,0,0.0,0.0
Ivo FROSIO,Switzerland,4,1,0,0,0,0,0,0,0,4,0,0,0.0,0.0
Ivo RADOVNIKOVIC,Yugoslavia,3,1,0,0,0,0,0,0,0,3,0,0,0.0,0.0
JONAS,Argentina,5,1,0,0,2,0,0,0,2,3,0,0,0.0,0.4
J.MARTINEZ,Spain,7,1,0,0,0,0,0,0,0,7,0,0,0.0,0.0
JAROLIM,Czech Republic,3,1,0,0,0,0,0,0,0,3,0,0,0.0,0.0
JARNI,Croatia,3,1,0,0,0,0,0,2,3,0,0,0,0.0,0.0
JARA,Chile,8,2,0,0,0,0,0,0,7,1,0,0,0.0,0.0
JAOUACHI,Tunisia,3,1,0,0,0,0,0,0,0,3,0,0,0.0,0.0
JANUZAJ,Belgium,5,1,0,0,0,0,0,0,1,4,0,0,0.0,0.0
JANMAAT,Netherlands,7,1,0,0,0,0,0,0,3,4,0,0,0.0,0.0
JANKULOVSKI,Czech Republic,3,1,0,0,0,0,0,0,3,0,0,0,0.0,0.0
JANG H. S.,South Korea,3,1,0,0,0,0,0,0,0,3,0,0,0.0,0.0
JANG D. I.,South Korea,3,1,0,0,0,0,0,0,0,3,0,0,0.0,0.0
JAMBA,Angola,3,1,0,0,1,0,0,0,3,0,0,0,0.0,0.333
JALIENS,Netherlands,4,1,0,0,0,0,0,0,1,3,0,0,0.0,0.0
JAKUBKO,Slovakia,4,1,0,0,0,0,0,0,0,4,0,0,0.0,0.0
JAKOBSSON,Sweden,4,1,0,0,1,0,0,0,4,0,0,0,0.0,0.25
JAIR MARINHO,Brazil,6,1,0,0,0,0,0,0,0,6,0,0,0.0,0.0
JAIR DA COSTA,Brazil,6,1,0,0,0,0,0,0,0,6,0,0,0.0,0.0
JAIME MAGALHAES,Portugal,3,1,0,0,0,0,0,0,1,2,0,0,0.0,0.0
JAIME GRACA,Portugal,6,1,0,0,0,0,0,0,6,0,0,0,0.0,0.0
JAGIELKA,England,3,1,0,0,0,0,0,0,2,1,0,0,0.0,0.0
JAESUNG,South Korea,4,1,0,0,0,0,0,0,1,3,0,0,0.0,0.0
JAEJIN,South Korea,3,1,0,0,0,0,0,0,3,0,0,0,0.0,0.0
JACK,Trinidad and Tobago,3,1,0,0,0,0,0,0,1,2,0,0,0.0,0.0
J.NEKOUNAM,Iran,3,1,0,0,2,0,0,0,2,1,0,0,0.0,0.667
J.NAVAS,Spain,7,1,0,0,0,0,0,0,1,6,0,0,0.0,0.0
JAU,Brazil,5,1,0,0,0,0,0,0,1,4,0,0,0.0,0.0
JAVI MARTNEZ,Spain,3,1,0,0,0,0,0,0,1,2,0,0,0.0,0.0
JEDINAK,Australia,6,2,0,0,2,0,0,3,3,3,1,0,0.0,0.333
JINCHEUL,South Korea,3,1,0,0,1,0,0,0,3,0,0,0,0.0,0.333
JOKI?,Slovenia,3,1,0,0,2,0,0,0,3,0,0,0,0.0,0.667
JOHNSON,USA,14,3,0,0,2,0,0,0,10,4,0,0,0.0,0.143
JOHANNSSON,USA,4,1,0,0,0,0,0,0,0,4,0,0,0.0,0.0
JOEL CAMARGO,Brazil,6,1,0,0,0,0,0,0,0,6,0,0,0.0,0.0
JOEL,Brazil,8,2,0,0,0,0,0,0,3,5,0,0,0.0,0.0
JOB,Cameroon,3,1,0,0,0,0,0,0,0,3,0,0,0.0,0.0
JOAQUIN,Spain,9,2,0,0,0,0,0,0,3,6,0,0,0.0,0.0
JOAO PINTO,Portugal,6,2,0,0,0,1,1,0,3,3,0,0,0.0,0.167
JIRANEK,Czech Republic,3,1,0,0,0,0,0,0,0,3,0,0,0.0,0.0
JINKYU,South Korea,3,1,0,0,1,0,0,0,2,1,0,0,0.0,0.333
JIHOON,South Korea,3,1,0,0,0,0,0,0,0,3,0,0,0.0,0.0
JEFFERSON,Brazil,7,1,0,0,0,0,0,0,0,7,0,0,0.0,0.0
JEVRIC,Serbia and Montenegro,3,1,0,0,0,0,0,0,3,0,0,0,0.0,0.0
JEREMIES,Germany,7,1,0,0,1,0,0,0,2,5,0,0,0.0,0.143
JEONG Gi Dong,South Korea,3,1,0,0,0,0,0,0,0,3,0,0,0.0,0.0
JENSEN,Denmark,3,1,0,0,0,0,0,0,0,3,0,0,0.0,0.0
JENDRISEK,Slovakia,4,1,0,0,0,0,0,0,3,1,0,0,0.0,0.0
JENAS,England,5,1,0,0,0,0,0,0,0,5,0,0,0.0,0.0
JEMMALI,Tunisia,3,1,0,0,0,0,0,0,1,2,0,0,0.0,0.0
JELEN,Poland,3,1,0,0,0,0,0,0,2,1,0,0,0.0,0.0
JELAVI?,Croatia,3,1,0,0,0,0,0,0,1,2,0,0,0.0,0.0
JELASSI,Tunisia,3,1,0,0,0,0,0,0,0,3,0,0,0.0,0.0
J.N. PALACIOS,Honduras,3,1,0,0,0,0,0,0,1,2,0,0,0.0,0.0
J.M. GIMENEZ,Uruguay,4,1,0,0,1,0,0,0,3,1,0,0,0.0,0.25
Ivo RUDIC,Australia,3,1,0,0,0,0,0,0,0,3,0,0,0.0,0.0
J.KAZEMIAN,Iran,3,1,0,0,0,0,0,0,0,3,0,0,0.0,0.0
J. BAPTISTA,Brazil,5,1,0,0,0,0,0,0,1,4,0,0,0.0,0.0
J. BAK,Poland,3,1,0,0,0,0,0,0,1,2,0,0,0.0,0.0
J. BAIANO,Brazil,7,1,0,0,2,0,0,0,7,0,0,0,0.0,0.286
J. AYOVI,Ecuador,3,1,0,0,0,0,0,0,0,3,0,0,0.0,0.0
J. AYEW,Ghana,3,1,0,0,1,0,0,0,1,2,0,0,0.0,0.333
J. ARELLANO,Mexico,8,2,0,0,1,0,0,0,3,5,0,0,0.0,0.125
J. AQUINO,Mexico,4,1,0,0,0,0,0,0,0,4,0,0,0.0,0.0
J. ANDRADE,Portugal,3,1,0,0,0,0,0,0,0,3,0,0,0.0,0.0
J ZH ZHAO,China PR,3,1,0,0,0,0,0,0,2,1,0,0,0.0,0.0
J Y SHAO,China PR,3,1,0,0,0,1,1,0,0,3,0,0,0.0,0.333
J Y NOH,South Korea,3,1,0,0,0,0,0,0,2,1,0,0,0.0,0.0
J W PARK,South Korea,3,1,0,0,0,0,0,0,0,3,0,0,0.0,0.0
J TORRES,Mexico,4,1,0,0,0,0,0,0,0,4,0,0,0.0,0.0
J S KO,South Korea,3,1,0,0,1,0,0,0,3,0,0,0,0.0,0.333
J MAGALLON,Mexico,4,1,0,0,0,0,0,0,0,4,0,0,0.0,0.0
J JIANG,China PR,3,1,0,0,0,0,0,1,3,0,0,0,0.0,0.0
J H YOON,South Korea,7,1,0,0,0,0,0,0,0,7,0,0,0.0,0.0
J H SUN,China PR,3,1,0,0,0,0,0,0,1,2,0,0,0.0,0.0
J H PARK,South Korea,3,1,0,0,0,0,0,0,0,3,0,0,0.0,0.0
J H HONG,South Korea,3,1,0,0,1,0,0,0,3,0,0,0,0.0,0.333
J C CHOI,South Korea,7,1,0,0,1,0,0,0,6,1,0,0,0.0,0.143
J,Brazil,7,1,0,0,1,0,0,0,1,6,0,0,0.0,0.143
Ivo VIKTOR,Czechoslovakia,3,1,0,0,0,0,0,1,2,1,0,0,0.0,0.0
J. CACERES,Paraguay,5,1,0,0,0,0,0,0,1,4,0,0,0.0,0.0
J. CAMPOS,Mexico,4,1,0,0,0,0,0,0,0,4,0,0,0.0,0.0
J. CORONA,Mexico,4,1,0,0,0,0,0,0,0,4,0,0,0.0,0.0
J. PEREIRA,Portugal,3,1,0,0,1,0,0,0,3,0,0,0,0.0,0.333
J.C. GARCIA,Honduras,3,1,0,0,0,0,0,0,1,2,0,0,0.0,0.0
J.BIZERA,Uruguay,3,1,0,0,0,0,0,0,0,3,0,0,0.0,0.0
J.A. CASTRO,Mexico,4,1,0,0,1,0,0,0,1,3,0,0,0.0,0.25
J. ZARINCHEH,Iran,3,1,0,0,1,0,0,0,3,0,0,0,0.0,0.333
J. VILLAR,Paraguay,5,1,0,0,0,0,0,4,5,0,0,0,0.0,0.0
J. VAZQUEZ,Mexico,4,1,0,0,2,0,0,0,3,1,0,0,0.0,0.5
J. TAE SE,North Korea,3,1,0,0,0,0,0,0,3,0,0,0,0.0,0.0
J. SENAYA,Togo,3,1,0,0,0,0,0,0,2,1,0,0,0.0,0.0
J. RODRIGUEZ,Mexico,4,1,0,0,0,0,0,0,3,1,0,0,0.0,0.0
J. POULSEN,Denmark,3,1,0,0,0,0,0,0,0,3,0,0,0.0,0.0
J. PALACIOS,Honduras,6,2,0,0,1,0,0,0,0,6,0,0,0.0,0.167
J. COSTA,Portugal,3,1,0,1,2,0,0,0,3,0,0,0,0.0,0.667
J. NEKOUNAM,Iran,3,1,0,0,1,0,0,3,3,0,0,0,0.0,0.333
J. MOUTINHO,Portugal,3,1,0,0,1,0,0,0,3,0,0,0,0.0,0.333
J. LEKO,Croatia,3,1,0,0,0,0,0,0,0,3,0,0,0.0,0.0
J. L. PERLAZA,Ecuador,4,1,0,0,0,0,0,0,0,4,0,0,0.0,0.0
J. HOSSEINI,Iran,3,1,0,0,0,0,0,0,3,0,0,0,0.0,0.0
J. GUERRERO,Spain,8,2,0,0,1,0,0,0,2,6,0,0,0.0,0.125
J. GUAGUA,Ecuador,4,1,0,0,0,0,0,0,1,3,0,0,0.0,0.0
J. FUCILE,Uruguay,4,1,0,0,0,0,0,0,0,4,0,0,0.0,0.0
J. FLO,Norway,7,2,0,0,0,0,0,0,3,4,0,0,0.0,0.0
J. DE J. CORONA,Mexico,4,1,0,0,0,0,0,0,0,4,0,0,0.0,0.0
John BARNES,England,12,2,0,0,0,0,0,0,5,7,0,0,0.0,0.0
John BLACKLEY,Scotland,3,1,0,0,0,0,0,0,1,2,0,0,0.0,0.0
John BOSMAN,Netherlands,5,1,0,0,0,0,0,0,0,5,0,0,0.0,0.0
KALUZNY,Poland,3,1,0,0,0,0,0,0,2,1,0,0,0.0,0.0
KEITA,Cte d'Ivoire,6,2,0,0,2,0,0,0,3,3,0,0,0.0,0.333
KEHL,Germany,14,2,0,0,1,0,0,0,3,11,0,0,0.0,0.071
KE Seung Woon,North Korea,4,1,0,0,0,0,0,0,0,4,0,0,0.0,0.0
KAWASHIMA,Japan,7,2,0,0,0,0,0,0,7,0,0,0,0.0,0.0
KAWAGUCHI,Japan,11,3,0,0,1,0,0,0,3,8,0,0,0.0,0.091
KAVIEDES,Ecuador,3,1,0,0,1,0,0,0,1,2,0,0,0.0,0.333
KATSOURANIS,Greece,7,2,0,0,3,1,1,2,5,2,0,0,0.0,0.571
KASRAOUI,Tunisia,3,1,0,0,0,0,0,0,0,3,0,0,0.0,0.0
KARPIN,Russia,3,1,0,0,0,0,0,0,3,0,1,0,0.0,0.0
KARNEZIS,Greece,4,1,0,0,0,0,0,0,4,0,0,0,0.0,0.0
KARIRI,Saudi Arabia,3,1,0,0,1,0,0,0,3,0,0,0,0.0,0.333
KARIM MOHAMED,Iraq,3,1,0,0,0,0,0,0,0,3,0,0,0.0,0.0
KARIM,Iran,3,1,0,0,1,0,0,0,0,3,0,0,0.0,0.333
KARIC,Slovenia,3,1,0,0,2,0,0,0,3,0,0,0,0.0,0.667
KARAGOUNIS,Greece,7,2,0,0,0,0,0,5,5,2,0,0,0.0,0.0
KAPINO,Greece,4,1,0,0,0,0,0,0,0,4,0,0,0.0,0.0
KAPETANOS,Greece,3,1,0,0,0,0,0,0,0,3,0,0,0.0,0.0
KANUNNIKOV,Russia,3,1,0,0,0,0,0,0,1,2,0,0,0.0,0.0
KANU,Nigeria,10,3,0,0,0,0,0,1,4,6,0,0,0.0,0.0
KANG Ryong Woon,North Korea,4,1,0,0,0,0,0,0,1,3,0,0,0.0,0.0
KANG Deuk Soo,South Korea,3,1,0,0,0,0,0,0,0,3,0,0,0.0,0.0
KANG Chang Gi,South Korea,2,1,0,0,0,0,0,0,2,0,0,0,0.0,0.0
KANG Bong Chil,North Korea,4,1,0,0,0,0,0,0,1,3,0,0,0.0,0.0
KELLER,USA,8,2,0,0,0,0,0,0,3,5,0,0,0.0,0.0
KENNEDY,Australia,7,2,0,0,0,0,0,0,1,6,0,0,0.0,0.0
KEOWN,England,5,1,0,0,0,0,0,0,0,5,0,0,0.0,0.0
KIELY,Ireland,4,1,0,0,0,0,0,0,0,4,0,0,0.0,0.0
KIM Ji Sung,South Korea,2,1,0,0,0,0,0,0,1,1,0,0,0.0,0.0
KIM D. K.,South Korea,3,1,0,0,0,0,0,0,3,0,0,0,0.0,0.0
KIM D. H.,South Korea,3,1,0,0,0,0,0,0,2,1,0,0,0.0,0.0
KIM Bong Hwan,North Korea,4,1,0,0,0,0,0,0,1,3,0,0,0.0,0.0
KIM B. J.,South Korea,3,1,0,0,1,0,0,0,3,0,0,0,0.0,0.333
KILLEN,New Zealand,3,1,0,0,0,0,0,0,3,0,0,0,0.0,0.0
KILBANE,Ireland,4,1,0,0,0,0,0,0,4,0,0,0,0.0,0.0
KIHYEON,South Korea,3,1,0,0,0,0,0,0,0,3,0,0,0.0,0.0
KIHUN,South Korea,4,1,0,0,1,0,0,0,3,1,0,0,0.0,0.25
KIHLSTEDT,Sweden,4,1,0,0,0,0,0,0,0,4,0,0,0.0,0.0
KIELING,Germany,7,1,0,0,0,0,0,0,0,7,0,0,0.0,0.0
KEZMAN,Serbia and Montenegro,3,1,0,0,0,1,1,0,2,1,0,0,0.0,0.333
KHUNE,South Africa,3,1,0,0,0,1,1,0,2,1,0,0,0.0,0.333
KHUBONI,South Africa,3,1,0,0,0,0,0,0,1,2,0,0,0.0,0.0
KHOKHLOV,Russia,3,1,0,0,1,0,0,0,1,2,0,0,0.0,0.333
KHOJALI,Saudi Arabia,3,1,0,0,0,0,0,0,0,3,0,0,0.0,0.0
KHOJAH,Saudi Arabia,3,1,0,0,0,0,0,0,0,3,0,0,0.0,0.0
KHATHRAN,Saudi Arabia,3,1,0,0,0,0,0,0,2,1,0,0,0.0,0.0
KHALIL MOHAMED,Iraq,3,1,0,0,1,0,0,1,3,0,0,0,0.0,0.333
KHALEEL GHANIM,United Arab Emirates,3,1,0,0,2,1,1,0,3,0,0,0,0.0,1.0
KH. HEYDARI,Iran,3,1,0,0,0,0,0,0,1,2,0,0,0.0,0.0
KH. FADIGA,Senegal,5,1,0,0,2,0,0,0,4,1,1,0,0.0,0.4
KAMENI,Cameroon,6,2,0,0,0,0,0,0,0,6,0,0,0.0,0.0
KALLA,Cameroon,9,3,0,0,2,1,1,0,8,1,0,0,0.0,0.333
KIM Pan Keun,South Korea,3,1,0,0,0,0,0,0,3,0,0,0,0.0,0.0
KALI,Angola,3,1,0,0,0,0,0,0,3,0,0,0,0.0,0.0
Jurica JERKOVIC,Yugoslavia,9,2,0,0,0,0,0,0,1,8,0,0,0.0,0.0
Juri VOINOV,Soviet Union,5,1,0,0,0,0,0,0,5,0,0,0,0.0,0.0
Jupp POSIPAL,West Germany,6,1,0,0,0,0,0,0,5,1,0,0,0.0,0.0
Jupp KAPPELLMANN,West Germany,7,1,0,0,0,0,0,0,0,7,0,0,0.0,0.0
Jupp HEYNCKES,West Germany,7,1,0,0,0,0,0,0,2,5,0,0,0.0,0.0
Julius BIELIK,Czechoslovakia,5,1,0,0,0,0,0,0,0,5,0,0,0.0,0.0
Julio QUINTANA,Peru,2,1,0,0,0,0,0,0,0,2,0,0,0.0,0.0
Julio OLARTICOECHEA,Argentina,19,3,0,0,3,0,0,0,8,11,0,0,0.0,0.158
Julio MUSSIMESI,Argentina,3,1,0,0,0,0,0,0,0,3,0,0,0.0,0.0
Julio MORALES,Uruguay,6,1,0,0,0,0,0,0,3,3,0,0,0.0,0.0
Julio MONTERO CASTILLO,Uruguay,9,2,0,0,1,1,1,0,7,2,0,0,0.0,0.222
Julio MACEIRAS,Uruguay,5,1,0,0,0,0,0,0,0,5,0,0,0.0,0.0
Julio LOSADA,Uruguay,6,1,0,0,0,0,0,0,2,4,0,0,0.0,0.0
Julio LORES,Peru,2,1,0,0,0,0,0,0,2,0,0,0,0.0,0.0
Julio HERNANDEZ,El Salvador,3,1,0,0,0,0,0,0,0,3,0,0,0.0,0.0
Julio Cesar YEGROS,Paraguay,4,1,0,0,0,0,0,0,0,4,0,0,0.0,0.0
Julio Cesar URIBE,Peru,3,1,0,0,0,0,0,0,2,1,0,0,0.0,0.0
Julio Cesar JIMENEZ,Uruguay,3,1,0,0,0,0,0,0,0,3,0,0,0.0,0.0
Julio Cesar BRITOS,Uruguay,4,1,0,0,0,0,0,0,0,4,0,0,0.0,0.0
Julio Cesar ARZU,Honduras,3,1,0,0,0,0,0,0,3,0,0,0,0.0,0.0
Julio CARDENOSA,Spain,3,1,0,0,0,0,0,0,3,0,0,0,0.0,0.0
Julio BAYLON,Peru,4,1,0,0,0,0,0,0,2,2,0,0,0.0,0.0
Julio BALDIVIESO,Bolivia,3,1,0,0,2,0,0,0,2,1,0,0,0.0,0.667
K Y HAN,South Korea,3,1,0,0,1,0,0,0,3,0,0,0,0.0,0.333
K. AL-MOWALAD,Saudi Arabia,4,1,0,0,2,0,0,0,2,2,0,0,0.0,0.5
K. AL-MUWALID,Saudi Arabia,3,1,0,0,1,0,0,0,1,2,0,0,0.0,0.333
K.NAKATA,Japan,4,1,0,0,1,0,0,0,4,0,0,0,0.0,0.25
KALAC,Australia,4,1,0,0,0,0,0,0,1,3,0,0,0.0,0.0
KAKITANI,Japan,3,1,0,0,0,0,0,0,0,3,0,0,0.0,0.0
KAKA,Brazil,7,1,0,0,0,0,0,0,0,7,0,0,0.0,0.0
KAJI,Japan,3,1,0,0,1,0,0,0,2,1,0,0,0.0,0.333
KAITA,Nigeria,3,1,0,0,0,1,1,0,2,1,0,0,0.0,0.333
KAHN,Germany,14,2,0,0,1,0,0,8,8,6,0,0,0.0,0.071
KAHLENBERG,Denmark,3,1,0,0,0,0,0,0,2,1,0,0,0.0,0.0
KAGAWA,Japan,3,1,0,0,0,0,0,0,2,1,0,0,0.0,0.0
KADIR,Algeria,3,1,0,0,0,0,0,0,3,0,0,0,0.0,0.0
KA?AR,Serbia,3,1,0,0,0,0,0,0,0,3,0,0,0.0,0.0
K.ASAMOAH,Ghana,5,1,0,0,0,0,0,0,5,0,0,0,0.0,0.0
K. ASAMOAH,Ghana,3,1,0,0,0,0,0,0,3,0,0,0,0.0,0.0
K. YONG JUN,North Korea,3,1,0,0,0,0,0,0,0,3,0,0,0.0,0.0
K. SVENSSON,Sweden,4,1,0,0,0,0,0,0,0,4,0,0,0.0,0.0
K. NAKATA,Japan,3,1,0,0,0,0,0,0,0,3,0,0,0.0,0.0
K. NAKAMURA,Japan,4,1,0,0,0,0,0,0,0,4,0,0,0.0,0.0
K. MYONG WON,North Korea,3,1,0,0,0,0,0,0,0,3,0,0,0.0,0.0
K. MYONG GIL,North Korea,3,1,0,0,0,0,0,0,0,3,0,0,0.0,0.0
K. KYONG IL,North Korea,3,1,0,0,0,0,0,0,0,3,0,0,0.0,0.0
K. KUM IL,North Korea,3,1,0,0,0,0,0,0,0,3,0,0,0.0,0.0
K. BAGHERI,Iran,3,1,0,0,0,0,0,0,3,0,0,0,0.0,0.0
K. AZIZI,Iran,3,1,0,0,0,0,0,0,3,0,0,0,0.0,0.0
KIM Joo Sung,South Korea,9,3,0,0,3,0,0,0,9,0,0,0,0.0,0.333
KIM Poong Jo,South Korea,3,1,0,0,0,0,0,0,0,3,0,0,0.0,0.0
John BYRNE,Ireland,5,1,0,0,0,0,0,0,0,5,0,0,0.0,0.0
KRHIN,Slovenia,3,1,0,0,0,0,0,0,0,3,0,0,0.0,0.0
Kalman IHASZ,Hungary,8,2,0,0,0,0,0,0,0,8,0,0,0.0,0.0
Kalle SVENSSON,Sweden,11,2,0,0,0,0,0,0,11,0,0,0,0.0,0.0
Kalambay OTEPA,Zaire,3,1,0,0,0,0,0,0,0,3,0,0,0.0,0.0
Kakoko ETEPE,Zaire,3,1,0,0,0,0,0,0,2,1,0,0,0.0,0.0
Kais GHODHBANE,Tunisia,3,1,0,0,1,0,0,0,2,1,0,0,0.0,0.333
Kafula NGOYE,Zaire,3,1,0,0,0,0,0,0,0,3,0,0,0.0,0.0
Kacmaz AKGUN,Turkey,3,1,0,0,0,0,0,0,0,3,0,0,0.0,0.0
Kabasu BABO,Zaire,3,1,0,0,0,0,0,0,0,3,0,0,0.0,0.0
KYUNGHO,South Korea,3,1,0,0,0,0,0,0,0,3,0,0,0.0,0.0
KYRGIAKOS,Greece,3,1,0,0,0,0,0,0,2,1,0,0,0.0,0.0
KWARASEY,Ghana,3,1,0,0,0,0,0,0,1,2,0,0,0.0,0.0
KVIST,Denmark,3,1,0,0,0,0,0,0,0,3,0,0,0.0,0.0
KUZMANOVI?,Serbia,3,1,0,0,1,0,0,0,2,1,0,0,0.0,0.333
KUSZCZAK,Poland,3,1,0,0,0,0,0,0,0,3,0,0,0.0,0.0
KUN AGUERO,Argentina,5,1,0,0,0,0,0,0,1,4,0,0,0.0,0.0
KUFFOUR,Ghana,4,1,0,0,0,0,0,0,1,3,0,0,0.0,0.0
KUCKA,Slovakia,4,1,0,0,1,0,0,0,2,2,0,0,0.0,0.25
KUCIAK,Slovakia,4,1,0,0,0,0,0,0,0,4,0,0,0.0,0.0
KUCHARSKI,Poland,3,1,0,0,1,0,0,0,1,2,0,0,0.0,0.333
KRZYNOWEK,Poland,6,2,0,0,2,0,0,0,6,0,0,0,0.0,0.333
KRUL,Netherlands,7,1,0,0,0,0,0,0,0,7,0,0,0.0,0.0
KRSTAJIC,Serbia and Montenegro,3,1,0,0,1,0,0,0,3,0,0,0,0.0,0.333
KROMKAMP,Netherlands,4,1,0,0,0,0,0,0,0,4,0,0,0.0,0.0
Kalman KOVACS,Hungary,3,1,0,0,0,0,0,0,1,2,0,0,0.0,0.0
Kalman SOVARI,Hungary,8,2,0,0,0,0,0,0,1,7,0,0,0.0,0.0
Kamel CHEBALI,Tunisia,3,1,0,0,0,0,0,0,0,3,0,0,0.0,0.0
Karl ODERMATT,Switzerland,3,1,0,0,0,0,0,0,1,2,0,0,0.0,0.0
Kazimir GAJDOS,Czechoslovakia,6,2,0,0,0,0,0,0,0,6,0,0,0.0,0.0
Kazimierz PRZYBYS,Poland,4,1,0,0,0,0,0,0,1,3,0,0,0.0,0.0
Kazimierz KMIECIK,Poland,7,1,0,0,0,0,0,0,0,7,0,0,0.0,0.0
Kazadi MUAMBA,Zaire,3,1,0,0,0,0,0,0,3,0,0,0,0.0,0.0
Kassem SLIMANI,Morocco,3,1,0,0,0,0,0,0,3,0,0,0,0.0,0.0
Kasey KELLER,USA,6,2,0,0,0,0,0,0,2,4,0,0,0.0,0.0
Karol JOKL,Czechoslovakia,3,1,0,0,0,0,0,0,2,1,0,0,0.0,0.0
Karol DOBIAS,Czechoslovakia,3,1,0,0,1,0,0,0,3,0,0,0,0.0,0.333
Karl-Heinz METZNER,West Germany,6,1,0,0,0,0,0,0,0,6,0,0,0.0,0.0
Karl STOTZ,Austria,8,2,0,0,0,0,0,0,1,7,0,0,0.0,0.0
Karl MAI,West Germany,6,1,0,0,0,0,0,0,5,1,0,0,0.0,0.0
Karel BURKERT,Czechoslovakia,3,1,0,0,0,0,0,0,1,2,0,0,0.0,0.0
Karl LOKEN,Norway,3,1,0,0,0,0,0,0,0,3,0,0,0.0,0.0
Karl JOHNSSON,Sweden,2,1,0,0,0,0,0,0,0,2,0,0,0.0,0.0
Karl Heinz FOERSTER,West Germany,14,2,0,0,1,0,0,0,14,0,0,0,0.0,0.071
Karl GIESSER,Austria,5,1,0,0,0,0,0,0,0,5,0,0,0.0,0.0
Karl Erik GRAHN,Sweden,3,1,0,0,0,0,0,0,0,3,0,0,0.0,0.0
Karl ALLGOEWER,West Germany,7,1,0,0,0,0,0,0,0,7,0,0,0.0,0.0
Karim MAROC,Algeria,6,2,0,0,0,0,0,0,2,4,0,0,0.0,0.0
Karel STROMSIK,Czechoslovakia,3,1,0,0,0,0,0,0,1,2,0,0,0.0,0.0
Karel SENECKY,Czechoslovakia,3,1,0,0,0,0,0,0,1,2,0,0,0.0,0.0
Karel KOLSKY,Czechoslovakia,3,1,0,0,0,0,0,0,0,3,0,0,0.0,0.0
KRLDRUP,Denmark,3,1,0,0,1,0,0,0,1,2,0,0,0.0,0.333
KRASI?,Serbia,3,1,0,0,0,0,0,0,3,0,0,0,0.0,0.0
KIM Pyung Seok,South Korea,3,1,0,0,0,0,0,0,1,2,0,0,0.0,0.0
KRANJCAR,Croatia,3,1,0,0,0,0,0,0,3,0,0,0,0.0,0.0
KOLAINAC,Bosnia and Herzegovina,3,1,0,1,0,0,0,0,2,1,0,0,0.0,0.0
KOKE,Spain,3,1,0,0,0,0,0,0,1,2,0,0,0.0,0.0
KOHLER,Germany,5,1,0,0,1,0,0,0,5,0,0,0,0.0,0.2
KO J. S.,South Korea,3,1,0,0,1,0,0,0,1,2,0,0,0.0,0.333
KNAVS,Slovenia,3,1,0,0,0,0,0,0,2,1,0,0,0.0,0.0
KLOS,Poland,3,1,0,0,0,0,0,0,1,2,0,0,0.0,0.0
KLLSTRM,Sweden,4,1,0,0,0,0,0,0,3,1,0,0,0.0,0.0
KLEBERSON,Brazil,12,2,0,0,0,0,0,0,3,9,0,0,0.0,0.0
KLASNIC,Croatia,3,1,0,0,0,0,0,0,2,1,0,0,0.0,0.0
KJR,Denmark,3,1,0,0,2,0,0,0,2,1,0,0,0.0,0.667
KJAER,Denmark,4,1,0,0,0,0,0,0,0,4,0,0,0.0,0.0
KIYOTAKE,Japan,3,1,0,0,0,0,0,0,0,3,0,0,0.0,0.0
KISHISHEV,Bulgaria,3,1,0,0,1,0,0,0,3,0,0,0,0.0,0.333
KIRM,Slovenia,3,1,0,0,1,0,0,0,3,0,0,0,0.0,0.333
KINSKY,Czech Republic,3,1,0,0,0,0,0,0,0,3,0,0,0.0,0.0
KINSELLA,Ireland,4,1,0,0,0,0,0,0,4,0,0,0,0.0,0.0
KINGSON,Ghana,9,2,0,0,0,0,0,1,9,0,0,0,0.0,0.0
KING,England,4,1,0,0,0,0,0,0,1,3,0,0,0.0,0.0
KIM Yung Kil,North Korea,4,1,0,0,0,0,0,0,0,4,0,0,0.0,0.0
KIM Young Se,South Korea,3,1,0,0,0,0,0,0,1,2,0,0,0.0,0.0
KIM T. Y.,South Korea,3,1,0,0,1,0,0,0,2,1,0,0,0.0,0.333
KIM Seung Il,North Korea,4,1,0,0,0,0,0,0,2,2,0,0,0.0,0.0
KIM Sam Soo,South Korea,3,1,0,0,0,0,0,0,0,3,0,0,0.0,0.0
KOLAROV,Serbia,3,1,0,0,1,0,0,0,2,1,0,0,0.0,0.333
KOMAC,Slovenia,3,1,0,0,1,0,0,0,0,3,0,0,0.0,0.333
KOMANO,Japan,7,2,0,0,0,0,0,0,5,2,0,0,0.0,0.0
KOVA?I?,Croatia,3,1,0,0,0,0,0,0,1,2,0,0,0.0,0.0
KRAMER,Germany,7,1,0,0,0,0,0,0,1,6,0,0,0.0,0.0
KPKE,Germany,5,1,0,0,0,0,0,0,5,0,0,0,0.0,0.0
KOZMINSKI,Poland,3,1,0,0,1,0,0,0,3,0,0,0,0.0,0.333
KOZLOV,Russia,3,1,0,0,1,0,0,0,2,1,0,0,0.0,0.333
KOZAK,Slovakia,4,1,0,0,0,0,0,0,1,3,0,0,0.0,0.0
KOVTUN,Russia,3,1,0,0,0,0,0,0,3,0,0,0,0.0,0.0
KOVACEVIC,Serbia and Montenegro,3,1,0,0,0,0,0,0,0,3,0,0,0.0,0.0
KOVAC R.,Croatia,3,1,0,0,1,0,0,0,3,0,0,0,0.0,0.333
KOVAC N.,Croatia,3,1,0,0,0,0,0,0,3,0,0,0,0.0,0.0
KOVAC,Czech Republic,3,1,0,0,0,0,0,0,1,2,0,0,0.0,0.0
KOUMANTARAKIS,South Africa,3,1,0,0,0,0,0,0,0,3,0,0,0.0,0.0
KOMPANY,Belgium,5,1,0,0,1,0,0,4,4,1,0,0,0.0,0.2
KOUASSI,Cte d'Ivoire,3,1,0,0,0,0,0,0,1,2,0,0,0.0,0.0
KOUAMATIEN,Cte d'Ivoire,3,1,0,0,0,0,0,0,0,3,0,0,0.0,0.0
KOSTADINOV,Bulgaria,7,1,0,0,1,0,0,0,7,0,0,0,0.0,0.143
KOSOWSKI,Poland,3,1,0,0,0,0,0,0,0,3,0,0,0.0,0.0
KOSCIELNY,France,5,1,0,0,0,0,0,0,2,3,0,0,0.0,0.0
KOROMAN,Serbia and Montenegro,3,1,0,0,2,0,0,0,1,2,0,0,0.0,0.667
KONNO,Japan,7,2,0,0,1,0,0,0,2,5,0,0,0.0,0.143
KONGOLO,Netherlands,7,1,0,0,0,0,0,0,0,7,0,0,0.0,0.0
KONE A.,Cte d'Ivoire,3,1,0,0,0,0,0,0,2,1,0,0,0.0,0.0
KONE,Greece,4,1,0,0,0,0,0,0,3,1,0,0,0.0,0.0
Julien DARUI,France,2,1,0,0,0,0,0,0,0,2,0,0,0.0,0.0
Julian CORONEL,Paraguay,4,1,0,0,0,0,0,0,0,4,0,0,0.0,0.0
Jules VANDOOREN,France,3,2,0,0,0,0,0,0,0,3,0,0,0.0,0.0
Jose ARAQUISTAIN,Spain,3,1,0,0,0,0,0,0,1,2,0,0,0.0,0.0
Jose JUNCOSA,Spain,6,1,0,0,0,0,0,0,1,5,0,0,0.0,0.0
Jose JOVEL,El Salvador,3,1,0,0,0,0,0,0,3,0,0,0,0.0,0.0
Jose JAIKEL,Costa Rica,4,1,0,0,0,0,0,0,0,4,0,0,0.0,0.0
Jose IRIBAR,Spain,3,1,0,0,0,0,0,0,3,0,0,0,0.0,0.0
Jose HUEZO,El Salvador,3,1,0,0,0,0,0,3,3,0,0,0,0.0,0.0
Jose HERRERA,Uruguay,4,1,0,0,1,0,0,0,3,1,0,0,0.0,0.25
Jose GONZALES GANOZA,Peru,3,1,0,0,0,0,0,0,0,3,0,0,0.0,0.0
Jose GOMEZ,Uruguay,3,1,0,0,0,0,0,0,0,3,0,0,0.0,0.0
Jose FLORES,Peru,2,1,0,0,0,0,0,0,0,2,0,0,0.0,0.0
Jose FIGUEROA,Honduras,3,1,0,0,0,0,0,0,3,0,0,0,0.0,0.0
Jose FERNANDEZ,Peru,4,1,0,0,0,0,0,0,1,3,0,0,0.0,0.0
Jose DELLA TORRE,Argentina,5,1,0,0,0,0,0,0,5,0,0,0,0.0,0.0
Jose DEL CASTILLO,Peru,4,1,0,0,0,0,0,0,0,4,0,0,0.0,0.0
Jose CUCIUFFO,Argentina,7,1,0,0,1,0,0,0,6,1,0,0,0.0,0.143
Jose CRUZ,Honduras,3,1,0,0,0,0,0,0,1,2,0,0,0.0,0.0
Jose CHAVES,Costa Rica,4,1,0,0,0,0,0,0,4,0,0,0,0.0,0.0
Jose CHAMOT,Argentina,5,1,0,0,2,0,0,0,3,2,0,0,0.0,0.4
Jose CAMARASA,Spain,5,1,0,0,1,0,0,0,1,4,0,0,0.0,0.2
Jose BUSTAMANTE,Bolivia,2,1,0,0,0,0,0,0,2,0,0,0,0.0,0.0
Jose BULNES,Honduras,3,1,0,0,0,0,0,0,2,1,0,0,0.0,0.0
Jose BORBOLLA,Mexico,3,1,0,0,0,0,0,0,1,2,0,0,0.0,0.0
Jose BATISTA,Uruguay,4,1,0,0,0,1,1,0,3,1,0,0,0.0,0.25
Jose BASUALDO,Argentina,11,2,0,0,0,0,0,0,8,3,0,0,0.0,0.0
Jose Leon MIRACCA,Paraguay,2,1,0,0,0,0,0,0,1,1,0,0,0.0,0.0
Jose MUGUERZA,Spain,3,1,0,0,0,0,0,0,3,0,0,0,0.0,0.0
Jose MUNGUIA,El Salvador,3,1,0,0,0,0,0,0,0,3,0,0,0.0,0.0
Jose PERDOMO,Uruguay,4,1,0,0,2,0,0,0,4,0,0,0,0.0,0.5
Jose RUIZ,Mexico,3,1,0,0,0,0,0,0,2,1,0,0,0.0,0.0
Jose RUGAMAS,El Salvador,3,1,0,0,0,0,0,0,2,1,0,0,0.0,0.0
Jose RODRIGUEZ,Cuba,3,1,0,0,0,0,0,0,3,0,0,0,0.0,0.0
Jose ROCA,Mexico,8,3,0,0,0,0,0,0,3,5,0,0,0.0,0.0
Jose RIVAS,El Salvador,3,1,0,0,0,0,0,0,3,0,0,0,0.0,0.0
Jose REYES,Mexico,3,1,0,0,0,0,0,0,2,1,0,0,0.0,0.0
Jose RAMOS DELGADO,Argentina,6,2,0,0,0,0,0,0,1,5,0,0,0.0,0.0
Jose QUINTANILLA,El Salvador,3,1,0,0,0,0,0,0,2,1,0,0,0.0,0.0
Jose PINTOS,Uruguay,4,1,0,0,1,0,0,0,1,3,0,0,0.0,0.25
Jose PEREZ,Colombia,4,1,0,0,0,0,0,0,0,4,0,0,0.0,0.0
Jose PAZO,Colombia,3,1,0,0,0,0,0,0,0,3,0,0,0.0,0.0
Jose Maria BAKERO,Spain,9,2,0,0,0,0,0,0,2,7,0,0,0.0,0.0
Jose PASTORIZA,Argentina,4,1,0,0,0,0,0,0,0,4,0,0,0.0,0.0
Jose PARRA,Spain,6,1,0,1,0,0,0,0,5,1,0,0,0.0,0.0
Jose PANIZO,Spain,6,1,0,0,0,0,0,0,4,2,0,0,0.0,0.0
Jose OCHOTORENA,Spain,4,1,0,0,0,0,0,0,0,4,0,0,0.0,0.0
Jose NOYA,Bolivia,2,1,0,0,0,0,0,0,0,2,0,0,0.0,0.0
Jose NAZAR,Honduras,3,1,0,0,0,0,0,0,0,3,0,0,0.0,0.0
Jose NAVARRO,Mexico,9,2,0,0,0,0,0,0,1,8,0,0,0.0,0.0
Jose NASAZZI,Uruguay,4,1,0,0,0,0,0,4,4,0,0,0,0.0,0.0
Jose NARANJO,Mexico,5,2,0,0,0,0,0,2,4,1,0,0,0.0,0.0
Jose Maria LAVALLE,Peru,2,1,0,0,0,0,0,0,2,0,0,0,0.0,0.0
Jose Antonio CAMACHO,Spain,10,2,0,0,2,0,0,5,10,0,0,0,0.0,0.2
Jose ANDRADE,Uruguay,4,1,0,0,0,0,0,0,4,0,0,0,0.0,0.0
Jules Denis ONANA,Cameroon,5,1,0,0,2,0,0,0,3,2,0,0,0.0,0.4
Jose ALEXANKO,Spain,5,1,0,0,1,0,0,0,5,0,0,0,0.0,0.2
Johnny VAN T SCHIP,Netherlands,4,1,0,0,0,0,0,0,2,2,0,0,0.0,0.0
Johnny SCHUTH,France,3,1,0,0,0,0,0,0,0,3,0,0,0.0,0.0
John WATKISS,Australia,3,1,0,0,0,0,0,0,0,3,0,0,0.0,0.0
John WARREN,Australia,3,1,0,0,0,0,0,0,1,2,0,0,0.0,0.0
John VAN LOEN,Netherlands,4,1,0,0,0,0,0,0,0,4,0,0,0.0,0.0
John STOLLMEYER,USA,3,1,0,0,0,0,0,0,1,2,0,0,0.0,0.0
John SOUZA,USA,3,1,0,0,0,0,0,0,3,0,0,0,0.0,0.0
John SIVEBAEK,Denmark,4,1,0,0,0,0,0,0,1,3,0,0,0.0,0.0
John SHERIDAN,Ireland,9,2,0,0,0,0,0,0,4,5,0,0,0.0,0.0
John O NEILL,Northern Ireland,8,2,0,0,0,0,0,0,3,5,0,0,0.0,0.0
John McCLELLAND,Northern Ireland,8,2,0,0,0,0,0,0,5,3,0,0,0.0,0.0
John MOSHOEU,South Africa,3,1,0,0,0,0,0,0,3,0,0,0,0.0,0.0
John MACKENZIE,Scotland,2,1,0,0,0,0,0,0,2,0,0,0,0.0,0.0
John JAMESON,Northern Ireland,5,1,0,0,0,0,0,0,0,5,0,0,0.0,0.0
John HILL,New Zealand,3,1,0,0,0,0,0,0,1,2,0,0,0.0,0.0
John HEWIE,Scotland,3,1,0,0,0,0,0,0,2,1,0,0,0.0,0.0
John HARKES,USA,7,2,0,0,2,0,0,0,6,1,0,0,0.0,0.286
John ELSWORTHY,Wales,5,1,0,0,0,0,0,0,0,5,0,0,0.0,0.0
John DOYLE,USA,3,1,0,0,0,0,0,0,2,1,0,0,0.0,0.0
John DE WOLF,Netherlands,5,1,0,0,0,0,0,0,0,5,0,0,0.0,0.0
John COYLE,Scotland,3,1,0,0,0,0,0,0,0,3,0,0,0.0,0.0
John CONNELLY,England,10,2,0,0,0,0,0,0,1,9,0,0,0.0,0.0
John COLLINS,Scotland,6,2,0,0,0,0,0,0,3,3,1,0,0.0,0.0
Jonas THERN,Sweden,10,2,0,0,2,1,1,6,7,3,0,0,0.0,0.3
Jonathan GOULD,Scotland,3,1,0,0,0,0,0,0,0,3,0,0,0.0,0.0
Joop HIELE,Netherlands,4,1,0,0,0,0,0,0,0,4,0,0,0.0,0.0
Jorge NUNEZ,Paraguay,4,1,0,0,1,0,0,0,4,0,0,0,0.0,0.25
Jorgen AUGUSTSSON,Sweden,6,1,0,0,0,0,0,0,2,4,0,0,0.0,0.0
Jorge SOLARI,Argentina,4,1,0,0,1,0,0,0,4,0,0,0,0.0,0.25
Jorge SOCIAS,Chile,3,1,0,0,0,0,0,0,1,2,0,0,0.0,0.0
Jorge SARMIENTO,Peru,2,1,0,0,0,0,0,0,0,2,0,0,0.0,0.0
Jorge ROMO,Mexico,5,2,0,0,0,0,0,0,4,1,0,0,0.0,0.0
Jorge RODRIGUEZ,Mexico,4,1,0,0,0,0,0,0,3,1,0,0,0.0,0.0
Jorge PARDON,Peru,2,1,0,0,0,0,0,0,1,1,0,0,0.0,0.0
Jorge OTERO,Spain,5,1,0,0,1,0,0,0,1,4,0,0,0.0,0.2
Jorge OLGUIN,Argentina,12,2,0,0,1,0,0,0,12,0,0,0,0.0,0.083
Jorge OLAECHEA,Peru,3,1,0,0,0,0,0,0,3,0,0,0,0.0,0.0
Jorge MANICERA,Uruguay,4,1,0,0,0,0,0,0,4,0,0,0,0.0,0.0
Jorge ARGOTE,Bolivia,2,1,0,0,0,0,0,0,1,1,0,0,0.0,0.0
Jorge GUASCH,Paraguay,4,1,0,0,0,0,0,0,1,3,0,0,0.0,0.0
Jorge GONZALEZ,El Salvador,3,1,0,0,0,0,0,0,3,0,0,0,0.0,0.0
Jorge GONGORA,Peru,2,1,0,0,0,0,0,0,0,2,0,0,0.0,0.0
Jorge DA SILVA,Uruguay,4,1,0,0,2,0,0,0,2,2,0,0,0.0,0.5
Jorge CARRASCOSA,Argentina,6,1,0,0,0,0,0,0,1,5,0,0,0.0,0.0
Jorge CAMPOS,Mexico,4,1,0,0,0,0,0,0,4,0,0,0,0.0,0.0
Jorge BORELLI,Argentina,4,1,0,0,0,0,0,0,0,4,0,0,0.0,0.0
Jorge BATTAGLIA,Paraguay,4,1,0,0,0,0,0,0,0,4,0,0,0.0,0.0
Jorge BARRIOS,Uruguay,4,1,0,0,0,0,0,3,3,1,0,0,0.0,0.0
Jorge BALDERRAMA,Bolivia,2,1,0,0,0,0,0,0,2,0,0,0,0.0,0.0
Jose Raul AVEIRO,Paraguay,3,1,0,0,0,0,0,0,0,3,0,0,0.0,0.0
Jose SALGADO,Mexico,4,1,0,0,0,0,0,0,0,4,0,0,0.0,0.0
Jose SANCHEZ,Spain,5,1,0,0,1,0,0,0,2,3,0,0,0.0,0.2
Jose SANTAMARIA,Uruguay,8,2,0,0,0,0,0,0,7,1,0,0,0.0,0.0
Juan Leon CANETE,Paraguay,2,1,0,0,0,0,0,0,0,2,0,0,0.0,0.0
Juan Gualberto FERNANDEZ,El Salvador,3,1,0,0,0,0,0,0,0,3,0,0,0.0,0.0
Juan GOMEZ,Mexico,2,1,0,0,0,0,0,0,1,1,0,0,0.0,0.0
Juan Francesco LOMBARDO,Argentina,3,1,0,0,0,0,0,0,3,0,0,0,0.0,0.0
Juan EVARISTO,Argentina,5,1,0,0,0,0,0,0,4,1,0,0,0.0,0.0
Juan Carlos OBLITAS,Peru,9,2,0,0,0,0,0,0,9,0,0,0,0.0,0.0
Juan Carlos GONZALEZ,Uruguay,4,1,0,0,0,0,0,0,2,2,0,0,0.0,0.0
Juan Carlos CHAVEZ,Mexico,4,1,0,0,0,0,0,0,0,4,0,0,0.0,0.0
Juan Carlos CALVO,Uruguay,4,1,0,0,0,0,0,0,0,4,0,0,0.0,0.0
Juan Carlos ABLANEDO,Spain,9,2,0,0,0,0,0,0,0,9,0,0,0.0,0.0
Juan CRUZ,Honduras,3,1,0,0,0,0,0,0,1,2,0,0,0.0,0.0
Juan CACERES,Peru,6,1,0,0,0,0,0,0,0,6,0,0,0.0,0.0
Juan BURGUENO,Uruguay,4,1,0,0,0,0,0,0,0,4,0,0,0.0,0.0
Juan BOTASSO,Argentina,5,1,0,0,0,0,0,0,2,3,0,0,0.0,0.0
Juan BARBAS,Argentina,5,1,0,0,0,0,0,0,1,4,0,0,0.0,0.0
Juan Alfonso VALLE,Peru,2,1,0,0,0,0,0,0,0,2,0,0,0.0,0.0
Juan AYRA,Cuba,3,1,0,0,0,0,0,0,1,2,0,0,0.0,0.0
Juan ALONSO,Cuba,3,1,0,0,0,0,0,0,1,2,0,0,0.0,0.0
Juan AGUILERA,Chile,3,1,0,0,0,0,0,0,1,2,0,0,0.0,0.0
Juan ACUNA,Spain,6,1,0,0,0,0,0,0,0,6,0,0,0.0,0.0
Jozsef ZAKARIAS,Hungary,5,1,0,0,0,0,0,0,4,1,0,0,0.0,0.0
Jozsef VAGO,Hungary,2,1,0,0,0,0,0,0,1,1,0,0,0.0,0.0
A BAUTISTA,Mexico,4,1,0,0,0,0,0,0,1,3,0,0,0.0,0.0
Juan MACHUCA,Chile,3,1,0,0,0,0,0,0,0,3,0,0,0.0,0.0
Juan MARTINEZ,El Salvador,3,1,0,0,0,0,0,0,2,1,0,0,0.0,0.0
Juan MASNIK,Uruguay,3,1,0,0,1,0,0,1,1,2,0,0,0.0,0.333
Juan TUNAS,Cuba,3,1,0,0,0,0,0,0,3,0,0,0,0.0,0.0
Julen LOPETEGUI,Spain,5,1,0,0,0,0,0,0,0,5,0,0,0.0,0.0
Juergen WERNER,West Germany,4,1,0,0,0,0,0,0,0,4,0,0,0.0,0.0
Juergen SOMMER,USA,7,2,0,0,0,0,0,0,0,7,0,0,0.0,0.0
Juergen POMMERENKE,East Germany,6,1,0,0,0,0,0,0,3,3,0,0,0.0,0.0
Juergen KURBJUHN,West Germany,4,1,0,0,0,0,0,0,0,4,0,0,0.0,0.0
Juergen KOHLER,West Germany,12,2,0,0,0,0,0,0,8,4,0,0,0.0,0.0
Juergen CROY,East Germany,6,1,0,0,1,0,0,0,6,0,0,0,0.0,0.167
Juerg STUDER,Switzerland,4,1,0,0,1,0,0,0,0,4,0,0,0.0,0.25
Juan Vicente LEZCANO,Paraguay,3,1,0,0,0,0,0,0,3,0,0,0,0.0,0.0
Juan VALDIVIESO,Peru,2,1,0,0,0,0,0,0,1,1,0,0,0.0,0.0
Juan TORALES,Paraguay,4,1,0,0,0,0,0,0,4,0,0,0,0.0,0.0
Juan MUNANTE,Peru,6,1,0,0,1,0,0,0,6,0,0,0,0.0,0.167
Juan SIMON,Argentina,7,1,0,0,1,0,0,0,7,0,0,0,0.0,0.143
Juan SILVA,Uruguay,3,1,0,0,0,0,0,0,0,3,0,0,0.0,0.0
Juan SARNARI,Argentina,4,1,0,0,0,0,0,0,0,4,0,0,0.0,0.0
Juan RODRIGUEZ,Chile,3,1,0,0,0,0,0,0,1,2,0,0,0.0,0.0
Juan RAMIREZ,Mexico,4,1,0,0,0,0,0,0,4,0,0,0,0.0,0.0
Juan OLIVARES,Chile,6,2,0,0,0,0,0,0,3,3,0,0,0.0,0.0
Juan OLENIAK,Argentina,3,1,0,0,0,0,0,0,2,1,0,0,0.0,0.0
Juan NOGUES,Spain,3,1,0,0,0,0,0,0,1,2,0,0,0.0,0.0
Juan Manuel PENA,Bolivia,3,1,0,0,0,0,0,0,1,2,0,0,0.0,0.0
Juan Manuel ALEJANDREZ,Mexico,4,1,0,0,0,0,0,0,0,4,0,0,0.0,0.0
Jozsef SZENDREI,Hungary,3,1,0,0,0,0,0,0,1,2,0,0,0.0,0.0
Jozsef PALINKAS,Hungary,4,1,0,0,0,0,0,0,0,4,0,0,0.0,0.0
Jozsef NAGY,Hungary,3,1,0,0,0,0,0,0,0,3,0,0,0.0,0.0
Josef HASSMANN,Austria,4,1,0,0,0,0,0,0,0,4,0,0,0.0,0.0
Joseph Antoine BELL,Cameroon,11,3,0,0,0,0,0,0,2,9,0,0,0.0,0.0
Josef STROH,Austria,6,2,0,0,0,0,0,0,1,5,0,0,0.0,0.0
Josef STREB,Germany,4,1,0,0,0,0,0,0,0,4,0,0,0.0,0.0
Josef SMISTIK,Austria,4,1,0,0,0,0,0,2,4,0,0,0,0.0,0.0
Josef SILNY,Czechoslovakia,4,1,0,0,0,0,0,0,1,3,0,0,0.0,0.0
Josef ORTH,Czechoslovakia,3,1,0,0,0,0,0,0,0,3,0,0,0.0,0.0
Josef MAJER,Czechoslovakia,2,1,0,0,0,0,0,0,0,2,0,0,0.0,0.0
Josef LUDL,Czechoslovakia,3,1,0,0,0,0,0,0,2,1,0,0,0.0,0.0
Josef JELINEK,Czechoslovakia,6,1,0,0,0,0,0,0,5,1,0,0,0.0,0.0
Josef HICKERSBERGER,Austria,6,1,0,0,0,0,0,0,6,0,0,0,0.0,0.0
Josef DEGEORGI,Austria,5,1,0,0,1,0,0,0,4,1,0,0,0.0,0.2
Joseph ELANGA,Cameroon,3,1,0,0,0,0,0,0,0,3,0,0,0.0,0.0
Josef CTYROKY,Czechoslovakia,4,1,0,0,0,0,0,0,4,0,0,0,0.0,0.0
Josef BOMBA,Czechoslovakia,6,1,0,0,0,0,0,0,0,6,0,0,0.0,0.0
Jose ZALAZAR,Uruguay,4,1,0,0,0,0,0,0,0,4,0,0,0.0,0.0
Jose VILLEGAS,Mexico,6,2,0,0,0,0,0,0,2,4,0,0,0.0,0.0
Jose VARACKA,Argentina,7,2,0,0,0,0,0,0,3,4,0,0,0.0,0.0
Jose VANTOLRA,Mexico,4,1,0,0,0,0,0,0,4,0,0,0,0.0,0.0
Jose VAN TUYNE,Argentina,5,1,0,0,0,0,0,0,0,5,0,0,0.0,0.0
Jose VALENCIA,Argentina,12,2,0,0,0,0,0,0,4,8,0,0,0.0,0.0
Jose URRUZMENDI,Uruguay,4,1,0,0,0,0,0,0,0,4,0,0,0.0,0.0
Jose SERRIZUELA,Argentina,7,1,0,0,3,0,0,0,5,2,0,0,0.0,0.429
Joseph BONNEL,France,3,1,0,0,0,0,0,0,3,0,0,0,0.0,0.0
Joseph ENANGA,Cameroon,3,1,0,0,0,0,0,0,0,3,0,0,0.0,0.0
Jozsef KIPRICH,Hungary,3,1,0,0,0,0,0,0,2,1,0,0,0.0,0.0
Jozef CHOVANEC,Czechoslovakia,5,1,0,0,1,0,0,0,5,0,0,0,0.0,0.2
Jozsef KARDOS,Hungary,3,1,0,0,0,0,0,0,3,0,0,0,0.0,0.0
Jozsef HADA,Hungary,6,2,0,0,0,0,0,0,1,5,0,0,0.0,0.0
Jozsef GELEI,Hungary,4,1,0,0,0,0,0,0,3,1,0,0,0.0,0.0
Jozsef CSUHAY,Hungary,6,2,0,0,0,0,0,0,0,6,0,0,0.0,0.0
Jozsef ANDRUSCH,Hungary,3,1,0,0,0,0,0,0,0,3,0,0,0.0,0.0
Jozef WANDZIK,Poland,4,1,0,0,0,0,0,0,0,4,0,0,0.0,0.0
Jozef VLIERS,Belgium,2,1,0,0,0,0,0,0,0,2,0,0,0.0,0.0
Jozef MLYNARCZYK,Poland,11,2,0,0,0,0,0,0,11,0,0,0,0.0,0.0
Jozef KUKUCKA,Czechoslovakia,3,1,0,0,0,0,0,0,1,2,0,0,0.0,0.0
Jozef JURKANIN,Czechoslovakia,3,1,0,0,0,0,0,0,1,2,0,0,0.0,0.0
Jozef CAPKOVIC,Czechoslovakia,3,1,0,0,0,0,0,0,1,2,0,0,0.0,0.0
Joseph KAMGA,Cameroon,3,1,0,0,0,0,0,0,0,3,0,0,0.0,0.0
Jozef BARMOS,Czechoslovakia,3,1,0,1,0,0,0,0,3,0,0,0,0.0,0.0
Jozef ADAMEC,Czechoslovakia,9,2,0,0,0,0,0,0,5,4,0,0,0.0,0.0
Jovan ACIMOVIC,Yugoslavia,6,1,0,0,1,0,0,1,6,0,0,0,0.0,0.167
Joszef NAGY,Romania,2,1,0,0,0,0,0,0,0,2,0,0,0.0,0.0
Josip WEBER,Belgium,4,1,0,0,1,0,0,0,3,1,0,0,0.0,0.25
Josip SKOBLAR,Yugoslavia,6,1,0,0,0,0,0,0,5,1,1,0,0.0,0.0
Joseph-Marion LEANDRE,Haiti,3,1,0,0,0,0,0,0,0,3,0,0,0.0,0.0
Joseph-Desire JOB,Cameroon,3,1,0,0,0,0,0,0,1,2,0,0,0.0,0.0
Joseph NDO,Cameroon,3,1,0,0,0,0,0,0,3,0,0,0,0.0,0.0
Joseph MERMANS,Belgium,2,1,0,0,0,0,0,2,2,0,0,0,0.0,0.0
Ian BRIDGE,Canada,3,1,0,0,0,0,0,0,3,0,0,0,0.0,0.0
IZMAYLOV,Russia,3,1,0,0,0,0,0,0,2,1,0,0,0.0,0.0
F.CARINI,Uruguay,3,1,0,0,1,0,0,0,3,0,0,0,0.0,0.333
GATTUSO,Italy,14,3,0,0,2,0,0,0,6,8,0,0,0.0,0.143
GLEN,Trinidad and Tobago,3,1,0,0,0,0,0,0,1,2,0,0,0.0,0.0
GIZA,Poland,3,1,0,0,0,0,0,0,0,3,0,0,0.0,0.0
GIVET,France,7,1,0,0,0,0,0,0,0,7,0,0,0.0,0.0
GIVEN,Ireland,4,1,0,0,0,0,0,0,4,0,0,0,0.0,0.0
GIOVANNI,Brazil,7,1,0,0,0,0,0,0,1,6,0,0,0.0,0.0
GINTER,Germany,7,1,0,0,0,0,0,0,0,7,0,0,0.0,0.0
GILMAR RINALDI,Brazil,7,1,0,0,0,0,0,0,0,7,0,0,0.0,0.0
GILMAR (Gilmar Dos Santos Neves),Brazil,15,3,0,0,0,0,0,0,14,1,0,0,0.0,0.0
GIL,Brazil,7,1,0,0,0,0,0,0,6,1,0,0,0.0,0.0
GIGNAC,France,3,1,0,0,0,0,0,0,1,2,0,0,0.0,0.0
GHOULAM,Algeria,4,1,0,0,0,0,0,0,2,2,0,0,0.0,0.0
GHODHBANE,Tunisia,3,1,0,0,1,0,0,0,2,1,0,0,0.0,0.333
GHODBANE,Tunisia,3,1,0,0,0,0,0,0,0,3,0,0,0.0,0.0
GHILAS,Algeria,4,1,0,0,1,0,0,0,0,4,0,0,0.0,0.25
GHEZZAL,Algeria,3,1,0,0,2,1,1,0,0,3,0,0,0.0,1.0
GHASEM. H,Iran,3,1,0,0,0,0,0,0,0,3,0,0,0.0,0.0
GERMANO,Brazil,7,2,0,0,0,0,0,0,1,6,0,0,0.0,0.0
GEREMI,Cameroon,3,1,0,0,1,0,0,0,3,0,0,0,0.0,0.333
GEKAS,Greece,7,2,0,0,0,0,0,0,3,4,0,0,0.0,0.0
GBOHOUO,Cte d'Ivoire,3,1,0,0,0,0,0,0,0,3,0,0,0.0,0.0
GAXA,South Africa,3,1,0,0,0,0,0,0,2,1,0,0,0.0,0.0
GAVRANOVIC,Switzerland,4,1,0,0,0,0,0,0,0,4,0,0,0.0,0.0
GAVRANCIC,Serbia and Montenegro,3,1,0,0,2,0,0,0,3,0,0,0,0.0,0.667
GLOWACKI,Poland,3,1,0,0,0,0,0,0,1,2,0,0,0.0,0.0
GLUSHAKOV,Russia,3,1,0,0,1,0,0,0,3,0,0,0,0.0,0.333
GLYKOS,Greece,4,1,0,0,0,0,0,0,0,4,0,0,0.0,0.0
GOODSON,USA,4,1,0,0,0,0,0,0,0,4,0,0,0.0,0.0
GRANADOS O.,Costa Rica,5,1,0,0,1,0,0,0,0,5,0,0,0.0,0.2
GRAFITE,Brazil,5,1,0,0,0,0,0,0,0,5,0,0,0.0,0.0
GRADEL,Cte d'Ivoire,3,1,0,0,0,0,0,0,1,2,0,0,0.0,0.0
GRACIA,Spain,3,1,0,0,0,0,0,0,2,1,0,0,0.0,0.0
GOVOU,France,10,2,0,0,0,0,0,0,2,8,0,0,0.0,0.0
GOURCUFF,France,3,1,0,0,0,1,1,0,2,1,0,0,0.0,0.333
GOSSO,Cte d'Ivoire,3,1,0,0,0,0,0,0,0,3,0,0,0.0,0.0
GOROSTIZA,Spain,3,1,0,0,0,0,0,0,2,1,0,0,0.0,0.0
GOPANE,South Africa,2,1,0,0,0,0,0,0,0,2,0,0,0.0,0.0
GOOR,Belgium,4,1,0,0,0,0,0,0,4,0,0,0,0.0,0.0
GONZALVO III,Spain,6,1,0,0,0,0,0,0,5,1,0,0,0.0,0.0
GNANHOUAN,Cte d'Ivoire,3,1,0,0,0,0,0,0,0,3,0,0,0.0,0.0
GONZALVO II,Spain,6,1,0,0,0,0,0,0,5,1,0,0,0.0,0.0
GONZALEZ L.,Costa Rica,3,1,0,0,1,0,0,0,3,0,0,0,0.0,0.333
GONZALEZ G.,Costa Rica,5,1,0,0,2,0,0,0,5,0,0,0,0.0,0.4
GONZALEZ,Argentina,12,3,0,0,3,0,0,0,5,7,0,0,0.0,0.25
GONDA,Japan,3,1,0,0,0,0,0,0,0,3,0,0,0.0,0.0
GONALVES,Brazil,7,1,0,0,0,0,0,0,1,6,0,0,0.0,0.0
GOMES,Portugal,8,2,0,0,1,0,0,2,3,5,0,0,0.0,0.125
GOIKO,Spain,5,1,0,0,2,0,0,0,4,1,1,0,0.0,0.4
GOHOURI,Cte d'Ivoire,3,1,0,0,0,0,0,0,0,3,0,0,0.0,0.0
GODIN,Uruguay,7,1,0,0,0,0,0,0,5,2,0,0,0.0,0.0
GAVILAN,Paraguay,7,2,0,0,1,0,0,0,1,6,0,0,0.0,0.143
GARRIDO,Honduras,3,1,0,0,1,0,0,0,2,1,0,0,0.0,0.333
GRAVESEN,Denmark,4,1,0,0,0,0,0,0,4,0,0,0,0.0,0.0
GARGANO,Uruguay,7,1,0,0,0,0,0,0,1,6,0,0,0.0,0.0
G.DE LOS SANTOS,Uruguay,3,1,0,0,0,0,0,0,0,3,0,0,0.0,0.0
G. VILLA,Mexico,4,1,0,0,0,0,0,0,0,4,0,0,0.0,0.0
G. SILVA,Brazil,5,1,0,0,0,0,0,0,5,0,0,0,0.0,0.0
G. SAKAI,Japan,3,1,0,0,0,0,0,0,0,3,0,0,0.0,0.0
G. RAMIREZ,Uruguay,4,1,0,0,0,0,0,0,0,4,0,0,0.0,0.0
G. PINEDA,Mexico,4,1,0,0,1,0,0,0,3,1,0,0,0.0,0.25
G. OCHOA,Mexico,8,2,0,0,0,0,0,0,4,4,0,0,0.0,0.0
G. NEVILLE,England,5,1,0,0,0,0,0,0,2,3,0,0,0.0,0.0
G. KELLY,Ireland,4,1,0,0,0,0,0,0,4,0,0,0,0.0,0.0
G. IVANOV,Bulgaria,3,1,0,0,0,0,0,0,0,3,0,0,0.0,0.0
G. FRANCO,Mexico,4,1,0,0,0,0,0,0,2,2,0,0,0.0,0.0
G. ESPINOZA,Ecuador,4,1,0,0,0,0,0,0,4,0,0,0,0.0,0.0
G. CABALLERO,Mexico,4,1,0,0,0,0,0,0,1,3,0,0,0.0,0.0
G W YU,China PR,3,1,0,0,0,0,0,0,0,3,0,0,0.0,0.0
G TORRADO,Mexico,4,1,0,0,1,0,0,1,4,0,0,0,0.0,0.25
G OCHOA,Mexico,4,1,0,0,0,0,0,0,0,4,0,0,0.0,0.0
G FRANCO,Mexico,4,1,0,0,1,0,0,0,3,1,0,0,0.0,0.25
G DOS SANTOS,Mexico,4,1,0,0,0,0,0,0,4,0,0,0,0.0,0.0
Fulvio COLLOVATI,Italy,11,2,0,0,1,0,0,0,8,3,0,0,0.0,0.091
Frode GRODAS,Norway,3,1,0,0,0,0,0,0,0,3,0,0,0.0,0.0
Fritz WAGNER,Switzerland,3,1,0,0,0,0,0,0,0,3,0,0,0.0,0.0
Fritz SZEPAN,Germany,6,2,0,0,0,0,0,5,5,1,0,0,0.0,0.0
Fritz MORF,Switzerland,3,1,0,0,0,0,0,0,1,2,0,0,0.0,0.0
G.GUIGOU,Uruguay,3,1,0,0,0,0,0,0,1,2,0,0,0.0,0.0
G.MENDEZ,Uruguay,3,1,0,0,1,0,0,0,1,2,0,0,0.0,0.333
G.MUNUA,Uruguay,3,1,0,0,0,0,0,0,0,3,0,0,0.0,0.0
GALLARDO,Argentina,3,1,0,0,0,0,0,0,0,3,0,0,0.0,0.0
GARCIA ASPE,Mexico,4,1,0,0,2,0,0,0,3,1,1,0,0.0,0.5
GARCE,Argentina,5,1,0,0,0,0,0,0,0,5,0,0,0.0,0.0
GARAY,Spain,10,2,0,0,1,0,0,0,8,2,0,0,0.0,0.1
GAOUAOUI,Algeria,3,1,0,0,0,0,0,0,0,3,0,0,0.0,0.0
GANCARCZYK,Poland,3,1,0,0,0,0,0,0,0,3,0,0,0.0,0.0
GAMBOA C.,Costa Rica,5,1,0,0,0,0,0,0,5,0,0,0,0.0,0.0
GAMARRA,Paraguay,16,4,0,1,0,0,0,4,11,5,0,0,0.0,0.0
GAMAN,Saudi Arabia,3,1,0,0,0,0,0,0,0,3,0,0,0.0,0.0
GALLEGO,Spain,3,1,0,0,0,0,0,0,3,0,0,0,0.0,0.0
GALLAS,France,10,2,0,0,0,0,0,0,10,0,0,0,0.0,0.0
GALIC,Slovenia,3,1,0,0,0,0,0,0,1,2,0,0,0.0,0.0
G.SILVA,Brazil,5,1,0,0,0,0,0,0,2,3,0,0,0.0,0.0
GALEKOVIC,Australia,6,2,0,0,0,0,0,0,0,6,0,0,0.0,0.0
GALASEK,Czech Republic,3,1,0,0,0,0,0,2,2,1,0,0,0.0,0.0
GAJSER,Slovenia,3,1,0,0,0,0,0,0,0,3,0,0,0.0,0.0
GAINZA,Spain,6,1,0,0,0,0,0,4,5,1,0,0,0.0,0.0
GAGO,Argentina,7,1,0,0,0,0,0,0,3,4,0,0,0.0,0.0
GABSI,Tunisia,3,1,0,0,2,0,0,0,2,1,0,0,0.0,0.667
GABRIEL ALONSO,Spain,6,1,0,0,0,0,0,0,6,0,0,0,0.0,0.0
GABRIEL,Nigeria,4,1,0,0,0,0,0,0,0,4,0,0,0.0,0.0
G.VARELA,Uruguay,3,1,0,0,0,0,0,0,3,0,0,0,0.0,0.0
G.SORONDO,Uruguay,3,1,0,0,0,0,0,0,3,0,0,0,0.0,0.0
GRANAT,Russia,3,1,0,0,0,0,0,0,0,3,0,0,0.0,0.0
GRAY,Trinidad and Tobago,3,1,0,0,1,0,0,0,2,1,0,0,0.0,0.333
Fritz LABAND,West Germany,6,1,0,0,0,0,0,0,3,3,0,0,0.0,0.0
George BURLEY,Scotland,3,1,0,0,0,0,0,0,0,3,0,0,0.0,0.0
Georgi YORDANOV,Bulgaria,4,1,0,0,0,0,0,0,2,2,0,0,0.0,0.0
Georgi SICHINAVA,Soviet Union,6,1,0,0,0,0,0,0,2,4,0,0,0.0,0.0
Georgi POPOV,Bulgaria,3,1,0,0,0,0,0,0,2,1,0,0,0.0,0.0
Georgi NIKOLOV,Bulgaria,3,1,0,0,0,0,0,0,0,3,0,0,0.0,0.0
Georgi NAIDENOV,Bulgaria,6,2,0,0,0,0,0,0,5,1,0,0,0.0,0.0
Georgi KAMENSKI,Bulgaria,3,1,0,0,0,0,0,0,0,3,0,0,0.0,0.0
Georgi GEORGIEV,Bulgaria,7,1,0,0,0,0,0,0,0,7,0,0,0.0,0.0
Georgi DIMITROV,Bulgaria,4,1,0,0,0,0,0,4,4,0,0,0,0.0,0.0
Georgi DENEV,Bulgaria,3,1,0,0,1,0,0,0,3,0,0,0,0.0,0.333
Georgi CHOKHELI,Soviet Union,4,1,0,0,0,0,0,0,3,1,0,0,0.0,0.0
Georgi BACHEV,Bulgaria,3,1,0,1,1,0,0,0,1,2,0,0,0.0,0.333
Georges VUILLEUMIER,Switzerland,3,1,0,0,0,0,0,0,0,3,0,0,0.0,0.0
Georges STUBER,Switzerland,7,2,0,0,0,0,0,0,2,5,0,0,0.0,0.0
Georges MOUYEME,Cameroon,3,1,0,0,0,0,0,0,0,3,0,0,0.0,0.0
Georges HEYLENS,Belgium,3,1,0,0,0,0,0,0,3,0,0,0,0.0,0.0
Georges CARNUS,France,3,1,0,0,0,0,0,0,0,3,0,0,0.0,0.0
Georges AEBY,Switzerland,3,1,0,0,0,0,0,0,2,1,0,0,0.0,0.0
George WOOD,Scotland,3,1,0,0,0,0,0,0,0,3,0,0,0.0,0.0
George PAKOS,Canada,3,1,0,0,0,0,0,0,0,3,0,0,0.0,0.0
George MOORHOUSE,USA,4,2,0,0,0,0,0,1,4,0,0,0,0.0,0.0
George HAMILTON,Scotland,2,1,0,0,0,0,0,0,0,2,0,0,0.0,0.0
George EASTHAM,England,10,2,0,0,0,0,0,0,0,10,0,0,0.0,0.0
George DUNLOP,Northern Ireland,5,1,0,0,0,0,0,0,0,5,0,0,0.0,0.0
Geovanis CASSIANI,Colombia,4,1,0,0,0,0,0,0,0,4,0,0,0.0,0.0
Geovanni JARA,Costa Rica,4,1,0,0,0,0,0,0,0,4,0,0,0.0,0.0
Gerald GLATZMAYER,Austria,3,1,0,0,1,0,0,0,0,3,0,0,0.0,0.333
Gerhard BREITENBERGER,Austria,6,1,0,0,0,0,0,0,4,2,0,0,0.0,0.0
Gerry GRAY,Canada,3,1,0,0,0,0,0,0,2,1,0,0,0.0,0.0
Gerry BYRNE,England,6,1,0,0,0,0,0,0,0,6,0,0,0.0,0.0
Geronimo BARBADILLO,Peru,3,1,0,0,0,0,0,0,1,2,0,0,0.0,0.0
Gernot JURTIN,Austria,5,1,0,0,0,0,0,0,1,4,0,0,0.0,0.0
German LEGUIA,Peru,9,2,0,0,0,0,0,0,2,7,0,0,0.0,0.0
German CHAVARRIA,Costa Rica,4,1,0,0,0,0,0,0,4,0,0,0,0.0,0.0
German BURGOS,Argentina,5,1,0,0,0,0,0,0,0,5,0,0,0.0,0.0
German APUKTHIN,Soviet Union,5,1,0,0,0,0,0,0,1,4,0,0,0.0,0.0
Gerhard LUSENTI,Switzerland,3,1,0,0,0,0,0,0,3,0,0,0,0.0,0.0
Gerhard HANAPPI,Austria,8,2,0,0,0,0,0,3,8,0,0,0,0.0,0.0
Gerd ZEWE,West Germany,6,1,0,0,0,0,0,0,0,6,0,0,0.0,0.0
Gerald MESSLENDER,Austria,5,1,0,0,0,0,0,0,0,5,0,0,0.0,0.0
Gerd KISCHE,East Germany,6,1,0,0,2,0,0,0,6,0,0,0,0.0,0.333
Gerardo ROMERO,Paraguay,2,1,0,0,0,0,0,0,1,1,0,0,0.0,0.0
Gerardo LUGO,Mexico,3,1,0,0,0,0,0,0,0,3,0,0,0.0,0.0
Gerard PLESSERS,Belgium,5,1,0,0,0,0,0,0,1,4,0,0,0.0,0.0
Gerard JOSEPH,Haiti,3,1,0,0,0,0,0,0,0,3,0,0,0.0,0.0
Gerard JANVION,France,10,2,0,0,0,0,0,0,8,2,0,0,0.0,0.0
Gerard DELBEKE,Belgium,2,1,0,0,0,0,0,0,1,1,0,0,0.0,0.0
Gerald VEARNCOMBE,Wales,5,1,0,0,0,0,0,0,0,5,0,0,0.0,0.0
Gerald VANENBURG,Netherlands,4,1,0,0,0,0,0,0,1,3,0,0,0.0,0.0
Gerald PEYTON,Ireland,5,1,0,0,0,0,0,0,0,5,0,0,0.0,0.0
George COHEN,England,6,1,0,0,0,0,0,0,6,0,0,0,0.0,0.0
George BORBA,Israel,3,1,0,0,0,0,0,0,0,3,0,0,0.0,0.0
GRELLA,Australia,7,2,0,0,2,0,0,0,5,2,0,0,0.0,0.286
Georg STOLLENWERK,West Germany,6,1,0,0,0,0,0,0,6,0,0,0,0.0,0.0
Gabriel CALDERON,Argentina,12,2,0,0,0,0,0,0,4,8,0,0,0.0,0.0
Gabor SZABO,Hungary,2,1,0,0,0,0,0,0,1,1,0,0,0.0,0.0
Gabelo CONEJO,Costa Rica,4,1,0,0,0,0,0,0,3,1,0,0,0.0,0.0
GYGAX,Switzerland,4,1,0,0,0,0,0,0,1,3,0,0,0.0,0.0
GUZAN,USA,8,2,0,0,0,0,0,0,0,8,0,0,0.0,0.0
GUTIRREZ,Chile,4,1,0,0,0,0,0,0,1,3,0,0,0.0,0.0
GUSIN,Ukraine,5,1,0,0,0,0,0,0,3,2,0,0,0.0,0.0
GUSIEV,Ukraine,5,1,0,0,0,0,0,0,5,0,0,0,0.0,0.0
GUEVARRA,Honduras,3,1,0,0,0,0,0,2,2,1,0,0,0.0,0.0
GUERRON,Ecuador,3,1,0,0,1,0,0,0,3,0,0,0,0.0,0.333
GUEMAMDIA,Tunisia,3,1,0,0,1,0,0,0,0,3,0,0,0.0,0.333
GUEDIOURA,Algeria,3,1,0,0,0,0,0,0,0,3,0,0,0.0,0.0
GUARIN,Colombia,5,1,0,0,1,0,0,0,2,3,0,0,0.0,0.2
GUAGUA,Ecuador,3,1,0,0,0,0,0,0,3,0,0,0,0.0,0.0
GU Sang Bum,South Korea,6,2,0,0,0,0,0,0,2,4,0,0,0.0,0.0
GRYGERA,Czech Republic,3,1,0,0,1,0,0,0,3,0,0,0,0.0,0.333
GRUEZO,Ecuador,3,1,0,0,0,0,0,0,1,2,0,0,0.0,0.0
GRONKJAER,Denmark,4,1,0,0,0,0,0,0,3,1,0,0,0.0,0.0
GROKREUTZ,Germany,7,1,0,0,0,0,0,0,0,7,0,0,0.0,0.0
GRODS,Norway,4,1,0,0,0,0,0,4,4,0,0,0,0.0,0.0
GRNKJR,Denmark,3,1,0,0,0,0,0,0,1,2,0,0,0.0,0.0
GRIEZMANN,France,5,1,0,0,0,0,0,0,3,2,0,0,0.0,0.0
GRICHTING,Switzerland,7,2,0,0,1,0,0,0,3,4,0,0,0.0,0.143
Gabriel DE MICHELE,France,3,1,0,0,0,0,0,0,1,2,0,0,0.0,0.0
Gabriel GOMEZ,Colombia,7,2,0,0,2,0,0,0,5,2,0,0,0.0,0.286
Gabriel NUNEZ,Mexico,3,1,0,0,0,0,0,0,3,0,0,0,0.0,0.0
Gary NEVILLE,England,4,1,0,0,0,0,0,0,3,1,0,0,0.0,0.0
Georg BRAUN,Austria,4,1,0,0,0,0,0,0,1,3,0,0,0.0,0.0
Geoff COOMBES,USA,3,1,0,0,0,0,0,0,0,3,0,0,0.0,0.0
Genrikh FEDOSOV,Soviet Union,5,1,0,0,0,0,0,0,0,5,0,0,0.0,0.0
Gennadi YEVRYUZHIKHIN,Soviet Union,4,1,0,0,0,0,0,0,3,1,0,0,0.0,0.0
Gennadi MOROZOV,Soviet Union,4,1,0,0,0,0,0,0,1,3,0,0,0.0,0.0
Gennadi LOGOFET,Soviet Union,4,1,0,0,1,0,0,0,1,3,0,0,0.0,0.25
Gennadi LITOVCHENKO,Soviet Union,7,2,0,0,0,0,0,0,3,4,0,0,0.0,0.0
Gennadi GUSAROV,Soviet Union,9,2,0,0,0,0,0,0,0,9,0,0,0.0,0.0
Genaro SERMENO,El Salvador,3,1,0,0,0,0,0,0,0,3,0,0,0.0,0.0
Gary STEVENS,England,12,2,0,0,0,0,0,0,7,5,0,0,0.0,0.0
Gary McALLISTER,Scotland,3,1,0,0,0,0,0,0,0,3,0,0,0.0,0.0
Gabriele ORIALI,Italy,7,1,0,0,2,0,0,0,5,2,0,0,0.0,0.286
Gary MANUEL,Australia,3,1,0,0,0,0,0,0,0,3,0,0,0.0,0.0
Gary KELLY,Ireland,4,1,0,0,1,0,0,0,2,2,0,0,0.0,0.25
Gary GILLESPIE,Scotland,3,1,0,0,0,0,0,0,0,3,0,0,0.0,0.0
Gary BAILEY,England,5,1,0,0,0,0,0,0,0,5,0,0,0.0,0.0
Gary A. STEVENS,England,5,1,0,0,0,0,0,0,0,5,0,0,0.0,0.0
Gareth SOUTHGATE,England,4,1,0,0,0,0,0,0,1,3,0,0,0.0,0.0
Garba LAWAL,Nigeria,4,1,0,0,0,0,0,0,4,0,0,0,0.0,0.0
Gamal ABDELHAMID,Egypt,3,1,0,0,0,0,0,2,2,1,0,0,0.0,0.0
Galimzyan KHUSAINOV,Soviet Union,10,2,0,0,1,0,0,0,5,5,0,0,0.0,0.1
Gaetano SCIREA,Italy,18,3,0,0,2,0,0,4,18,0,0,0,0.0,0.111
Fritz LEANDRE,Haiti,3,1,0,0,1,0,0,0,0,3,0,0,0.0,0.333
Fritz KUENZLI,Switzerland,3,1,0,0,0,0,0,0,2,1,0,0,0.0,0.0
IZAGUIRRE,Honduras,3,1,0,0,1,0,0,0,2,1,0,0,0.0,0.333
FOUZI,Saudi Arabia,3,1,0,0,0,0,0,0,2,1,0,0,0.0,0.0
Fahrudin OMEROVIC,Yugoslavia,5,1,0,0,0,0,0,0,0,5,0,0,0.0,0.0
Fahrudin JUSUFI,Yugoslavia,6,1,0,0,0,0,0,0,5,1,0,0,0.0,0.0
Fahad AL MEHALEL,Saudi Arabia,4,1,0,0,0,0,0,0,0,4,0,0,0.0,0.0
Fahad AL BISHI,Saudi Arabia,4,1,0,0,0,0,0,0,4,0,0,0,0.0,0.0
Fadil MEGHARIA,Algeria,3,1,0,0,0,0,0,0,2,1,0,0,0.0,0.0
Fadel JILAL,Morocco,4,1,0,0,0,0,0,0,0,4,0,0,0.0,0.0
Fabrizio POLETTI,Italy,6,1,0,0,0,0,0,0,0,6,0,0,0.0,0.0
Fabio CANNAVARO,Italy,5,1,0,0,1,0,0,0,5,0,0,0,0.0,0.2
Fabien BARTHEZ,France,7,1,0,0,0,0,0,0,7,0,0,0,0.0,0.0
Fabian ESTAY,Chile,4,1,0,0,1,0,0,0,2,2,0,0,0.0,0.25
Fabian CANCELARICH,Argentina,7,1,0,0,0,0,0,0,0,7,0,0,0.0,0.0
FUTRE,Portugal,3,1,0,0,0,0,0,0,1,2,0,0,0.0,0.0
FUKUNISHI,Japan,7,2,0,0,0,0,0,0,2,5,0,0,0.0,0.0
FUENZALIDA,Chile,4,1,0,0,0,0,0,0,0,4,0,0,0.0,0.0
FUENTES,Chile,4,1,0,0,1,0,0,0,1,3,0,0,0.0,0.25
FUCILE,Uruguay,7,1,0,0,2,0,0,0,5,2,0,0,0.0,0.286
FRIEDEL,USA,5,1,0,0,1,0,0,0,5,0,0,0,0.0,0.2
FREDERICO,Portugal,3,1,0,0,0,0,0,0,3,0,0,0,0.0,0.0
FRECHAUT,Portugal,3,1,0,0,1,0,0,0,1,2,0,0,0.0,0.333
FRANJIC,Australia,3,1,0,0,0,0,0,0,1,2,0,0,0.0,0.0
FRANCO,Paraguay,9,2,0,0,1,0,0,0,0,9,0,0,0.0,0.111
FRANCISCO,Spain,5,1,0,0,0,0,0,0,3,2,0,0,0.0,0.0
FRANCIS W.,Costa Rica,5,1,0,0,0,0,0,0,0,5,0,0,0.0,0.0
Faouzi MANSOURI,Algeria,6,2,0,0,2,0,0,0,6,0,0,0,0.0,0.333
Faruk HADZIBEGIC,Yugoslavia,5,1,0,0,0,0,0,0,5,0,0,0,0.0,0.0
Faryd MONDRAGON,Colombia,3,1,0,0,0,0,0,0,0,3,0,0,0.0,0.0
Felipe MINAMBRES,Spain,5,1,0,0,0,0,0,0,1,4,0,0,0.0,0.0
Felix SALINAS,Peru,4,1,0,0,0,0,0,0,0,4,0,0,0.0,0.0
Felix MAGATH,West Germany,14,2,0,0,1,0,0,0,10,4,0,0,0.0,0.071
Felix HEALEY,Northern Ireland,5,1,0,0,0,0,0,0,0,5,0,0,0.0,0.0
Felix FERNANDEZ,Mexico,4,1,0,0,0,0,0,0,0,4,0,0,0.0,0.0
Felix CRUZ,Mexico,5,1,0,0,0,0,0,0,5,0,0,0,0.0,0.0
Felipe ZETTER,Mexico,3,1,0,0,0,0,0,0,1,2,0,0,0.0,0.0
Felipe RUVALCABA,Mexico,6,2,0,0,0,0,0,0,0,6,0,0,0.0,0.0
Felipe ROSAS,Mexico,3,1,0,0,0,0,0,0,3,0,0,0,0.0,0.0
Felipe REVELEZ,Uruguay,4,1,0,0,0,0,0,0,0,4,0,0,0.0,0.0
Felipe OLIVARES,Mexico,3,1,0,0,0,0,0,0,1,2,0,0,0.0,0.0
Feliciano RIVILLA,Spain,6,2,0,0,0,0,0,0,1,5,0,0,0.0,0.0
Fathi CHEBEL,Algeria,3,1,0,0,0,0,0,0,0,3,0,0,0.0,0.0
Felice SOLDINI,Switzerland,3,1,0,0,0,0,0,0,0,3,0,0,0.0,0.0
Felice BOREL,Italy,5,1,0,0,0,0,0,0,1,4,0,0,0.0,0.0
Federico VAIRO,Argentina,3,1,0,0,0,0,0,0,3,0,0,0,0.0,0.0
Federico SACCHI,Argentina,3,1,0,0,0,0,0,0,3,0,0,0,0.0,0.0
Federico EDWARDS,Argentina,3,1,0,0,0,0,0,0,0,3,0,0,0.0,0.0
Faycal BEN AHMED,Tunisia,3,1,0,0,0,0,0,0,0,3,0,0,0.0,0.0
Fay COYLE,Northern Ireland,5,1,0,0,0,0,0,0,1,4,0,0,0.0,0.0
Fawzi BENKHALIDI,Algeria,3,1,0,0,0,0,0,0,0,3,0,0,0.0,0.0
Faustino ALONSO,Paraguay,4,1,0,0,0,0,0,0,0,4,0,0,0.0,0.0
Fathi MATAR,Kuwait,3,1,0,0,1,0,0,0,1,2,0,0,0.0,0.333
FOWLER,England,5,1,0,0,0,0,0,0,0,5,0,0,0.0,0.0
FOSTER,England,3,1,0,0,0,0,0,0,1,2,0,0,0.0,0.0
Ferdinando RIVA,Switzerland,4,1,0,0,0,0,0,0,0,4,0,0,0.0,0.0
FORTUNE,South Africa,3,1,0,0,0,0,0,0,3,0,1,0,0.0,0.0
FELIX,Brazil,6,1,0,0,0,0,0,0,6,0,0,0,0.0,0.0
FELIPE MELO,Brazil,5,1,0,0,1,1,1,0,4,1,0,0,0.0,0.4
FEJZI?,Bosnia and Herzegovina,3,1,0,0,0,0,0,0,0,3,0,0,0.0,0.0
FEILHABER,USA,4,1,0,0,0,0,0,0,0,4,0,0,0.0,0.0
FEGHOULI,Algeria,4,1,0,0,0,0,0,0,4,0,1,0,0.0,0.0
FEDERICI,Australia,3,1,0,0,0,0,0,0,0,3,0,0,0.0,0.0
FEDE,Spain,3,1,0,0,0,0,0,0,1,2,0,0,0.0,0.0
FBREGAS,Spain,3,1,0,0,0,0,0,0,0,3,0,0,0.0,0.0
FAYZULIN,Russia,3,1,0,0,0,0,0,0,3,0,0,0,0.0,0.0
FAUSTO,Brazil,2,1,0,0,0,0,0,0,2,0,0,0,0.0,0.0
FATIH AKYEL,Turkey,7,1,0,0,1,0,0,0,7,0,0,0,0.0,0.143
FARNERUD,Sweden,4,1,0,0,0,0,0,0,0,4,0,0,0.0,0.0
FALLON,New Zealand,3,1,0,0,1,0,0,0,3,0,0,0,0.0,0.333
FAHAD KHAMEES,United Arab Emirates,3,1,0,0,0,0,0,1,1,2,0,0,0.0,0.0
FAHAD ABDULRAHMAN,United Arab Emirates,3,1,0,0,0,0,0,0,0,3,0,0,0.0,0.0
FAE,Cte d'Ivoire,3,1,0,0,0,0,0,0,0,3,0,0,0.0,0.0
FABREGAS,Spain,7,1,0,0,0,0,0,0,0,7,0,0,0.0,0.0
FABIANSKI,Poland,3,1,0,0,0,0,0,0,0,3,0,0,0.0,0.0
F.ZANDI,Iran,3,1,0,0,1,0,0,0,1,2,0,0,0.0,0.333
F.O NEIL,Uruguay,3,1,0,0,0,0,0,0,0,3,0,0,0.0,0.0
F.MEIRA,Portugal,7,1,0,0,0,0,0,0,7,0,0,0,0.0,0.0
F.MAGALLANES,Uruguay,3,1,0,0,0,0,0,0,0,3,0,0,0.0,0.0
F.ELDUAYEN,Uruguay,3,1,0,0,0,0,0,0,0,3,0,0,0.0,0.0
FERNANDEZ,Ecuador,7,2,0,0,2,0,0,0,2,5,0,0,0.0,0.286
FERNANDO,Spain,4,1,0,0,0,0,0,0,0,4,0,0,0.0,0.0
FERNANDO CRUZ,Portugal,6,1,0,0,0,0,0,0,0,6,0,0,0.0,0.0
FILIMONOV,Russia,3,1,0,0,0,0,0,0,0,3,0,0,0.0,0.0
FORTES,Brazil,2,1,0,0,0,0,0,0,0,2,0,0,0.0,0.0
FORSTER,England,3,1,0,0,0,0,0,0,0,3,0,0,0.0,0.0
FORSON R.,Togo,3,1,0,0,0,0,0,0,2,1,0,0,0.0,0.0
FONTANA,Brazil,6,1,0,0,0,0,0,0,1,5,0,0,0.0,0.0
FONSECA D.,Costa Rica,3,1,0,0,1,0,0,0,2,1,0,0,0.0,0.333
FONSECA,Costa Rica,3,1,0,0,0,0,0,0,1,2,0,0,0.0,0.0
FOE,Cameroon,3,1,0,0,1,0,0,0,3,0,0,0,0.0,0.333
FLVIO,Angola,2,1,0,0,0,0,0,0,0,2,0,0,0.0,0.0
FINNAN,Ireland,4,1,0,0,1,0,0,0,3,1,0,0,0.0,0.25
FINDLEY,USA,4,1,0,0,2,0,0,0,3,1,0,0,0.0,0.5
FILEKOVI?,Slovenia,3,1,0,0,0,0,0,0,0,3,0,0,0.0,0.0
FERNANDO GIUDICELLI,Brazil,2,1,0,0,0,0,0,0,2,0,0,0,0.0,0.0
FIGUEROA,Honduras,6,2,0,0,0,0,0,0,6,0,0,0,0.0,0.0
FIGUEIREDO,Angola,3,1,0,0,0,0,0,0,3,0,0,0,0.0,0.0
FIGO,Portugal,10,2,0,0,1,0,0,6,9,1,0,0,0.0,0.1
FIERRO,Chile,4,1,0,0,0,0,0,0,0,4,0,0,0.0,0.0
FIDELIS,Brazil,3,1,0,0,0,0,0,0,1,2,0,0,0.0,0.0
FEUDJOU,Cameroon,3,1,0,0,0,0,0,0,0,3,0,0,0.0,0.0
FETFATZIDIS,Greece,4,1,0,0,0,0,0,0,1,3,0,0,0.0,0.0
FESTA,Portugal,6,1,0,0,0,0,0,0,3,3,0,0,0.0,0.0
FERRER,Spain,8,2,0,0,2,0,0,0,6,2,0,0,0.0,0.25
FERREIRA PINTO,Portugal,6,1,0,0,0,0,0,0,0,6,0,0,0.0,0.0
Ferdinand DAUCIK,Czechoslovakia,3,1,0,0,0,0,0,0,3,0,0,0,0.0,0.0
Ferenc CSONGRADI,Hungary,3,1,0,0,0,0,0,0,0,3,0,0,0.0,0.0
Fritz KEHL,Switzerland,3,1,0,0,0,0,0,0,0,3,0,0,0.0,0.0
Francisco VILLARROYA,Spain,4,1,0,0,1,0,0,0,4,0,0,0,0.0,0.25
Frank VAN HATTUM,New Zealand,3,1,0,0,0,0,0,0,3,0,0,0,0.0,0.0
Frank STAPLETON,Ireland,5,1,0,0,0,0,0,0,0,5,0,0,0.0,0.0
Frank SINCLAIR,Jamaica,3,1,0,0,0,0,0,0,3,0,0,0,0.0,0.0
Frank SECHEHAYE,Switzerland,2,1,0,0,0,0,0,0,2,0,0,0,0.0,0.0
Frank RIJKAARD,Netherlands,9,2,0,0,3,1,1,0,8,1,0,0,0.0,0.444
Frank McAVENNIE,Scotland,3,1,0,0,0,0,0,0,0,3,0,0,0.0,0.0
Frank MILL,West Germany,7,1,0,0,0,0,0,0,0,7,0,0,0.0,0.0
Frank LEBOEUF,France,7,1,0,0,0,0,0,0,2,5,0,0,0.0,0.0
Frank KLOPAS,USA,4,1,0,0,0,0,0,0,0,4,0,0,0.0,0.0
Frank GRAY,Scotland,3,1,0,0,0,0,0,0,3,0,0,0,0.0,0.0
Frank BORGHI,USA,3,1,0,0,0,0,0,0,3,0,0,0,0.0,0.0
Frank ARNESEN,Denmark,4,1,0,0,1,1,1,0,3,1,0,0,0.0,0.5
Franjo VLADIC,Yugoslavia,6,1,0,0,0,0,0,0,0,6,0,0,0.0,0.0
Francois VAN DER ELST,Belgium,4,1,0,0,0,0,0,0,0,4,0,0,0.0,0.0
Francois REMETTER,France,8,2,0,0,0,0,0,0,4,4,0,0,0.0,0.0
Francois NDOUMBE LEA,Cameroon,3,1,0,0,0,0,0,0,0,3,0,0,0.0,0.0
Francois JANSSENS,Belgium,3,1,0,0,0,0,0,0,0,3,0,0,0.0,0.0
Francois BRACCI,France,3,1,0,0,0,0,0,0,1,2,0,0,0.0,0.0
Francois BOURBOTTE,France,2,1,0,0,0,0,0,0,0,2,0,0,0.0,0.0
Franco TANCREDI,Italy,4,1,0,0,0,0,0,0,0,4,0,0,0.0,0.0
Franco SELVAGGI,Italy,7,1,0,0,0,0,0,0,0,7,0,0,0.0,0.0
Franco NAVARRO,Peru,3,1,0,0,0,0,0,0,0,3,0,0,0.0,0.0
Franco BARESI,Italy,21,3,0,0,0,0,0,3,10,11,0,0,0.0,0.0
Frank VAUGHN,USA,3,1,0,0,0,0,0,0,0,3,0,0,0.0,0.0
Frank WELS,Netherlands,2,2,0,0,0,0,0,0,2,0,0,0,0.0,0.0
Frankie HEJDUK,USA,3,1,0,0,1,0,0,0,2,1,0,0,0.0,0.333
Franz PELIKAN,Austria,5,1,0,0,0,0,0,0,0,5,0,0,0.0,0.0
Fritz HERKENRATH,West Germany,6,1,0,0,0,0,0,0,5,1,0,0,0.0,0.0
Fritz BUCHLOH,Germany,6,2,0,0,0,0,0,0,0,6,0,0,0.0,0.0
Fritz ANDRE,Haiti,3,1,0,0,0,0,0,0,1,2,0,0,0.0,0.0
Friedl KONCILIA,Austria,11,2,0,0,0,0,0,0,11,0,0,0,0.0,0.0
Friederich FRANZL,Austria,4,1,0,0,0,0,0,0,0,4,0,0,0.0,0.0
Friedel LUTZ,West Germany,6,1,0,0,0,0,0,0,1,5,0,0,0.0,0.0
Fred MARTIN,Scotland,2,1,0,0,0,0,0,0,2,0,0,0,0.0,0.0
Franz WOHLFAHRT,Austria,3,1,0,0,0,0,0,0,0,3,0,0,0.0,0.0
Franz WAGNER,Austria,6,2,0,0,0,0,0,0,4,2,0,0,0.0,0.0
Franz SWOBODA,Austria,3,1,0,0,0,0,0,0,3,0,0,0,0.0,0.0
Franz OBERACHER,Austria,6,1,0,0,0,0,0,0,0,6,0,0,0.0,0.0
Franky VAN DER ELST,Belgium,14,3,0,0,1,0,0,2,8,6,0,0,0.0,0.071
Franz DIENERT,Germany,4,1,0,0,0,0,0,0,0,4,0,0,0.0,0.0
Franz CISAR,Austria,4,1,0,0,0,0,0,0,4,0,0,0,0.0,0.0
Frantisek VESELY,Czechoslovakia,3,1,0,0,0,0,0,0,2,1,0,0,0.0,0.0
Frantisek STRAKA,Czechoslovakia,5,1,0,0,2,0,0,0,3,2,0,0,0.0,0.4
Frantisek STAMBACHER,Czechoslovakia,3,1,0,0,0,0,0,0,1,2,0,0,0.0,0.0
Frantisek SCHMUCKER,Czechoslovakia,6,1,0,0,0,0,0,0,0,6,0,0,0.0,0.0
Frantisek SAFRANEK,Czechoslovakia,6,2,0,0,0,0,0,0,2,4,0,0,0.0,0.0
Frantisek PLANICKA,Czechoslovakia,7,2,0,0,0,0,0,6,6,1,0,0,0.0,0.0
Frantisek JUNEK,Czechoslovakia,4,1,0,0,0,0,0,0,4,0,0,0,0.0,0.0
Frantisek JAKUBEC,Czechoslovakia,3,1,0,0,0,0,0,0,0,3,0,0,0.0,0.0
Francisco ZULUAGA,Colombia,3,1,0,0,0,0,0,1,1,2,1,0,0.0,0.0
Francisco VALDES,Chile,6,2,0,0,0,0,0,3,3,3,0,0,0.0,0.0
Ferenc FULOP,Hungary,3,1,0,0,0,0,0,0,0,3,0,0,0.0,0.0
Francisco URRUTICOECHEA,Spain,13,3,0,0,0,0,0,0,0,13,0,0,0.0,0.0
Flavius DOMIDE,Romania,3,1,0,0,0,0,0,0,0,3,0,0,0.0,0.0
Fitzroy SIMPSON,Jamaica,3,1,0,0,0,0,0,0,3,0,0,0,0.0,0.0
Filippo INZAGHI,Italy,5,1,0,0,0,0,0,0,0,5,0,0,0.0,0.0
Filip DE WILDE,Belgium,11,3,0,0,0,0,0,0,2,9,0,0,0.0,0.0
Fernando ROLDAN,Chile,3,1,0,0,0,0,0,0,2,1,0,0,0.0,0.0
Fernando REDONDO,Argentina,4,1,0,0,1,0,0,0,4,0,0,0,0.0,0.25
Fernando PATERNOSTER,Argentina,5,1,0,0,0,0,0,0,4,1,0,0,0.0,0.0
Fernando OLIVELLA,Spain,3,1,0,0,0,0,0,0,0,3,0,0,0.0,0.0
Fernando MORENA,Uruguay,3,1,0,0,0,0,0,0,3,0,0,0,0.0,0.0
Fernando HIERRO,Spain,4,1,0,0,0,0,0,0,0,4,0,0,0.0,0.0
Fernando DE NAPOLI,Italy,11,2,0,0,1,0,0,0,10,1,0,0,0.0,0.091
Fernando CLAVIJO,USA,4,1,0,0,3,1,1,0,3,1,0,0,0.0,1.0
Fernando CAMPOS,Chile,3,1,0,0,0,0,0,0,0,3,0,0,0.0,0.0
Fernando CACERES,Argentina,4,1,0,0,2,0,0,0,4,0,0,0,0.0,0.5
Fernando ALVEZ,Uruguay,8,2,0,0,2,0,0,0,8,0,0,0,0.0,0.25
Fernand JACCARD,Switzerland,2,1,0,0,0,0,0,0,2,0,0,0,0.0,0.0
Fernand ADAMS,Belgium,2,1,0,0,0,0,0,0,2,0,0,0,0.0,0.0
Ferid CHOUCHANE,Tunisia,3,1,0,0,0,0,0,0,2,1,0,0,0.0,0.0
Ferenc SZOJKA,Hungary,9,2,0,0,0,0,0,0,3,6,0,0,0.0,0.0
Ferenc SIPOS,Hungary,12,3,0,0,0,1,1,4,12,0,0,0,0.0,0.083
Ferenc SAS,Hungary,4,1,0,0,0,0,0,0,4,0,0,0,0.0,0.0
Ferenc MESZAROS,Hungary,6,2,0,0,0,0,0,0,4,2,0,0,0.0,0.0
Ferenc MACHOS,Hungary,5,1,0,0,0,0,0,0,0,5,0,0,0.0,0.0
Flemming CHRISTENSEN,Denmark,4,1,0,0,0,0,0,0,0,4,0,0,0.0,0.0
Florin PRUNEA,Romania,4,1,0,0,0,0,0,0,0,4,0,0,0.0,0.0
Francesco JANICH,Italy,6,2,0,0,0,0,0,0,2,4,0,0,0.0,0.0
Francisco GARZA GUTIERREZ,Mexico,3,1,0,0,0,0,0,0,1,2,0,0,0.0,0.0
Francisco URROZ,Chile,3,1,0,0,0,0,0,0,0,3,0,0,0.0,0.0
Francisco URIA,Spain,3,1,0,0,0,0,0,0,2,1,0,0,0.0,0.0
Francisco SOSA,Paraguay,2,1,0,0,0,0,0,0,0,2,0,0,0.0,0.0
Francisco SA,Argentina,6,1,0,0,0,0,0,0,5,1,0,0,0.0,0.0
Francisco ROJAS,Chile,4,1,0,0,2,0,0,0,3,1,0,0,0.0,0.5
Francisco OSORTO,El Salvador,3,1,0,0,2,0,0,0,1,2,0,0,0.0,0.667
Francisco MONTES,Mexico,4,1,0,0,0,0,0,0,0,4,0,0,0.0,0.0
Francisco JARA,Mexico,3,1,0,0,0,0,0,0,0,3,0,0,0.0,0.0
Francisco HERNANDEZ,Mexico,6,2,0,0,0,0,0,0,1,5,0,0,0.0,0.0
Francisco GENTO,Spain,6,2,0,0,0,0,0,3,5,1,0,0,0.0,0.0
Francisco FLORES,Mexico,3,1,0,0,0,0,0,0,3,0,0,0,0.0,0.0
Francesco MORIERO,Italy,5,1,0,0,1,0,0,0,4,1,0,0,0.0,0.2
Francisco CRUZ,Mexico,5,1,0,0,0,0,0,0,0,5,0,0,0.0,0.0
Francisco CASTREJON,Mexico,4,1,0,0,0,0,0,0,0,4,0,0,0.0,0.0
Francisco CARRASCO,Spain,5,1,0,0,0,0,0,0,0,5,0,0,0.0,0.0
Francisco CAMERA,Uruguay,6,1,0,0,0,0,0,0,0,6,0,0,0.0,0.0
Francisco ALCARAZ,Paraguay,4,1,0,0,0,0,0,0,0,4,0,0,0.0,0.0
Francisco AGUIRRE,Paraguay,2,1,0,0,0,0,0,0,1,1,0,0,0.0,0.0
Francis LEE,England,4,1,0,0,2,0,0,0,3,1,0,0,0.0,0.5
Francesco TOLDO,Italy,5,1,0,0,0,0,0,0,0,5,0,0,0.0,0.0
Francesco RIZZO,Italy,3,1,0,0,0,0,0,0,0,3,0,0,0.0,0.0
Francesco MORINI,Italy,3,1,0,0,0,0,0,0,3,0,0,0,0.0,0.0
Gert VERHEYEN,Belgium,3,1,0,0,0,1,1,0,0,3,0,0,0.0,0.333
Geza GULYAS,Hungary,5,1,0,0,0,0,0,0,0,5,0,0,0.0,0.0
Geza KALOCSAY,Czechoslovakia,4,1,0,0,0,0,0,0,0,4,0,0,0.0,0.0
Harry GREGG,Northern Ireland,5,1,0,0,0,0,0,0,4,1,0,0,0.0,0.0
Hector SANTOS,Uruguay,9,2,0,0,0,0,0,0,0,9,0,0,0.0,0.0
Hector SALVA,Uruguay,4,1,0,0,0,0,0,0,1,3,0,0,0.0,0.0
Hector PULIDO,Mexico,4,1,0,0,0,0,0,0,3,1,0,0,0.0,0.0
Hector ORTIZ,Mexico,3,1,0,0,0,0,0,0,3,0,1,0,0.0,0.0
Hector MARCHENA,Costa Rica,4,1,0,0,2,0,0,0,4,0,0,0,0.0,0.5
Hector HERNANDEZ,Mexico,3,1,0,0,0,0,0,0,3,0,1,0,0.0,0.0
Hector GONZALEZ,Colombia,3,1,0,0,0,0,0,0,2,1,0,0,0.0,0.0
Hector ENRIQUE,Argentina,7,1,0,0,1,0,0,0,3,4,0,0,0.0,0.143
Hector ECHEVERRI,Colombia,3,1,0,0,0,0,0,0,3,0,0,0,0.0,0.0
Hector DE BOURGOING,France,3,1,0,0,0,0,0,0,1,2,1,0,0.0,0.0
Hector CAZENAVE,France,2,1,0,0,0,0,0,0,2,0,0,0,0.0,0.0
Hector BALEY,Argentina,12,2,0,0,0,0,0,0,0,12,0,0,0.0,0.0
Hasse BORG,Sweden,3,1,0,0,1,0,0,0,3,0,0,0,0.0,0.333
Hassan NAZARI,Iran,3,1,0,0,1,0,0,0,3,0,0,0,0.0,0.333
Hassan NAIBAGHA,Iran,3,1,0,0,0,0,0,0,1,2,0,0,0.0,0.0
Hassan KACHLOUL,Morocco,3,1,0,0,0,0,0,0,0,3,0,0,0.0,0.0
Hassan ABDULQADER,United Arab Emirates,3,1,0,0,0,0,0,0,0,3,0,0,0.0,0.0
Harry WILLIAMS,Australia,3,1,0,0,0,0,0,0,0,3,0,0,0.0,0.0
Harry VOS,Netherlands,7,1,0,0,0,0,0,0,0,7,0,0,0.0,0.0
Harry NILSSON,Sweden,3,1,0,0,0,0,0,0,0,3,0,0,0.0,0.0
Harry LUBSE,Netherlands,7,1,0,0,0,0,0,0,0,7,0,0,0.0,0.0
Harry KEOUGH,USA,3,1,0,0,0,0,0,1,3,0,0,0,0.0,0.0
Harry HOOPER,England,3,1,0,0,0,0,0,0,0,3,0,0,0.0,0.0
Hector SILVA,Uruguay,7,2,0,0,1,1,1,0,2,5,0,0,0.0,0.286
Hector VILCHES,Uruguay,4,1,0,0,0,0,0,0,0,4,0,0,0.0,0.0
Hector ZELADA,Argentina,7,1,0,0,0,0,0,0,0,7,0,0,0.0,0.0
Henk FRAESER,Netherlands,4,1,0,0,0,0,0,0,0,4,0,0,0.0,0.0
Henry KALLGREN,Sweden,6,1,0,0,0,0,0,0,1,5,0,0,0.0,0.0
Henry FRANCILLON,Haiti,3,1,0,0,0,0,0,0,3,0,0,0,0.0,0.0
Henry COCKBURN,England,3,1,0,0,0,0,0,0,0,3,0,0,0.0,0.0
Henrik ANDERSEN,Denmark,4,1,0,0,1,0,0,0,3,1,0,0,0.0,0.25
Henri MICHEL,France,3,1,0,0,1,0,0,0,2,1,0,0,0.0,0.333
Henri DIRICKX,Belgium,2,1,0,0,0,0,0,0,0,2,0,0,0.0,0.0
Henri DE DEKEN,Belgium,2,1,0,0,0,0,0,0,1,1,0,0,0.0,0.0
Henock ABRAHAMSSON,Sweden,3,1,0,0,0,0,0,0,3,0,0,0,0.0,0.0
Henning BERG,Norway,4,1,0,0,1,0,0,0,4,0,0,0,0.0,0.25
Hennes LOEHR,West Germany,6,1,0,0,1,0,0,0,4,2,0,0,0.0,0.167
Helmut SENEKOWITSCH,Austria,3,1,0,0,0,0,0,0,3,0,0,0,0.0,0.0
Heimo PFEIFENBERGER,Austria,6,2,0,0,0,0,0,0,3,3,0,0,0.0,0.0
Helmut KREMERS,West Germany,7,1,0,0,0,0,0,0,0,7,0,0,0.0,0.0
Heinz WEWERS,West Germany,6,1,0,0,0,0,0,0,1,5,0,0,0.0,0.0
Heinz VOLLMAR,West Germany,4,1,0,0,0,0,0,0,0,4,0,0,0.0,0.0
Heinz STREHL,West Germany,4,1,0,0,0,0,0,0,0,4,0,0,0.0,0.0
Heinz KWIATKOWSKI,West Germany,12,2,0,0,0,0,0,0,2,10,0,0,0.0,0.0
Heinz KUBSCH,West Germany,6,1,0,0,0,0,0,0,0,6,0,0,0.0,0.0
Heinz HORNIG,West Germany,6,1,0,0,0,0,0,0,0,6,0,0,0.0,0.0
Heinz BIGLER,Switzerland,4,1,0,0,0,0,0,0,1,3,0,0,0.0,0.0
Heinz BAENI,Switzerland,3,1,0,0,0,0,0,0,3,0,0,0,0.0,0.0
Heinrich STRASSER,Austria,6,1,0,0,0,0,0,0,2,4,0,0,0.0,0.0
Harry HADDOCK,Scotland,3,1,0,0,0,0,0,0,0,3,0,0,0.0,0.0
Harald SCHUMACHER,West Germany,14,2,0,0,0,0,0,3,14,0,0,0,0.0,0.0
Henryk MACULEWICZ,Poland,6,1,0,0,1,0,0,0,5,1,0,0,0.0,0.167
Harald KONOPKA,West Germany,6,1,0,0,0,0,0,0,0,6,0,0,0.0,0.0
Hans BAUER,West Germany,6,1,0,0,0,0,0,0,2,4,0,0,0.0,0.0
Hans AGBO,Cameroon,3,1,0,0,0,0,0,0,3,0,0,0,0.0,0.0
Hannes REINMAYR,Austria,3,1,0,0,1,0,0,0,1,2,0,0,0.0,0.333
Hamza FALATAH,Saudi Arabia,4,1,0,0,1,0,0,0,2,2,0,0,0.0,0.25
Hamud AL SHEMMARI,Kuwait,3,1,0,0,0,0,0,0,0,3,0,0,0.0,0.0
Hamid Majid TAYMOURI,Iran,3,1,0,0,0,0,0,0,0,3,0,0,0.0,0.0
Hadi DAHANE,Morocco,3,1,0,0,0,0,0,0,0,3,0,0,0.0,0.0
Hababi EL ARBI,Morocco,3,1,0,0,1,0,0,0,3,0,0,0,0.0,0.333
HYUNGIL,South Korea,4,1,0,0,0,0,0,0,0,4,0,0,0.0,0.0
HWEDES,Germany,7,1,0,0,2,0,0,0,7,0,0,0,0.0,0.286
HWANG S. H.,South Korea,3,1,0,0,0,0,0,0,0,3,0,0,0.0,0.0
HUTH,Germany,7,1,0,0,0,0,0,0,1,6,0,0,0.0,0.0
HUSSEIN ALI,Iraq,3,1,0,0,0,0,0,0,3,0,0,0,0.0,0.0
HUSSAIN GHULOUM,United Arab Emirates,3,1,0,0,1,0,0,0,3,0,0,0,0.0,0.333
HUSAIN,Argentina,3,1,0,0,0,0,0,0,0,3,0,0,0.0,0.0
HURTADO,Ecuador,3,1,0,0,0,0,0,2,3,0,0,0,0.0,0.0
HUMBERTO,Brazil,3,1,0,0,0,1,1,0,1,2,0,0,0.0,0.333
HULK,Brazil,7,1,0,0,1,0,0,0,5,2,0,0,0.0,0.143
HUGO VIANA,Portugal,3,1,0,0,0,0,0,0,0,3,0,0,0.0,0.0
HUGGEL,Switzerland,3,1,0,0,0,0,0,0,3,0,0,0,0.0,0.0
HSSLER,Germany,10,2,0,0,2,0,0,0,9,1,0,0,0.0,0.2
HOWARD,USA,11,3,0,0,0,0,0,0,8,3,0,0,0.0,0.0
HONG M. B.,South Korea,3,1,0,0,0,0,0,0,3,0,0,0,0.0,0.0
Hans BUZEK,Austria,3,1,0,0,0,0,0,0,3,0,0,0,0.0,0.0
Hans DIHANICH,Austria,5,1,0,0,0,0,0,0,0,5,0,0,0.0,0.0
Hans GILLHAUS,Netherlands,4,1,0,0,0,0,0,0,2,2,0,0,0.0,0.0
Hans TILKOWSKI,West Germany,10,2,0,0,0,0,0,0,6,4,0,0,0.0,0.0
Harald IRMSCHER,East Germany,6,1,0,0,0,0,0,0,3,3,0,0,0.0,0.0
Harald CERNY,Austria,3,1,0,0,0,0,0,0,2,1,0,0,0.0,0.0
Hany RAMZY,Egypt,3,1,0,0,0,0,0,0,3,0,0,0,0.0,0.0
Hans-Ruedi FUHRER,Switzerland,3,1,0,0,0,0,0,0,3,0,0,0,0.0,0.0
Hans-Peter FRIEDLAENDER,Switzerland,3,1,0,0,0,0,0,0,2,1,0,0,0.0,0.0
Hans-Juergen KREISCHE,East Germany,6,1,0,0,1,0,0,0,1,5,0,0,0.0,0.167
Hans WEBER,Switzerland,3,1,0,0,0,0,0,0,3,0,0,0,0.0,0.0
Hans VONK,South Africa,3,1,0,0,0,0,0,0,3,0,0,0,0.0,0.0
Hans VAN BREUKELEN,Netherlands,4,1,0,0,0,0,0,0,4,0,0,0,0.0,0.0
Hans URBANEK,Austria,4,1,0,0,0,0,0,0,4,0,0,0,0.0,0.0
Hans STURM,West Germany,10,2,0,0,0,0,0,0,2,8,0,0,0.0,0.0
Hans Georg SCHWARZENBECK,West Germany,13,2,0,0,0,0,0,0,7,6,0,0,0.0,0.0
Hans SIEGENTHALER,Switzerland,3,1,0,0,0,0,0,0,0,3,0,0,0.0,0.0
Hans SELANDER,Sweden,3,1,0,0,0,0,0,0,2,1,0,0,0.0,0.0
Hans SCHWARTZ,Germany,4,1,0,0,0,0,0,0,1,3,0,0,0.0,0.0
Hans Peter BRIEGEL,West Germany,14,2,0,0,2,0,0,0,13,1,0,0,0.0,0.143
Hans PIRKNER,Austria,6,1,0,0,0,0,0,0,0,6,0,0,0.0,0.0
Hans PFLUEGLER,West Germany,7,1,0,0,0,0,0,0,1,6,0,0,0.0,0.0
Hans PESSER,Germany,2,1,0,0,0,1,1,0,1,1,0,0,0.0,0.5
Hans NOWAK,West Germany,4,1,0,0,0,0,0,0,4,0,0,0,0.0,0.0
Hans MOCK,Germany,2,1,0,0,0,0,0,1,1,1,0,0,0.0,0.0
Hans JAKOB,Germany,6,2,0,0,0,0,0,0,1,5,0,0,0.0,0.0
Henryk KASPERCZAK,Poland,13,2,0,0,2,0,0,0,11,2,0,0,0.0,0.154
Henryk WIECZOREK,Poland,7,1,0,0,0,0,0,0,0,7,0,0,0.0,0.0
Ghafoor JAHANI,Iran,3,1,0,0,0,0,0,0,2,1,0,0,0.0,0.0
Hussein KAZERANI,Iran,3,1,0,0,0,0,0,0,3,0,0,0,0.0,0.0
IKEDIA,Nigeria,3,1,0,0,0,0,0,0,0,3,0,0,0.0,0.0
IGNASHEVICH,Russia,3,1,0,0,0,0,0,0,3,0,0,0,0.0,0.0
IGI?,Serbia,3,1,0,0,1,0,0,0,3,0,0,0,0.0,0.333
IDRISSOU,Cameroon,3,1,0,0,0,0,0,0,0,3,0,0,0.0,0.0
IDEYE,Nigeria,3,1,0,0,0,0,0,0,0,3,0,0,0.0,0.0
ICHIKAWA,Japan,4,1,0,0,0,0,0,0,1,3,0,0,0.0,0.0
IBRI?I?,Bosnia and Herzegovina,3,1,0,0,0,0,0,0,0,3,0,0,0.0,0.0
IBRAHIMOVIC,Sweden,8,2,0,0,0,0,0,0,3,5,0,0,0.0,0.0
IBRAHIM MEER,United Arab Emirates,3,1,0,0,1,0,0,0,3,0,0,0,0.0,0.333
IBARRA,Ecuador,6,2,0,0,0,0,0,0,0,6,0,0,0.0,0.0
IBARBO,Colombia,5,1,0,0,0,0,0,0,3,2,0,0,0.0,0.0
IATSENKO,Ukraine,5,1,0,0,0,0,0,0,0,5,0,0,0.0,0.0
I.GONZALEZ,Uruguay,7,1,0,0,0,0,0,0,1,6,0,0,0.0,0.0
I. LEKO,Croatia,3,1,0,0,0,0,0,0,0,3,0,0,0.0,0.0
I. HURTADO,Ecuador,4,1,0,0,1,0,0,3,3,1,0,0,0.0,0.25
I. HELGUERA,Spain,5,1,0,0,0,0,0,0,3,2,0,0,0.0,0.0
I. CASILLAS,Spain,3,1,0,0,1,0,0,2,2,1,0,0,0.0,0.333
I. CAMPO,Spain,3,1,0,0,1,0,0,0,1,2,0,0,0.0,0.333
I. BRIZUELA,Mexico,4,1,0,0,0,0,0,0,0,4,0,0,0.0,0.0
I. AYEW,Ghana,5,1,0,0,0,0,0,0,0,5,0,0,0.0,0.0
I. AL-HARBI,Saudi Arabia,3,1,0,0,0,0,0,0,0,3,0,0,0.0,0.0
I QUINCOCES,Spain,3,1,0,0,0,0,0,1,3,0,0,0,0.0,0.0
I Guillermo CAMPANAL,Spain,3,1,0,0,0,0,0,0,1,2,0,0,0.0,0.0
ILI?,Slovenia,3,1,0,0,0,0,0,0,0,3,0,0,0.0,0.0
ILIEV,Bulgaria,3,1,0,0,1,0,0,0,2,1,0,0,0.0,0.333
IM Seung Hwi,North Korea,4,1,0,0,0,0,0,0,4,0,0,0,0.0,0.0
ISAKSSON,Sweden,8,2,0,0,0,0,0,0,3,5,0,0,0.0,0.0
IWAMASA,Japan,4,1,0,0,0,0,0,0,0,4,0,0,0.0,0.0
IVANOVI?,Serbia,3,1,0,0,1,0,0,0,3,0,0,0,0.0,0.333
IVANOV,Bulgaria,7,1,0,0,3,0,0,0,6,1,0,0,0.0,0.429
IVAN MARIZ,Brazil,2,1,0,0,0,0,0,0,0,2,0,0,0.0,0.0
IULIANO,Italy,4,1,0,0,0,0,0,0,1,3,0,0,0.0,0.0
ITANJDE,Cameroon,3,1,0,0,0,0,0,0,3,0,0,0,0.0,0.0
ITALIA,Brazil,2,1,0,0,0,0,0,0,2,0,0,0,0.0,0.0
ISSAH,Ghana,4,1,0,0,0,0,0,0,0,4,0,0,0.0,0.0
ISSA,South Africa,3,1,0,0,1,0,0,0,1,2,0,0,0.0,0.333
ISLA,Chile,8,2,0,0,0,0,0,0,8,0,0,0,0.0,0.0
ISAILOVI?,Serbia,3,1,0,0,0,0,0,0,0,3,0,0,0.0,0.0
IMMOBILE,Italy,3,1,0,0,0,0,0,0,1,2,0,0,0.0,0.0
IROHA,Nigeria,4,1,0,0,0,0,0,0,1,3,0,0,0.0,0.0
IONOV,Russia,3,1,0,0,0,0,0,0,0,3,0,0,0.0,0.0
INSIGNE,Italy,3,1,0,0,0,0,0,0,0,3,0,0,0.0,0.0
INSAYAF ABDULFATTAH,Iraq,3,1,0,0,0,0,0,0,1,2,0,0,0.0,0.0
INOHA,Japan,3,1,0,0,0,0,0,0,0,3,0,0,0.0,0.0
INLER,Switzerland,7,2,0,0,1,0,0,6,7,0,0,0,0.0,0.143
INKOOM,Ghana,8,2,0,0,0,0,0,0,2,6,0,0,0.0,0.0
INDIO,Brazil,3,1,0,0,0,0,0,0,1,2,0,0,0.0,0.0
INCE,Trinidad and Tobago,3,1,0,0,0,0,0,0,0,3,0,0,0.0,0.0
INACIO,Portugal,3,1,0,0,0,0,0,0,3,0,0,0,0.0,0.0
I CASTRO,Mexico,4,1,0,0,1,0,0,0,0,4,0,0,0.0,0.25
Hussein FARAKI,Iran,3,1,0,0,0,0,0,0,3,0,0,0,0.0,0.0
Herbert ERHARDT,West Germany,16,3,0,0,0,0,0,0,10,6,0,0,0.0,0.0
Hussein AL SADEQ,Saudi Arabia,4,1,0,0,0,0,0,0,0,4,0,0,0.0,0.0
Horacio LOPEZ SALGADO,Mexico,4,1,0,0,0,0,0,0,1,3,0,0,0.0,0.0
Honorino LANDA,Chile,9,2,0,0,0,1,1,0,7,2,0,0,0.0,0.111
Holger HIERONYMUS,West Germany,7,1,0,0,0,0,0,0,0,7,0,0,0.0,0.0
Hocine YAHI,Algeria,3,1,0,0,0,0,0,0,0,3,0,0,0.0,0.0
Hiroshi NANAMI,Japan,3,1,0,0,1,0,0,0,3,0,0,0,0.0,0.333
Hiroaki MORISHIMA,Japan,3,1,0,0,0,0,0,0,0,3,0,0,0.0,0.0
Hipolito RINCON,Spain,5,1,0,0,0,0,0,0,0,5,0,0,0.0,0.0
Hilarion OSORIO,Paraguay,2,1,0,0,0,0,0,0,0,2,0,0,0.0,0.0
Hilario LOPEZ,Mexico,3,1,0,0,0,0,0,0,3,0,0,0,0.0,0.0
Hidetoshi NAKATA,Japan,3,1,0,0,0,0,0,0,3,0,0,0,0.0,0.0
Hesham YAKAN,Egypt,3,1,0,0,0,0,0,0,3,0,0,0,0.0,0.0
Hernando TOVAR,Colombia,3,1,0,0,0,0,0,0,0,3,0,0,0.0,0.0
Hernan DIAZ,Argentina,4,1,0,0,0,0,0,0,1,3,0,0,0.0,0.0
Hernan CARVALLO,Chile,3,1,0,0,0,0,0,0,2,1,0,0,0.0,0.0
Hermidio BARRANTES,Costa Rica,4,1,0,0,0,0,0,0,1,3,0,0,0.0,0.0
Hermann SPRINGER,Switzerland,3,1,0,0,0,0,0,0,3,0,0,0,0.0,0.0
Hermann NUBER,West Germany,6,1,0,0,0,0,0,0,0,6,0,0,0.0,0.0
Heribert WEBER,Austria,11,2,0,0,0,0,0,0,2,9,0,0,0.0,0.0
Herbert ZIMMERMANN,West Germany,6,1,0,0,0,0,0,0,2,4,0,0,0.0,0.0
Herbert WIMMER,West Germany,7,1,0,0,0,0,0,0,1,6,0,0,0.0,0.0
Herbert PROHASKA,Austria,11,2,0,0,1,0,0,0,11,0,0,0,0.0,0.091
Herbert NINAUS,Austria,3,1,0,0,0,0,0,0,0,3,0,0,0.0,0.0
Herbert FEURER,Austria,5,1,0,0,0,0,0,0,0,5,0,0,0.0,0.0
Horacio MUNOZ,Chile,3,1,0,0,0,0,0,0,0,3,0,0,0.0,0.0
Horacio TROCHE,Uruguay,7,2,0,0,0,1,1,7,7,0,0,0,0.0,0.143
Horst ECKEL,West Germany,12,2,0,0,0,0,0,0,10,2,0,0,0.0,0.0
Hugo GATTI,Argentina,4,1,0,0,0,0,0,0,0,4,0,0,0.0,0.0
Hussain Said MUHAMMAD,Iraq,3,1,0,0,0,0,0,0,1,2,0,0,0.0,0.0
Humberto MASCHIO,Italy,3,1,0,0,0,0,0,0,1,2,0,0,0.0,0.0
Humberto ELGUETA,Chile,3,1,0,0,0,0,0,0,1,2,0,0,0.0,0.0
Humberto DONOSO,Chile,3,1,0,0,0,0,0,0,0,3,0,0,0.0,0.0
Humberto CRUZ,Chile,9,2,0,0,0,0,0,0,4,5,0,0,0.0,0.0
Hugo VILLANUEVA,Chile,3,1,0,0,0,0,0,0,3,0,0,0,0.0,0.0
Hugo SOTIL,Peru,10,2,0,0,0,0,0,0,2,8,0,0,0.0,0.0
Hugo RODRIGUEZ,Mexico,3,1,0,0,0,0,0,0,0,3,0,0,0.0,0.0
Hugo PEREZ,USA,8,1,0,0,0,0,0,0,1,7,0,0,0.0,0.0
Hugo HOVENKAMP,Netherlands,7,1,0,0,0,0,0,0,0,7,0,0,0.0,0.0
Hugo GASTULO,Peru,3,1,0,0,0,0,0,0,0,3,0,0,0.0,0.0
Horst SZYMANIAK,West Germany,10,2,0,0,0,0,0,0,10,0,1,0,0.0,0.0
Hugo DE LEON,Uruguay,4,1,0,0,0,0,0,0,4,0,0,0,0.0,0.0
Hugo BROOS,Belgium,7,1,0,0,0,0,0,0,2,5,0,0,0.0,0.0
Hugo BERLY,Chile,3,1,0,0,0,0,0,0,0,3,0,0,0.0,0.0
Hubert BAUMGARTNER,Austria,6,1,0,0,0,0,0,0,0,6,0,0,0.0,0.0
Hristo STOICHKOV,Bulgaria,3,1,0,0,1,0,0,0,3,0,0,0,0.0,0.333
Hristo KOLEV,Bulgaria,4,1,0,0,0,0,0,0,0,4,0,0,0.0,0.0
Hristo ILIEV,Bulgaria,3,1,0,0,0,0,0,0,1,2,0,0,0.0,0.0
Hossam HASSAN,Egypt,3,1,0,0,0,0,0,0,3,0,0,0,0.0,0.0
Horst-Dieter HOETTGES,West Germany,19,3,0,0,0,0,0,0,9,10,0,0,0.0,0.0
Horst WOLTER,West Germany,6,1,0,0,0,0,0,0,1,5,0,0,0.0,0.0
HONG Dook Jong,South Korea,2,1,0,0,0,0,0,0,2,0,0,0,0.0,0.0
HOLOSKO,Slovakia,4,1,0,0,0,0,0,0,0,4,0,0,0.0,0.0
HOLDEN,USA,4,1,0,0,0,0,0,0,0,4,0,0,0.0,0.0
Giuseppe DOSSENA,Italy,7,1,0,0,0,0,0,0,0,7,0,0,0.0,0.0
Gosta LOFGREN,Sweden,6,1,0,0,0,0,0,0,1,5,0,0,0.0,0.0
Gosho GINCHEV,Bulgaria,3,1,0,0,0,0,0,0,2,1,0,0,0.0,0.0
Gordon McQUEEN,Scotland,6,2,0,0,0,0,0,0,0,6,0,0,0.0,0.0
Gordon DURIE,Scotland,3,1,0,0,1,0,0,0,3,0,0,0,0.0,0.333
Gordon BANKS,England,14,3,0,0,0,0,0,0,9,5,0,0,0.0,0.0
Gordan VIDOVIC,Belgium,3,1,0,0,1,0,0,0,2,1,0,0,0.0,0.333
Gordan IROVIC,Yugoslavia,4,1,0,0,0,0,0,0,0,4,0,0,0.0,0.0
Goran SORLOTH,Norway,3,1,0,0,1,0,0,0,1,2,0,0,0.0,0.333
Goran NICKLASSON,Sweden,3,1,0,0,0,0,0,0,1,2,0,0,0.0,0.0
Goran JURIC,Croatia,7,1,0,0,0,0,0,0,0,7,0,0,0.0,0.0
Goran HAGBERG,Sweden,9,2,0,0,0,0,0,0,0,9,0,0,0.0,0.0
Goran DJOROVIC,Yugoslavia,4,1,0,0,1,0,0,0,4,0,0,0,0.0,0.25
Glenn HYSEN,Sweden,3,1,0,0,0,0,0,2,2,1,0,0,0.0,0.0
Glenn HODDLE,England,10,2,0,0,0,0,0,0,6,4,0,0,0.0,0.0
Glen DODS,New Zealand,3,1,0,0,0,0,0,0,2,1,0,0,0.0,0.0
Glen DE BOECK,Belgium,3,1,0,0,0,0,0,0,0,3,0,0,0.0,0.0
Glen ADAM,New Zealand,3,1,0,0,0,0,0,0,0,3,0,0,0.0,0.0
Givili NODIYA,Soviet Union,4,1,0,0,1,0,0,0,1,3,0,0,0.0,0.25
Giuseppe WILSON,Italy,3,1,0,0,0,0,0,0,0,3,0,0,0.0,0.0
Giuseppe SIGNORI,Italy,7,1,0,0,1,0,0,0,4,3,0,0,0.0,0.143
Giuseppe SABADINI,Italy,3,1,0,0,0,0,0,0,0,3,0,0,0.0,0.0
Giuseppe MORO,Italy,2,1,0,0,0,0,0,0,1,1,0,0,0.0,0.0
Giuseppe GALDERISI,Italy,4,1,0,0,0,0,0,0,4,0,0,0,0.0,0.0
Graeme LE SAUX,England,4,1,0,0,0,0,0,0,4,0,0,0,0.0,0.0
Graeme RUTJES,Netherlands,4,1,0,0,0,0,0,0,1,3,0,0,0.0,0.0
Graeme SHARP,Scotland,3,1,0,0,0,0,0,0,1,2,0,0,0.0,0.0
Guido MASETTI,Italy,9,2,0,0,0,0,0,0,0,9,0,0,0.0,0.0
Guillermo PAEZ,Chile,3,1,0,0,1,0,0,0,3,0,0,0,0.0,0.333
Guillermo ORTIZ,Mexico,3,1,0,0,0,0,0,0,0,3,0,0,0.0,0.0
Guillermo MENDIZABAL,Mexico,3,1,0,0,0,0,0,0,2,1,0,0,0.0,0.0
Guillermo HERNANDEZ,Mexico,7,2,0,0,0,0,0,0,4,3,0,0,0.0,0.0
Guillermo ESCALADA,Uruguay,3,1,0,0,0,0,0,0,0,3,0,0,0.0,0.0
Guillermo DIAZ,Chile,3,1,0,0,0,0,0,0,2,1,0,0,0.0,0.0
Guillermo CASTRO,El Salvador,3,1,0,0,0,0,0,0,1,2,0,0,0.0,0.0
Guillermo ARELLANO,Chile,3,1,0,0,0,0,0,0,1,2,0,0,0.0,0.0
Guillame BIEGANSKI,France,2,1,0,0,0,0,0,0,0,2,0,0,0.0,0.0
Guido VINCENZI,Italy,3,1,0,0,0,0,0,0,1,2,0,0,0.0,0.0
Guido GRATTON,Italy,3,1,0,0,0,0,0,0,0,3,0,0,0.0,0.0
Graham LEGGATT,Scotland,3,1,0,0,0,0,0,0,2,1,0,0,0.0,0.0
Guido BUCHWALD,West Germany,12,2,0,0,0,0,0,0,10,2,0,0,0.0,0.0
Guenther HERMANN,West Germany,7,1,0,0,0,0,0,0,0,7,0,0,0.0,0.0
Guenter NETZER,West Germany,7,1,0,0,0,0,0,0,0,7,0,0,0.0,0.0
Guenter HERMANN,West Germany,4,1,0,0,0,0,0,0,0,4,0,0,0.0,0.0
Guenter BERNARD,West Germany,6,1,0,0,0,0,0,0,0,6,0,0,0.0,0.0
Guadalupe VELAZQUEZ,Mexico,3,1,0,0,0,0,0,0,3,0,0,0,0.0,0.0
Gregory ION,Canada,3,1,0,0,0,0,0,0,0,3,0,0,0.0,0.0
Gregorio GOMEZ,Mexico,3,1,0,0,0,0,0,0,2,1,0,0,0.0,0.0
Grant TURNER,New Zealand,3,1,0,0,0,0,0,0,0,3,0,0,0.0,0.0
Graham RIX,England,5,1,0,0,0,0,0,0,5,0,0,0,0.0,0.0
Giuseppe FURINO,Italy,6,1,0,0,0,0,0,0,0,6,0,0,0.0,0.0
Giuseppe CAVANNA,Italy,5,1,0,0,0,0,0,0,0,5,0,0,0.0,0.0
HO,South Korea,3,1,0,0,1,0,0,0,3,0,0,0,0.0,0.333
Giuseppe CASARI,Italy,2,1,0,0,0,0,0,0,0,2,0,0,0.0,0.0
Gianluca PESSOTTO,Italy,5,1,0,0,0,0,0,0,2,3,0,0,0.0,0.0
Gianluca PAGLIUCA,Italy,12,2,0,0,0,0,0,0,5,7,0,0,0.0,0.0
Gianfranco ZOLA,Italy,7,1,0,0,0,1,1,0,0,7,0,0,0.0,0.143
Gianfranco LEONCINI,Italy,3,1,0,0,0,0,0,0,1,2,0,0,0.0,0.0
Giancarlo MAROCCHI,Italy,7,1,0,0,0,0,0,0,0,7,0,0,0.0,0.0
Giancarlo DE SISTI,Italy,6,1,0,0,1,0,0,0,6,0,0,0,0.0,0.167
Giancarlo ANTOGNONI,Italy,14,2,0,0,1,0,0,0,11,3,0,0,0.0,0.071
Giampiero MARINI,Italy,7,1,0,0,1,0,0,0,2,5,0,0,0.0,0.143
Giampiero COMBI,Italy,5,1,0,0,0,0,0,4,5,0,0,0,0.0,0.0
Giampaolo MENICHELLI,Italy,3,1,0,0,0,0,0,0,2,1,0,0,0.0,0.0
Giacomo MARI,Italy,5,2,0,0,0,0,0,0,2,3,0,0,0.0,0.0
Giacomo LOSI,Italy,3,1,0,0,0,0,0,0,2,1,0,0,0.0,0.0
Giacinto FACCHETTI,Italy,12,3,0,0,0,0,0,9,12,0,0,0,0.0,0.0
Gheorghe TATARU,Romania,3,1,0,0,0,0,0,0,1,2,0,0,0.0,0.0
Gheorghe RASINARU,Romania,2,1,0,0,0,0,0,0,2,0,0,0,0.0,0.0
Gheorghe MIHALI,Romania,5,1,0,0,1,0,0,0,3,2,0,0,0.0,0.2
Gheorghe LILIAC,Romania,4,1,0,0,0,0,0,0,0,4,0,0,0.0,0.0
Gheorghe HAGI,Romania,4,1,0,0,1,0,0,4,4,0,0,0,0.0,0.25
Gheorghe GORNEA,Romania,3,1,0,0,0,0,0,0,0,3,0,0,0.0,0.0
Gheorghe CRAIOVEANU,Romania,4,1,0,0,0,0,0,0,0,4,0,0,0.0,0.0
Gharib AMZINE,Morocco,3,1,0,0,0,0,0,0,1,2,0,0,0.0,0.0
Ghanim MUBARAK,United Arab Emirates,3,1,0,0,0,0,0,0,0,3,0,0,0.0,0.0
Ghandi SAID,Morocco,3,1,0,0,0,0,0,0,3,0,0,0,0.0,0.0
Gianluca VIALLI,Italy,11,2,0,0,0,0,0,0,3,8,0,0,0.0,0.0
Gianluigi BUFFON,Italy,5,1,0,0,0,0,0,0,0,5,0,0,0.0,0.0
Giannis KALITZAKIS,Greece,3,1,0,0,1,0,0,0,3,0,0,0,0.0,0.333
Giorgio GHEZZI,Italy,3,1,0,0,0,0,0,0,2,1,0,0,0.0,0.0
Giuseppe BOSSI,Switzerland,2,1,0,0,0,0,0,0,1,1,0,0,0.0,0.0
Giuseppe BERGOMI,Italy,23,4,0,0,3,0,0,7,14,9,0,0,0.0,0.13
Giuseppe BARESI,Italy,4,1,0,0,0,0,0,0,1,3,0,0,0.0,0.0
Giovanni VIOLA,Italy,3,1,0,0,0,0,0,0,1,2,0,0,0.0,0.0
Giovanni TRAPATTONI,Italy,3,1,0,0,0,0,0,0,0,3,0,0,0.0,0.0
Giovanni LODETTI,Italy,3,1,0,0,0,0,0,0,2,1,0,0,0.0,0.0
Giovanni GIACOMAZZI,Italy,3,1,0,0,0,0,0,0,3,0,0,0,0.0,0.0
Giovanni GALLI,Italy,11,2,0,0,0,0,0,0,4,7,0,0,0.0,0.0
Giotis TSALOUCHIDIS,Greece,3,1,0,0,1,0,0,0,2,1,0,0,0.0,0.333
Giorgio PUIA,Italy,6,1,0,0,0,0,0,0,0,6,0,0,0.0,0.0
Giorgio FERRINI,Italy,3,1,0,0,0,1,1,0,2,1,0,0,0.0,0.333
Gilbert BODART,Belgium,11,2,0,0,0,0,0,0,0,11,0,0,0.0,0.0
Giorgio CHINAGLIA,Italy,3,1,0,0,0,0,0,0,2,1,0,0,0.0,0.0
Giora SPIEGEL,Israel,3,1,0,0,0,0,0,0,3,0,0,0,0.0,0.0
Gino PIVATELLI,Italy,3,1,0,0,0,0,0,0,0,3,0,0,0.0,0.0
Gino GARDASSANICH,USA,3,1,0,0,0,0,0,0,0,3,0,0,0.0,0.0
Gino CAPPELLO,Italy,5,2,0,0,0,0,0,0,3,2,0,0,0.0,0.0
Gildardo GOMEZ,Colombia,4,1,0,0,0,0,0,0,4,0,0,0,0.0,0.0
Gilberto YEARWOOD,Honduras,3,1,0,0,0,1,1,0,3,0,0,0,0.0,0.333
Gilbert REY,Switzerland,3,1,0,0,0,0,0,0,0,3,0,0,0.0,0.0
Gilbert MERRICK,England,3,1,0,0,0,0,0,0,3,0,0,0,0.0,0.0
Gilbert FESSELET,Switzerland,4,1,0,0,0,0,0,0,0,4,0,0,0.0,0.0
Guillermo RAGAZZONE,El Salvador,3,1,0,0,0,0,0,0,0,3,0,0,0.0,0.0
Guillermo RIVEROS,Chile,3,1,0,0,0,0,0,0,1,2,0,0,0.0,0.0
Guillermo SAAVEDRA,Chile,3,1,0,0,0,0,0,0,3,0,0,0,0.0,0.0
Guillermo SEPULVEDA,Mexico,6,2,0,0,0,0,0,0,4,2,0,0,0.0,0.0
HARTHI,Saudi Arabia,3,1,0,0,0,0,0,0,0,3,0,0,0.0,0.0
HARTE,Ireland,4,1,0,0,0,0,0,0,4,0,0,0,0.0,0.0
HART,England,7,2,0,0,0,0,0,0,2,5,0,0,0.0,0.0
HARRISON,Ghana,3,1,0,0,1,0,0,0,2,1,0,0,0.0,0.333
HARGREAVES,England,10,2,0,0,2,0,0,0,5,5,0,0,0.0,0.2
HANSSON,Sweden,4,1,0,0,0,0,0,0,0,4,0,0,0.0,0.0
HANKE,Germany,7,1,0,0,0,0,0,0,0,7,0,0,0.0,0.0
HANDANOVI? S.,Slovenia,3,1,0,0,0,0,0,0,3,0,0,0,0.0,0.0
HANDANOVI? J.,Slovenia,3,1,0,0,0,0,0,0,0,3,0,0,0.0,0.0
HAN Heung Chul,South Korea,2,1,0,0,0,0,0,0,0,2,0,0,0.0,0.0
HAN Chung Wa,South Korea,2,1,0,0,0,0,0,0,1,1,0,0,0.0,0.0
HAN Bong Zin,North Korea,4,1,0,0,0,0,0,0,4,0,0,0,0.0,0.0
HAMSIK,Slovakia,4,1,0,0,0,0,0,4,4,0,0,0,0.0,0.0
HAMMOUDI RAAD,Iraq,3,1,0,0,1,0,0,2,2,1,0,0,0.0,0.333
HAMANN,Germany,7,1,0,0,2,0,0,0,6,1,0,0,0.0,0.286
HALLORAN,Australia,3,1,0,0,0,0,0,0,0,3,0,0,0.0,0.0
HALLE,Norway,3,1,0,0,0,0,0,0,1,2,0,0,0.0,0.0
HAKAN UNSAL,Turkey,7,1,0,0,2,1,1,0,3,4,0,0,0.0,0.429
HAJTO,Poland,3,1,0,0,1,0,0,0,2,1,0,0,0.0,0.333
HAJROVI?,Bosnia and Herzegovina,3,1,0,0,0,0,0,0,2,1,0,0,0.0,0.0
HAJI SAFI,Iran,3,1,0,0,0,0,0,0,3,0,0,0,0.0,0.0
HAHNEMANN,USA,7,2,0,0,0,0,0,0,0,7,0,0,0.0,0.0
HAGGUI,Tunisia,3,1,0,0,1,0,0,0,3,0,0,0,0.0,0.333
HARUNA,Nigeria,3,1,0,0,1,0,0,0,2,1,0,0,0.0,0.333
HASEBE,Japan,7,2,0,0,1,0,0,7,7,0,0,0,0.0,0.143
HASHEM NATIK,Iraq,3,1,0,0,1,0,0,0,3,0,0,0,0.0,0.333
HERCULES,Brazil,5,1,0,0,0,0,0,0,2,3,0,0,0.0,0.0
HITZLSPERGER,Germany,7,1,0,0,0,0,0,0,0,7,0,0,0.0,0.0
HISLOP,Trinidad and Tobago,3,1,0,0,1,0,0,0,2,1,0,0,0.0,0.333
HILDEBRAND,Germany,7,1,0,0,0,0,0,0,0,7,0,0,0.0,0.0
HILARIO,Spain,9,2,0,0,0,0,0,0,6,3,0,0,0.0,0.0
HIERRO,Spain,5,1,0,0,1,0,0,4,4,1,2,0,0.0,0.2
HERRERA,Chile,4,1,0,0,0,0,0,0,0,4,0,0,0.0,0.0
HERPOEL,Belgium,4,1,0,0,0,0,0,0,0,4,0,0,0.0,0.0
HERNANES,Brazil,7,1,0,0,0,0,0,0,0,7,0,0,0.0,0.0
HERNANDEZ C.,Costa Rica,3,1,0,0,0,0,0,0,0,3,0,0,0.0,0.0
HERMOGENES,Brazil,2,1,0,0,0,0,0,0,2,0,0,0,0.0,0.0
HENRIQUE,Brazil,7,1,0,0,0,0,0,0,0,7,0,0,0.0,0.0
HASSAN MOHAMED,United Arab Emirates,3,1,0,0,0,0,0,0,0,3,0,0,0.0,0.0
HENRIKSEN,Denmark,4,1,0,0,0,0,0,2,4,0,0,0,0.0,0.0
HENDERSON,England,3,1,0,0,0,0,0,0,2,1,0,0,0.0,0.0
HELVEG,Denmark,4,1,0,0,1,0,0,0,4,0,0,0,0.0,0.25
HELMER,Germany,5,1,0,0,2,0,0,0,2,3,0,0,0.0,0.4
HEJDUK,USA,5,1,0,0,2,0,0,0,4,1,0,0,0.0,0.4
HEITINGA,Netherlands,11,2,0,0,4,1,1,0,9,2,0,0,0.0,0.455
HEINZ,Czech Republic,3,1,0,0,0,0,0,0,0,3,0,0,0.0,0.0
HEINTZE,Denmark,4,1,0,0,1,0,0,2,2,2,0,0,0.0,0.25
HEDMAN,Sweden,4,1,0,0,0,0,0,0,4,0,0,0,0.0,0.0
HATTORI,Japan,4,1,0,0,0,0,0,0,0,4,0,0,0.0,0.0
HADJI,Morocco,3,1,0,0,0,0,0,0,1,2,0,0,0.0,0.0
HADI?,Bosnia and Herzegovina,3,1,0,0,0,0,0,0,1,2,0,0,0.0,0.0
HABIB,Ghana,4,1,0,0,1,0,0,0,2,2,0,0,0.0,0.25
Gustavo DE SIMONE,Uruguay,3,1,0,0,0,0,0,0,0,3,0,0,0.0,0.0
Gyorgy SZUCS,Hungary,6,2,0,0,0,0,0,0,3,3,0,0,0.0,0.0
Gyorgy BOGNAR,Hungary,3,1,0,0,0,0,0,0,2,1,0,0,0.0,0.0
Guy VANDERSMISSEN,Belgium,5,1,0,0,0,0,0,0,4,1,0,0,0.0,0.0
Guy SAINT-VIL,Haiti,3,1,0,0,0,0,0,0,2,1,0,0,0.0,0.0
Guy FRANCOIS,Haiti,3,1,0,0,0,0,0,0,2,1,0,0,0.0,0.0
Gusztav SZEPESI,Hungary,4,1,0,0,0,0,0,0,3,1,0,0,0.0,0.0
Gustavo QUINTEROS,Bolivia,3,1,0,0,1,0,0,0,2,1,0,0,0.0,0.333
Gustavo PENA,Mexico,7,2,0,0,2,0,0,7,7,0,1,0,0.0,0.286
Gustavo FERNANDEZ,Uruguay,3,1,0,0,0,0,0,0,0,3,0,0,0.0,0.0
Gustavo DEZOTTI,Argentina,7,1,0,0,1,1,1,0,1,6,0,0,0.0,0.286
Gustave JORDAN,France,2,1,0,0,0,0,0,0,2,0,0,0,0.0,0.0
Gyozo MARTOS,Hungary,6,2,0,0,1,0,0,0,5,1,0,0,0.0,0.167
Gustav SJOBERG,Sweden,3,1,0,0,0,0,0,0,0,3,0,0,0.0,0.0
Gustav MRAZ,Czechoslovakia,4,1,0,0,0,0,0,0,4,0,0,0,0.0,0.0
Gunter SAWITZKI,West Germany,10,2,0,0,0,0,0,0,0,10,0,0,0.0,0.0
Gunter HAPPICH,Austria,6,1,0,0,0,0,0,0,0,6,0,0,0.0,0.0
Gunnar OLSSON,Sweden,2,1,0,0,0,0,0,0,0,2,0,0,0.0,0.0
Gunnar JOHANSSON II,Sweden,5,1,0,0,0,0,0,0,2,3,0,0,0.0,0.0
Gunnar JANSSON,Sweden,2,1,0,0,0,0,0,0,0,2,0,0,0.0,0.0
Gunnar HALLE,Norway,4,1,0,0,0,0,0,0,0,4,0,0,0.0,0.0
Gumercindo GOMEZ,Bolivia,2,1,0,0,0,0,0,0,1,1,0,0,0.0,0.0
Guillermo YAVAR,Chile,6,2,0,0,0,0,0,0,1,5,0,0,0.0,0.0
Gyozo BURCSA,Hungary,3,1,0,0,0,0,0,0,1,2,0,0,0.0,0.0
Gyula FUTO,Hungary,2,1,0,0,0,0,0,0,1,1,0,0,0.0,0.0
HA Yung Won,North Korea,4,1,0,0,0,0,0,0,2,2,0,0,0.0,0.0
H. POSTIGA,Portugal,3,1,0,0,0,0,0,0,1,2,0,0,0.0,0.0
H.VIANA,Portugal,7,1,0,0,0,0,0,0,0,7,0,0,0.0,0.0
H.ROUDBARIAN,Iran,3,1,0,0,0,0,0,0,0,3,0,0,0.0,0.0
H.POSTIGA,Portugal,7,1,0,0,0,0,0,0,1,6,0,0,0.0,0.0
H.KAEBI,Iran,3,1,0,0,1,0,0,0,3,0,0,0,0.0,0.333
H. YONG JO,North Korea,3,1,0,0,1,0,0,3,3,0,0,0,0.0,0.333
H. VALDEZ,Paraguay,8,2,0,0,1,0,0,0,7,1,0,0,0.0,0.125
H. TRABELSI,Tunisia,3,1,0,0,0,0,0,0,1,2,0,0,0.0,0.0
H. SOLAIMANI,Saudi Arabia,3,1,0,0,0,0,0,0,3,0,0,0,0.0,0.0
H. SALEH,Saudi Arabia,7,2,0,0,0,0,0,0,4,3,0,0,0.0,0.0
H. SAKAI,Japan,3,1,0,0,0,0,0,0,0,3,0,0,0.0,0.0
H. MORENO,Mexico,4,1,0,0,1,0,0,0,4,0,0,0,0.0,0.25
Gyula GROSICS,Hungary,13,3,0,0,0,0,0,3,11,2,0,0,0.0,0.0
H. MAHINI,Iran,3,1,0,0,0,0,0,0,0,3,0,0,0.0,0.0
H. HERRERA,Mexico,4,1,0,0,0,0,0,0,4,0,0,0,0.0,0.0
H QI,China PR,3,1,0,0,0,0,0,0,1,2,0,0,0.0,0.0
H MORENO,Mexico,4,1,0,0,1,0,0,0,2,2,0,0,0.0,0.25
H D HAO,China PR,3,1,0,0,0,0,0,0,3,0,0,0,0.0,0.0
Gyula RAKOSI,Hungary,8,2,0,0,0,0,0,0,7,1,0,0,0.0,0.0
Gyula POLGAR,Hungary,6,2,0,0,0,0,0,0,1,5,0,0,0.0,0.0
Gyula LORANT,Hungary,5,1,0,0,0,0,0,0,5,0,0,0,0.0,0.0
Gyula LAZAR,Hungary,6,2,0,0,0,0,0,0,5,1,0,0,0.0,0.0
Gyula HAJSZAN,Hungary,3,1,0,0,0,0,0,0,0,3,0,0,0.0,0.0
van der SAR,Netherlands,7,1,0,0,0,0,0,0,7,0,0,0,0.0,0.0
