Year,MatchID,RoundID,Match_Date,Match_Time,Day_of_Week,Month,Stage_Raw,Stage_Std,Stage_Order,Days_Into_Tournament,Home_Team,Away_Team,Home_Initials,Away_Initials,Tournament_Host,Is_Host_Home,Is_Host_Away,Home_Goals,Away_Goals,HT_Home_Goals,HT_Away_Goals,SH_Home_Goals,SH_Away_Goals,Total_Goals,Goal_Diff,Match_Result,Win_Conditions,Attendance,Stadium,City,Referee,Rest_Days_Home,Rest_Days_Away
1930,1084,201,1930-07-22,14:45,Tuesday,7,Group 1,Group Stage,1,9,Argentina,Chile,ARG,CHI,Uruguay,False,False,3,1,2,1,1,0,4,2,Home Win,Normal,41459,Estadio Centenario,Montevideo,LANGENUS Jean (BEL),2.0,3.0
1930,1085,201,1930-07-15,16:00,Tuesday,7,Group 1,Group Stage,1,3,Argentina,France,ARG,FRA,Uruguay,False,False,1,0,0,0,1,0,1,1,Home Win,Normal,23409,Parque Central,Montevideo,REGO Gilberto (BRA),,2.0
1930,1086,201,1930-07-19,15:00,Saturday,7,Group 1,Group Stage,1,7,Argentina,Mexico,ARG,MEX,Uruguay,False,False,6,3,3,1,3,2,9,3,Home Win,Normal,42100,Estadio Centenario,Montevideo,SAUCEDO Ulises (BOL),3.0,3.0
1930,1089,201,1930-07-20,15:00,Sunday,7,Group 4,Group Stage,1,8,Paraguay,Belgium,PAR,BEL,Uruguay,False,False,1,0,1,0,0,0,1,1,Home Win,Normal,12000,Estadio Centenario,Montevideo,VALLARINO Ricardo (URU),3.0,7.0
1930,1090,201,1930-07-13,15:00,Sunday,7,Group 4,Group Stage,1,1,USA,Belgium,USA,BEL,Uruguay,False,False,3,0,2,0,1,0,3,3,Home Win,Normal,18346,Parque Central,Montevideo,MACIAS Jose (ARG),,
1930,1091,201,1930-07-20,13:00,Sunday,7,Group 2,Group Stage,1,7,Brazil,Bolivia,BRA,BOL,Uruguay,False,False,4,0,1,0,3,0,4,4,Home Win,Normal,25466,Estadio Centenario,Montevideo,BALWAY Thomas (FRA),6.0,3.0
1930,1092,201,1930-07-17,12:45,Thursday,7,Group 2,Group Stage,1,4,Yugoslavia,Bolivia,YUG,BOL,Uruguay,False,False,4,0,0,0,4,0,4,4,Home Win,Normal,18306,Parque Central,Montevideo,MATEUCCI Francisco (URU),3.0,
1930,1093,201,1930-07-14,12:45,Monday,7,Group 2,Group Stage,1,1,Yugoslavia,Brazil,YUG,BRA,Uruguay,False,False,2,1,2,0,0,1,3,1,Home Win,Normal,24059,Parque Central,Montevideo,TEJADA Anibal (URU),,
1930,1094,201,1930-07-19,12:50,Saturday,7,Group 1,Group Stage,1,6,Chile,France,CHI,FRA,Uruguay,False,False,1,0,0,0,1,0,1,1,Home Win,Normal,2000,Estadio Centenario,Montevideo,TEJADA Anibal (URU),2.0,3.0
1930,1095,201,1930-07-16,14:45,Wednesday,7,Group 1,Group Stage,1,3,Chile,Mexico,CHI,MEX,Uruguay,False,False,3,0,1,0,2,0,3,3,Home Win,Normal,9249,Parque Central,Montevideo,CRISTOPHE Henry (BEL),,2.0
1930,1096,201,1930-07-13,15:00,Sunday,7,Group 1,Group Stage,1,1,France,Mexico,FRA,MEX,Uruguay,False,False,4,1,3,0,1,1,5,3,Home Win,Normal,4444,Pocitos,Montevideo,LOMBARDI Domingo (URU),,
1930,1097,201,1930-07-17,14:45,Thursday,7,Group 4,Group Stage,1,4,USA,Paraguay,USA,PAR,Uruguay,False,False,3,0,2,0,1,0,3,3,Home Win,Normal,18306,Parque Central,Montevideo,MACIAS Jose (ARG),3.0,
1930,1098,201,1930-07-14,14:50,Monday,7,Group 3,Group Stage,1,1,Romania,Peru,ROU,PER,Uruguay,False,False,3,1,1,0,2,1,4,2,Home Win,Normal,2549,Pocitos,Montevideo,WARNKEN Alberto (CHI),,
1930,1099,201,1930-07-18,14:30,Friday,7,Group 3,Group Stage,1,5,Uruguay,Peru,URU,PER,Uruguay,True,False,1,0,0,0,1,0,1,1,Home Win,Normal,57735,Estadio Centenario,Montevideo,LANGENUS Jean (BEL),,3.0
1930,1100,201,1930-07-21,14:50,Monday,7,Group 3,Group Stage,1,8,Uruguay,Romania,URU,ROU,Uruguay,True,False,4,0,4,0,0,0,4,4,Home Win,Normal,70022,Estadio Centenario,Montevideo,REGO Gilberto (BRA),3.0,7.0
1930,1088,202,1930-07-26,14:45,Saturday,7,Semi-finals,Semi-finals,4,13,Argentina,USA,ARG,USA,Uruguay,False,False,6,1,1,0,5,1,7,5,Home Win,Normal,72886,Estadio Centenario,Montevideo,LANGENUS Jean (BEL),4.0,9.0
1930,1101,202,1930-07-27,14:45,Sunday,7,Semi-finals,Semi-finals,4,14,Uruguay,Yugoslavia,URU,YUG,Uruguay,True,False,6,1,3,1,3,0,7,5,Home Win,Normal,79867,Estadio Centenario,Montevideo,REGO Gilberto (BRA),5.0,10.0
1930,1087,405,1930-07-30,14:15,Wednesday,7,Final,Final,6,17,Uruguay,Argentina,URU,ARG,Uruguay,True,False,4,2,1,2,3,0,6,2,Home Win,Normal,68346,Estadio Centenario,Montevideo,LANGENUS Jean (BEL),2.0,3.0
1934,1102,204,1934-05-27,16:30,Sunday,5,Preliminary round,Group Stage,1,1,Sweden,Argentina,SWE,ARG,Italy,False,False,3,2,1,1,2,1,5,1,Home Win,Normal,14000,Littorale,Bologna,BRAUN Eugen (AUT),,
1934,1104,204,1934-05-27,16:30,Sunday,5,Preliminary round,Group Stage,1,1,Austria,France,AUT,FRA,Italy,False,False,3,2,0,0,3,2,5,1,Home Win,Extra Time,16000,Stadio Benito Mussolini,Turin,VAN MOORSEL Johannes (NED),,
1934,1108,204,1934-05-27,16:30,Sunday,5,Preliminary round,Group Stage,1,1,Germany,Belgium,GER,BEL,Italy,False,False,5,2,1,2,4,0,7,3,Home Win,Normal,8000,Giovanni Berta,Florence,MATTEA Francesco (ITA),,
1934,1111,204,1934-05-27,16:30,Sunday,5,Preliminary round,Group Stage,1,1,Spain,Brazil,ESP,BRA,Italy,False,False,3,1,3,0,0,1,4,2,Home Win,Normal,21000,Luigi Ferraris,Genoa,BIRLEM Alfred (GER),,
1934,1119,204,1934-05-27,16:30,Sunday,5,Preliminary round,Group Stage,1,1,Hungary,Egypt,HUN,EGY,Italy,False,False,4,2,2,2,2,0,6,2,Home Win,Normal,9000,Giorgio Ascarelli,Naples,BARLASSINA Rinaldo (ITA),,
1934,1133,204,1934-05-27,16:30,Sunday,5,Preliminary round,Group Stage,1,1,Switzerland,Netherlands,SUI,NED,Italy,False,False,3,2,2,1,1,1,5,1,Home Win,Normal,33000,San Siro,Milan,EKLIND Ivan (SWE),,
1934,1135,204,1934-05-27,16:30,Sunday,5,Preliminary round,Group Stage,1,1,Italy,USA,ITA,USA,Italy,True,False,7,1,3,0,4,1,8,6,Home Win,Normal,25000,Nazionale PNF,Rome,MERCET Rene (SUI),,
1934,1141,204,1934-05-27,16:30,Sunday,5,Preliminary round,Group Stage,1,1,Czechoslovakia,Romania,TCH,ROU,Italy,False,False,2,1,0,1,2,0,3,1,Home Win,Normal,9000,Littorio,Trieste,LANGENUS Jean (BEL),,
1934,1106,418,1934-05-31,16:30,Thursday,5,Quarter-finals,Quarter-finals,3,5,Austria,Hungary,AUT,HUN,Italy,False,False,2,1,1,0,1,1,3,1,Home Win,Normal,23000,Littorale,Bologna,MATTEA Francesco (ITA),4.0,4.0
1934,1122,418,1934-05-31,16:30,Thursday,5,Quarter-finals,Quarter-finals,3,5,Italy,Spain,ITA,ESP,Italy,True,False,1,1,0,0,1,1,2,0,Draw,Normal,35000,Giovanni Berta,Florence,BAERT Louis (BEL),4.0,4.0
1934,1123,418,1934-06-01,16:30,Friday,6,Quarter-finals,Quarter-finals,3,6,Italy,Spain,ITA,ESP,Italy,True,False,1,0,1,0,0,0,1,1,Home Win,Normal,43000,Giovanni Berta,Florence,MERCET Rene (SUI),1.0,1.0
1934,1129,418,1934-05-31,16:30,Thursday,5,Quarter-finals,Quarter-finals,3,5,Germany,Sweden,GER,SWE,Italy,False,False,2,1,0,0,2,1,3,1,Home Win,Normal,3000,San Siro,Milan,BARLASSINA Rinaldo (ITA),4.0,4.0
1934,1143,418,1934-05-31,16:30,Thursday,5,Quarter-finals,Quarter-finals,3,5,Czechoslovakia,Switzerland,TCH,SUI,Italy,False,False,3,2,1,1,2,1,5,1,Home Win,Normal,12000,Stadio Benito Mussolini,Turin,BERANEK Alois (AUT),4.0,4.0
1934,1107,3492,1934-06-03,16:30,Sunday,6,Semi-finals,Semi-finals,4,8,Italy,Austria,ITA,AUT,Italy,True,False,1,0,1,0,0,0,1,1,Home Win,Normal,35000,San Siro,Milan,EKLIND Ivan (SWE),2.0,3.0
1934,1130,3492,1934-06-03,16:30,Sunday,6,Semi-finals,Semi-finals,4,8,Czechoslovakia,Germany,TCH,GER,Italy,False,False,3,1,1,0,2,1,4,2,Home Win,Normal,15000,Nazionale PNF,Rome,BARLASSINA Rinaldo (ITA),3.0,3.0
1934,1105,3491,1934-06-07,18:00,Thursday,6,Match for third place,Third Place,5,12,Germany,Austria,GER,AUT,Italy,False,False,3,2,3,1,0,1,5,1,Home Win,Normal,7000,Giorgio Ascarelli,Naples,CARRARO Albino (ITA),4.0,4.0
1934,1134,3490,1934-06-10,17:30,Sunday,6,Final,Final,6,15,Italy,Czechoslovakia,ITA,TCH,Italy,True,False,2,1,0,0,2,1,3,1,Home Win,Extra Time,55000,Nazionale PNF,Rome,EKLIND Ivan (SWE),7.0,7.0
1938,1146,206,1938-06-05,17:00,Sunday,6,First round,Group Stage,1,2,France,Belgium,FRA,BEL,France,True,False,3,1,2,1,1,0,4,2,Home Win,Normal,30454,Stade Olympique,Colombes,WUETHRICH Hans (SUI),,
1938,1150,206,1938-06-05,17:30,Sunday,6,First round,Group Stage,1,2,Brazil,Poland,BRA,POL,France,False,False,6,5,0,0,6,5,11,1,Home Win,Extra Time,13452,Stade de la Meinau,Strasbourg,EKLIND Ivan (SWE),,
1938,1156,206,1938-06-05,17:00,Sunday,6,First round,Group Stage,1,2,Cuba,Romania,CUB,ROU,France,False,False,3,3,0,0,3,3,6,0,Draw,Normal,7000,Stade Municipal,Toulouse,SCARPI Giuseppe (ITA),,
1938,1157,206,1938-06-09,18:00,Thursday,6,First round,Group Stage,1,6,Cuba,Romania,CUB,ROU,France,False,False,2,1,0,1,2,0,3,1,Home Win,Normal,8000,Stade Municipal,Toulouse,BIRLEM Alfred (GER),4.0,4.0
1938,1165,206,1938-06-04,17:00,Saturday,6,First round,Group Stage,1,1,Switzerland,Germany,SUI,GER,France,False,False,1,1,0,0,1,1,2,0,Draw,Normal,27152,Parc des Princes,Paris,LANGENUS Jean (BEL),,
1938,1166,206,1938-06-09,18:00,Thursday,6,First round,Group Stage,1,6,Switzerland,Germany,SUI,GER,France,False,False,4,2,1,2,3,0,6,2,Home Win,Normal,20025,Parc des Princes,Paris,EKLIND Ivan (SWE),5.0,5.0
1938,1172,206,1938-06-05,18:30,Sunday,6,First round,Group Stage,1,2,Czechoslovakia,Netherlands,TCH,NED,France,False,False,3,0,0,0,3,0,3,3,Home Win,Extra Time,11000,Cavee Verte,Le Havre,LECLERCQ Lucien (FRA),,
1938,1173,206,1938-06-05,17:00,Sunday,6,First round,Group Stage,1,2,Hungary,Dutch East Indies,HUN,INH,France,False,False,6,0,4,0,2,0,6,6,Home Win,Normal,9000,Velodrome Municipale,Reims,CONRIE Roger (FRA),,
1938,1179,206,1938-06-05,17:00,Sunday,6,First round,Group Stage,1,2,Italy,Norway,ITA,NOR,France,False,False,2,1,0,0,2,1,3,1,Home Win,Extra Time,19000,Stade Vlodrome,Marseilles,BERANEK Alois (AUT),,
1938,1152,429,1938-06-12,17:00,Sunday,6,Quarter-finals,Quarter-finals,3,9,Brazil,Czechoslovakia,BRA,TCH,France,False,False,1,1,0,0,1,1,2,0,Draw,Normal,22021,Stade du Parc Lescure,Bordeaux,VON HERTZKA Pal (HUN),6.0,6.0
1938,1153,429,1938-06-14,18:00,Tuesday,6,Quarter-finals,Quarter-finals,3,11,Brazil,Czechoslovakia,BRA,TCH,France,False,False,2,1,0,1,2,0,3,1,Home Win,Normal,18141,Stade du Parc Lescure,Bordeaux,CAPDEVILLE Georges (FRA),2.0,2.0
1938,1158,429,1938-06-12,17:00,Sunday,6,Quarter-finals,Quarter-finals,3,9,Sweden,Cuba,SWE,CUB,France,False,False,8,0,4,0,4,0,8,8,Home Win,Normal,7000,Fort Carree,Antibes,KRIST Gustav (TCH),,2.0
1938,1164,429,1938-06-12,17:00,Sunday,6,Quarter-finals,Quarter-finals,3,9,Italy,France,ITA,FRA,France,False,True,3,1,1,1,2,0,4,2,Home Win,Normal,58455,Stade Olympique,Colombes,BAERT Louis (BEL),7.0,7.0
1938,1175,429,1938-06-12,17:00,Sunday,6,Quarter-finals,Quarter-finals,3,9,Hungary,Switzerland,HUN,SUI,France,False,False,2,0,1,0,1,0,2,2,Home Win,Normal,15000,Victor Boucquey,Lille,BARLASSINA Rinaldo (ITA),7.0,2.0
1938,1149,3489,1938-06-16,18:00,Thursday,6,Semi-finals,Semi-finals,4,13,Italy,Brazil,ITA,BRA,France,False,False,2,1,0,0,2,1,3,1,Home Win,Normal,33000,Stade Vlodrome,Marseilles,WUETHRICH Hans (SUI),4.0,2.0
1938,1176,3489,1938-06-16,18:00,Thursday,6,Semi-finals,Semi-finals,4,13,Hungary,Sweden,HUN,SWE,France,False,False,5,1,3,1,2,0,6,4,Home Win,Normal,20000,Parc des Princes,Paris,LECLERCQ Lucien (FRA),4.0,4.0
1938,1151,3488,1938-06-19,17:00,Sunday,6,Match for third place,Third Place,5,16,Brazil,Sweden,BRA,SWE,France,False,False,4,2,1,2,3,0,6,2,Home Win,Normal,12000,Stade du Parc Lescure,Bordeaux,LANGENUS Jean (BEL),2.0,2.0
1938,1174,3487,1938-06-19,17:00,Sunday,6,Final,Final,6,16,Italy,Hungary,ITA,HUN,France,False,False,4,2,3,1,1,1,6,2,Home Win,Normal,45000,Stade Olympique,Colombes,CAPDEVILLE Georges (FRA),2.0,2.0
1950,1185,208,1950-07-02,15:00,Sunday,7,Group 4,Group Stage,1,9,Uruguay,Bolivia,URU,BOL,Brazil,False,False,8,0,4,0,4,0,8,8,Home Win,Normal,5284,Independencia,Belo Horizonte,READER George (ENG),,
1950,1186,209,1950-07-13,15:00,Thursday,7,Group 6,Group Stage,1,20,Brazil,Spain,BRA,ESP,Brazil,True,False,6,1,3,0,3,1,7,5,Home Win,Normal,152772,Maracan - Estdio Jornalista Mrio Filho,Rio De Janeiro,LEAFE Reginald (ENG),4.0,4.0
1950,1187,208,1950-06-24,15:00,Saturday,6,Group 1,Group Stage,1,1,Brazil,Mexico,BRA,MEX,Brazil,True,False,4,0,1,0,3,0,4,4,Home Win,Normal,81649,Maracan - Estdio Jornalista Mrio Filho,Rio De Janeiro,READER George (ENG),,
1950,1188,208,1950-06-28,15:00,Wednesday,6,Group 1,Group Stage,1,5,Brazil,Switzerland,BRA,SUI,Brazil,True,False,2,2,2,1,0,1,4,0,Draw,Normal,42032,Pacaembu,Sao Paulo,AZON ROMA Ramon (ESP),4.0,3.0
1950,1189,209,1950-07-09,15:00,Sunday,7,Group 6,Group Stage,1,16,Brazil,Sweden,BRA,SWE,Brazil,True,False,7,1,3,0,4,1,8,6,Home Win,Normal,138886,Maracan - Estdio Jornalista Mrio Filho,Rio De Janeiro,ELLIS Arthur (ENG),8.0,9.0
1950,1190,209,1950-07-16,15:00,Sunday,7,Group 6,Group Stage,1,23,Uruguay,Brazil,URU,BRA,Brazil,False,True,2,1,0,0,2,1,3,1,Home Win,Normal,173850,Maracan - Estdio Jornalista Mrio Filho,Rio De Janeiro,READER George (ENG),3.0,3.0
1950,1191,208,1950-07-01,15:00,Saturday,7,Group 1,Group Stage,1,8,Brazil,Yugoslavia,BRA,YUG,Brazil,True,False,2,0,1,0,1,0,2,2,Home Win,Normal,142429,Maracan - Estdio Jornalista Mrio Filho,Rio De Janeiro,GRIFFITHS Benjamin (WAL),3.0,3.0
1950,1192,208,1950-06-25,15:00,Sunday,6,Group 2,Group Stage,1,2,England,Chile,ENG,CHI,Brazil,False,False,2,0,1,0,1,0,2,2,Home Win,Normal,29703,Maracan - Estdio Jornalista Mrio Filho,Rio De Janeiro,VAN DER MEER Karel (NED),,
1950,1193,208,1950-06-29,15:00,Thursday,6,Group 2,Group Stage,1,6,Spain,Chile,ESP,CHI,Brazil,False,False,2,0,2,0,0,0,2,2,Home Win,Normal,19790,Maracan - Estdio Jornalista Mrio Filho,Rio De Janeiro,MALCHER Alberto (BRA),4.0,4.0
1950,1194,208,1950-07-02,15:00,Sunday,7,Group 2,Group Stage,1,9,Chile,USA,CHI,USA,Brazil,False,False,5,2,2,0,3,2,7,3,Home Win,Normal,8501,Ilha do Retiro,Recife,GARDELLI Mario (BRA),3.0,3.0
1950,1199,208,1950-07-02,15:00,Sunday,7,Group 2,Group Stage,1,9,Spain,England,ESP,ENG,Brazil,False,False,1,0,0,0,1,0,1,1,Home Win,Normal,74462,Maracan - Estdio Jornalista Mrio Filho,Rio De Janeiro,GALEATI Giovanni (ITA),3.0,3.0
1950,1202,208,1950-06-29,15:00,Thursday,6,Group 2,Group Stage,1,6,USA,England,USA,ENG,Brazil,False,False,1,0,1,0,0,0,1,1,Home Win,Normal,10151,Independencia,Belo Horizonte,DATTILO Generoso (ITA),4.0,4.0
1950,1206,209,1950-07-16,15:00,Sunday,7,Group 6,Group Stage,1,23,Sweden,Spain,SWE,ESP,Brazil,False,False,3,1,2,0,1,1,4,2,Home Win,Normal,11227,Pacaembu,Sao Paulo,VAN DER MEER Karel (NED),3.0,3.0
1950,1207,209,1950-07-09,15:00,Sunday,7,Group 6,Group Stage,1,16,Uruguay,Spain,URU,ESP,Brazil,False,False,2,2,1,2,1,0,4,0,Draw,Normal,44802,Pacaembu,Sao Paulo,GRIFFITHS Benjamin (WAL),7.0,7.0
1950,1208,208,1950-06-25,15:00,Sunday,6,Group 2,Group Stage,1,2,Spain,USA,ESP,USA,Brazil,False,False,3,1,0,1,3,0,4,2,Home Win,Normal,9511,Durival de Brito,Curitiba,VIANA Mario (BRA),,
1950,1218,208,1950-07-02,15:00,Sunday,7,Group 3,Group Stage,1,9,Italy,Paraguay,ITA,PAR,Brazil,False,False,2,0,1,0,1,0,2,2,Home Win,Normal,25811,Pacaembu,Sao Paulo,ELLIS Arthur (ENG),7.0,2.0
1950,1219,208,1950-06-25,15:00,Sunday,6,Group 3,Group Stage,1,2,Sweden,Italy,SWE,ITA,Brazil,False,False,3,2,2,1,1,1,5,1,Home Win,Normal,36502,Pacaembu,Sao Paulo,LUTZ Jean (SUI),,
1950,1222,208,1950-07-02,15:40,Sunday,7,Group 1,Group Stage,1,9,Switzerland,Mexico,SUI,MEX,Brazil,False,False,2,1,2,0,0,1,3,1,Home Win,Normal,3580,Eucaliptos,Porto Alegre,EKLIND Ivan (SWE),4.0,4.0
1950,1225,208,1950-06-28,15:00,Wednesday,6,Group 1,Group Stage,1,5,Yugoslavia,Mexico,YUG,MEX,Brazil,False,False,4,1,2,0,2,1,5,3,Home Win,Normal,11078,Eucaliptos,Porto Alegre,LEAFE Reginald (ENG),3.0,4.0
1950,1228,208,1950-06-29,15:30,Thursday,6,Group 3,Group Stage,1,6,Sweden,Paraguay,SWE,PAR,Brazil,False,False,2,2,2,1,0,1,4,0,Draw,Normal,7903,Durival de Brito,Curitiba,MITCHELL Robert (SCO),4.0,
1950,1230,208,1950-06-25,15:00,Sunday,6,Group 1,Group Stage,1,2,Yugoslavia,Switzerland,YUG,SUI,Brazil,False,False,3,0,0,0,3,0,3,3,Home Win,Normal,7336,Independencia,Belo Horizonte,GALEATI Giovanni (ITA),,
1950,1231,209,1950-07-13,15:00,Thursday,7,Group 6,Group Stage,1,20,Uruguay,Sweden,URU,SWE,Brazil,False,False,3,2,1,2,2,0,5,1,Home Win,Normal,7987,Pacaembu,Sao Paulo,GALEATI Giovanni (ITA),4.0,4.0
1954,1236,211,1954-06-16,18:00,Wednesday,6,Group 3,Group Stage,1,1,Austria,Scotland,AUT,SCO,Switzerland,False,False,1,0,1,0,0,0,1,1,Home Win,Normal,25000,Hardturm,Zurich,FRANKEN Laurent (BEL),,
1954,1238,211,1954-06-19,17:00,Saturday,6,Group 3,Group Stage,1,3,Austria,Czechoslovakia,AUT,TCH,Switzerland,False,False,5,0,4,0,1,0,5,5,Home Win,Normal,26000,Hardturm,Zurich,STEFANOVIC Vasa (YUG),2.0,2.0
1954,1240,211,1954-06-17,18:10,Thursday,6,Group 4,Group Stage,1,2,England,Belgium,ENG,BEL,Switzerland,False,False,4,4,0,0,4,4,8,0,Draw,Normal,14000,St. Jakob,Basel,SCHMETZER Emil (FRG),,
1954,1243,211,1954-06-20,17:00,Sunday,6,Group 4,Group Stage,1,4,Italy,Belgium,ITA,BEL,Switzerland,False,False,4,1,1,0,3,1,5,3,Home Win,Normal,24000,Comunale di Cornaredo,Lugano,STEINER Carl (AUT),2.0,2.0
1954,1249,211,1954-06-16,18:00,Wednesday,6,Group 1,Group Stage,1,1,Brazil,Mexico,BRA,MEX,Switzerland,False,False,5,0,4,0,1,0,5,5,Home Win,Normal,13470,Charmilles,Geneva,WYSSLING Paul (SUI),,
1954,1252,211,1954-06-19,17:00,Saturday,6,Group 1,Group Stage,1,3,Brazil,Yugoslavia,BRA,YUG,Switzerland,False,False,1,1,0,0,1,1,2,0,Draw,Normal,24637,La Pontaise,Lausanne,FAULTLESS Charlie (SCO),2.0,2.0
1954,1263,211,1954-06-20,17:10,Sunday,6,Group 4,Group Stage,1,4,England,Switzerland,ENG,SUI,Switzerland,False,True,2,0,1,0,1,0,2,2,Home Win,Normal,43500,Wankdorf Stadium,Berne,ZSOLT Istvan (HUN),2.0,2.0
1954,1275,211,1954-06-19,17:10,Saturday,6,Group 1,Group Stage,1,3,France,Mexico,FRA,MEX,Switzerland,False,False,3,2,1,0,2,2,5,1,Home Win,Normal,19000,Charmilles,Geneva,ASENSI Manuel (ESP),2.0,2.0
1954,1276,211,1954-06-16,18:00,Wednesday,6,Group 1,Group Stage,1,1,Yugoslavia,France,YUG,FRA,Switzerland,False,False,1,0,1,0,0,0,1,1,Home Win,Normal,16000,La Pontaise,Lausanne,GRIFFITHS Benjamin (WAL),,
1954,1277,211,1954-06-20,16:50,Sunday,6,Group 2,Group Stage,1,4,Hungary,West Germany,HUN,FRG,Switzerland,False,False,8,3,3,1,5,2,11,5,Home Win,Normal,56000,St. Jakob,Basel,LING William (ENG),2.0,2.0
1954,1283,211,1954-06-17,18:00,Thursday,6,Group 2,Group Stage,1,2,West Germany,Turkey,FRG,TUR,Switzerland,False,False,4,1,1,1,3,0,5,3,Home Win,Normal,28000,Wankdorf Stadium,Berne,DA COSTA VIEIRA Jose (POR),,
1954,1284,211,1954-06-23,18:00,Wednesday,6,Group 2,Group Stage,1,8,West Germany,Turkey,FRG,TUR,Switzerland,False,False,7,2,3,1,4,1,9,5,Home Win,Normal,17000,Hardturm,Zurich,VINCENTI Raymond (FRA),3.0,3.0
1954,1294,211,1954-06-17,18:00,Thursday,6,Group 2,Group Stage,1,2,Hungary,South Korea,HUN,KOR,Switzerland,False,False,9,0,4,0,5,0,9,9,Home Win,Normal,13000,Hardturm,Zurich,VINCENTI Raymond (FRA),,
1954,1300,211,1954-06-17,17:50,Thursday,6,Group 4,Group Stage,1,1,Switzerland,Italy,SUI,ITA,Switzerland,True,False,2,1,1,1,1,0,3,1,Home Win,Normal,43000,La Pontaise,Lausanne,VIANA Mario (BRA),,
1954,1301,211,1954-06-23,18:00,Wednesday,6,Group 4,Group Stage,1,8,Switzerland,Italy,SUI,ITA,Switzerland,True,False,4,1,1,0,3,1,5,3,Home Win,Normal,30000,St. Jakob,Basel,GRIFFITHS Benjamin (WAL),3.0,3.0
1954,1304,211,1954-06-20,17:00,Sunday,6,Group 2,Group Stage,1,4,Turkey,South Korea,TUR,KOR,Switzerland,False,False,7,0,4,0,3,0,7,7,Home Win,Normal,4000,Charmilles,Geneva,MARINO Esteban (URU),2.0,2.0
1954,1313,211,1954-06-19,16:50,Saturday,6,Group 3,Group Stage,1,3,Uruguay,Scotland,URU,SCO,Switzerland,False,False,7,0,2,0,5,0,7,7,Home Win,Normal,34000,St. Jakob,Basel,ORLANDINI Vincenzo (ITA),2.0,2.0
1954,1315,211,1954-06-16,18:00,Wednesday,6,Group 3,Group Stage,1,1,Uruguay,Czechoslovakia,URU,TCH,Switzerland,False,False,2,0,0,0,2,0,2,2,Home Win,Normal,20500,Wankdorf Stadium,Berne,ELLIS Arthur (ENG),,
1954,1237,212,1954-06-26,17:00,Saturday,6,Quarter-finals,Quarter-finals,3,10,Austria,Switzerland,AUT,SUI,Switzerland,False,True,7,5,5,4,2,1,12,2,Home Win,Normal,35000,La Pontaise,Lausanne,FAULTLESS Charlie (SCO),7.0,2.0
1954,1248,212,1954-06-27,17:00,Sunday,6,Quarter-finals,Quarter-finals,3,11,Hungary,Brazil,HUN,BRA,Switzerland,False,False,4,2,2,1,2,1,6,2,Home Win,Normal,40000,Wankdorf Stadium,Berne,ELLIS Arthur (ENG),7.0,8.0
1954,1264,212,1954-06-26,17:00,Saturday,6,Quarter-finals,Quarter-finals,3,10,Uruguay,England,URU,ENG,Switzerland,False,False,4,2,2,1,2,1,6,2,Home Win,Normal,28000,St. Jakob,Basel,STEINER Carl (AUT),7.0,5.0
1954,1285,212,1954-06-27,17:00,Sunday,6,Quarter-finals,Quarter-finals,3,11,West Germany,Yugoslavia,FRG,YUG,Switzerland,False,False,2,0,1,0,1,0,2,2,Home Win,Normal,17000,Charmilles,Geneva,ZSOLT Istvan (HUN),3.0,8.0
1954,1233,462,1954-06-30,18:00,Wednesday,6,Semi-finals,Semi-finals,4,15,West Germany,Austria,FRG,AUT,Switzerland,False,False,6,1,1,0,5,1,7,5,Home Win,Normal,58000,St. Jakob,Basel,ORLANDINI Vincenzo (ITA),3.0,4.0
1954,1295,462,1954-06-30,18:00,Wednesday,6,Semi-finals,Semi-finals,4,15,Hungary,Uruguay,HUN,URU,Switzerland,False,False,4,2,0,0,4,2,6,2,Home Win,Extra Time,45000,La Pontaise,Lausanne,GRIFFITHS Benjamin (WAL),3.0,4.0
1954,1239,3485,1954-07-03,17:00,Saturday,7,Match for third place,Third Place,5,17,Austria,Uruguay,AUT,URU,Switzerland,False,False,3,1,1,1,2,0,4,2,Home Win,Normal,32000,Hardturm,Zurich,WYSSLING Paul (SUI),2.0,2.0
1954,1278,3484,1954-07-04,17:00,Sunday,7,Final,Final,6,18,West Germany,Hungary,FRG,HUN,Switzerland,False,False,3,2,2,2,1,0,5,1,Home Win,Normal,62500,Wankdorf Stadium,Berne,LING William (ENG),3.0,3.0
1958,1323,220,1958-06-08,19:00,Sunday,6,Group 1,Group Stage,1,1,Argentina,West Germany,ARG,FRG,Sweden,False,False,1,3,1,2,0,1,4,-2,Away Win,Normal,31156,Malmo Stadion,Malm,LEAFE Reginald (ENG),,
1958,1324,220,1958-06-11,19:00,Wednesday,6,Group 1,Group Stage,1,4,Argentina,Northern Ireland,ARG,NIR,Sweden,False,False,3,1,1,1,2,0,4,2,Home Win,Normal,14174,Orjans Vall,Halmstad,AHLNER Sten (SWE),3.0,3.0
1958,1325,220,1958-06-15,19:00,Sunday,6,Group 1,Group Stage,1,8,Czechoslovakia,Argentina,TCH,ARG,Sweden,False,False,6,1,3,0,3,1,7,5,Home Win,Normal,16418,Olympia Stadium,Helsingborg,ELLIS Arthur (ENG),4.0,4.0
1958,1326,220,1958-06-08,19:00,Sunday,6,Group 4,Group Stage,1,1,Brazil,Austria,BRA,AUT,Sweden,False,False,3,0,1,0,2,0,3,3,Home Win,Normal,17788,Rimnersvallen,Udevalla,GUIGUE Maurice (FRA),,
1958,1327,220,1958-06-15,19:00,Sunday,6,Group 4,Group Stage,1,8,England,Austria,ENG,AUT,Sweden,False,False,2,2,0,1,2,1,4,0,Draw,Normal,15872,Ryavallen,Boras,BRONKHORST Jan (NED),4.0,4.0
1958,1332,220,1958-06-11,19:00,Wednesday,6,Group 4,Group Stage,1,4,Soviet Union,Austria,URS,AUT,Sweden,False,False,2,0,1,0,1,0,2,2,Home Win,Normal,21239,Ryavallen,Boras,JORGENSEN Carl Frederik (DEN),3.0,3.0
1958,1339,220,1958-06-11,19:00,Wednesday,6,Group 4,Group Stage,1,4,Brazil,England,BRA,ENG,Sweden,False,False,0,0,0,0,0,0,0,0,Draw,Normal,40895,Nya Ullevi,Gothenburg,DUSCH Albert (GER),3.0,3.0
1958,1344,220,1958-06-15,19:00,Sunday,6,Group 4,Group Stage,1,8,Brazil,Soviet Union,BRA,URS,Sweden,False,False,2,0,1,0,1,0,2,2,Home Win,Normal,50928,Nya Ullevi,Gothenburg,GUIGUE Maurice (FRA),4.0,4.0
1958,1372,220,1958-06-08,19:00,Sunday,6,Group 4,Group Stage,1,1,Soviet Union,England,URS,ENG,Sweden,False,False,2,2,1,0,1,2,4,0,Draw,Normal,49348,Nya Ullevi,Gothenburg,ZSOLT Istvan (HUN),,
1958,1373,220,1958-06-17,19:00,Tuesday,6,Group 4,Group Stage,1,10,Soviet Union,England,URS,ENG,Sweden,False,False,1,0,0,0,1,0,1,1,Home Win,Normal,23182,Nya Ullevi,Gothenburg,DUSCH Albert (GER),2.0,2.0
1958,1386,220,1958-06-08,19:00,Sunday,6,Group 2,Group Stage,1,1,France,Paraguay,FRA,PAR,Sweden,False,False,7,3,2,2,5,1,10,4,Home Win,Normal,16518,Idrottsparken,NorrkPing,GARDEAZABAL Juan (ESP),,
1958,1387,220,1958-06-15,19:00,Sunday,6,Group 2,Group Stage,1,8,France,Scotland,FRA,SCO,Sweden,False,False,2,1,2,0,0,1,3,1,Home Win,Normal,13554,Eyravallen,Orebro,BROZZI Juan (ARG),4.0,4.0
1958,1388,220,1958-06-11,19:00,Wednesday,6,Group 2,Group Stage,1,4,Yugoslavia,France,YUG,FRA,Sweden,False,False,3,2,1,1,2,1,5,1,Home Win,Normal,12217,Arosvallen,Vasteras,GRIFFITHS Benjamin (WAL),3.0,3.0
1958,1389,220,1958-06-15,19:00,Sunday,6,Group 1,Group Stage,1,8,West Germany,Northern Ireland,FRG,NIR,Sweden,False,False,2,2,1,1,1,1,4,0,Draw,Normal,21990,Malmo Stadion,Malm,FERNANDES CAMPOS Joaquim (POR),4.0,4.0
1958,1391,220,1958-06-11,19:00,Wednesday,6,Group 1,Group Stage,1,4,West Germany,Czechoslovakia,FRG,TCH,Sweden,False,False,2,2,0,2,2,0,4,0,Draw,Normal,25000,Olympia Stadium,Helsingborg,ELLIS Arthur (ENG),3.0,3.0
1958,1403,220,1958-06-15,19:00,Sunday,6,Group 3,Group Stage,1,8,Hungary,Mexico,HUN,MEX,Sweden,False,False,4,0,1,0,3,0,4,4,Home Win,Normal,13300,Jarnvallen,Sandviken,ERIKSSON Arne (FIN),3.0,4.0
1958,1406,220,1958-06-12,19:00,Thursday,6,Group 3,Group Stage,1,5,Sweden,Hungary,SWE,HUN,Sweden,True,False,2,1,1,0,1,1,3,1,Home Win,Normal,38850,Rasunda Stadium,Solna,MOWAT Jack (SCO),4.0,4.0
1958,1407,220,1958-06-08,19:00,Sunday,6,Group 3,Group Stage,1,1,Hungary,Wales,HUN,WAL,Sweden,False,False,1,1,1,1,0,0,2,0,Draw,Normal,15343,Jarnvallen,Sandviken,CODESAL Jose Maria (URU),,
1958,1408,220,1958-06-17,19:00,Tuesday,6,Group 3,Group Stage,1,10,Wales,Hungary,WAL,HUN,Sweden,False,False,2,1,0,1,2,0,3,1,Home Win,Normal,2823,Rasunda Stadium,Solna,LATYCHEV Nikolaj (URS),2.0,2.0
1958,1415,220,1958-06-08,14:00,Sunday,6,Group 3,Group Stage,1,1,Sweden,Mexico,SWE,MEX,Sweden,True,False,3,0,1,0,2,0,3,3,Home Win,Normal,34107,Rasunda Stadium,Solna,LATYCHEV Nikolaj (URS),,
1958,1418,220,1958-06-11,19:00,Wednesday,6,Group 3,Group Stage,1,4,Mexico,Wales,MEX,WAL,Sweden,False,False,1,1,0,1,1,0,2,0,Draw,Normal,15150,Rasunda Stadium,Solna,LEMESIC Leo (YUG),3.0,3.0
1958,1421,220,1958-06-08,19:00,Sunday,6,Group 1,Group Stage,1,1,Northern Ireland,Czechoslovakia,NIR,TCH,Sweden,False,False,1,0,1,0,0,0,1,1,Home Win,Normal,10647,Orjans Vall,Halmstad,SEIPELT Fritz (AUT),,
1958,1422,220,1958-06-17,19:00,Tuesday,6,Group 1,Group Stage,1,10,Northern Ireland,Czechoslovakia,NIR,TCH,Sweden,False,False,2,1,0,0,2,1,3,1,Home Win,Extra Time,6196,Malmo Stadion,Malm,GUIGUE Maurice (FRA),2.0,2.0
1958,1423,220,1958-06-11,19:00,Wednesday,6,Group 2,Group Stage,1,4,Paraguay,Scotland,PAR,SCO,Sweden,False,False,3,2,2,1,1,1,5,1,Home Win,Normal,11665,Idrottsparken,NorrkPing,ORLANDINI Vincenzo (ITA),3.0,3.0
1958,1426,220,1958-06-15,19:00,Sunday,6,Group 2,Group Stage,1,8,Paraguay,Yugoslavia,PAR,YUG,Sweden,False,False,3,3,1,2,2,1,6,0,Draw,Normal,13103,Tunavallen,Eskilstuna,MACKO Martin (TCH),4.0,4.0
1958,1434,220,1958-06-08,19:00,Sunday,6,Group 2,Group Stage,1,1,Yugoslavia,Scotland,YUG,SCO,Sweden,False,False,1,1,1,0,0,1,2,0,Draw,Normal,9591,Arosvallen,Vasteras,WYSSLING Paul (SUI),,
1958,1438,220,1958-06-15,14:00,Sunday,6,Group 3,Group Stage,1,8,Sweden,Wales,SWE,WAL,Sweden,True,False,0,0,0,0,0,0,0,0,Draw,Normal,30287,Rasunda Stadium,Solna,VAN NUFFEL Lucien (BEL),2.0,3.0
1958,1345,221,1958-06-19,19:00,Thursday,6,Quarter-finals,Quarter-finals,3,12,Brazil,Wales,BRA,WAL,Sweden,False,False,1,0,0,0,1,0,1,1,Home Win,Normal,25923,Nya Ullevi,Gothenburg,SEIPELT Fritz (AUT),4.0,2.0
1958,1385,221,1958-06-19,19:00,Thursday,6,Quarter-finals,Quarter-finals,3,12,France,Northern Ireland,FRA,NIR,Sweden,False,False,4,0,1,0,3,0,4,4,Home Win,Normal,11800,Idrottsparken,NorrkPing,GARDEAZABAL Juan (ESP),4.0,2.0
1958,1392,221,1958-06-19,19:00,Thursday,6,Quarter-finals,Quarter-finals,3,12,West Germany,Yugoslavia,FRG,YUG,Sweden,False,False,1,0,1,0,0,0,1,1,Home Win,Normal,20055,Malmo Stadion,Malm,WYSSLING Paul (SUI),4.0,4.0
1958,1437,221,1958-06-19,19:00,Thursday,6,Quarter-finals,Quarter-finals,3,12,Sweden,Soviet Union,SWE,URS,Sweden,True,False,2,0,0,0,2,0,2,2,Home Win,Normal,31900,Rasunda Stadium,Solna,LEAFE Reginald (ENG),4.0,2.0
1958,1340,488,1958-06-24,19:00,Tuesday,6,Semi-finals,Semi-finals,4,17,Brazil,France,BRA,FRA,Sweden,False,False,5,2,2,1,3,1,7,3,Home Win,Normal,27100,Rasunda Stadium,Solna,GRIFFITHS Benjamin (WAL),5.0,5.0
1958,1390,488,1958-06-24,19:00,Tuesday,6,Semi-finals,Semi-finals,4,17,Sweden,West Germany,SWE,FRG,Sweden,True,False,3,1,1,1,2,0,4,2,Home Win,Normal,49471,Nya Ullevi,Gothenburg,ZSOLT Istvan (HUN),5.0,5.0
1958,1382,3483,1958-06-28,17:00,Saturday,6,Match for third place,Third Place,5,21,France,West Germany,FRA,FRG,Sweden,False,False,6,3,3,1,3,2,9,3,Home Win,Normal,32483,Nya Ullevi,Gothenburg,BROZZI Juan (ARG),3.0,3.0
1958,1343,3482,1958-06-29,15:00,Sunday,6,Final,Final,6,22,Brazil,Sweden,BRA,SWE,Sweden,False,True,5,2,2,1,3,1,7,3,Home Win,Normal,49737,Rasunda Stadium,Solna,GUIGUE Maurice (FRA),4.0,4.0
1962,1447,231,1962-05-30,15:00,Wednesday,5,Group 4,Group Stage,1,1,Argentina,Bulgaria,ARG,BUL,Chile,False,False,1,0,1,0,0,0,1,1,Home Win,Normal,7134,Estadio El Teniente-Codelco,Rancagua,GARDEAZABAL Juan (ESP),,
1962,1450,231,1962-06-02,15:00,Saturday,6,Group 4,Group Stage,1,4,England,Argentina,ENG,ARG,Chile,False,False,3,1,2,0,1,1,4,2,Home Win,Normal,9794,Estadio El Teniente-Codelco,Rancagua,LATYCHEV Nikolaj (URS),2.0,3.0
1962,1451,231,1962-06-06,15:00,Wednesday,6,Group 4,Group Stage,1,8,Hungary,Argentina,HUN,ARG,Chile,False,False,0,0,0,0,0,0,0,0,Draw,Normal,7945,Estadio El Teniente-Codelco,Rancagua,YAMASAKI MALDONADO Arturo (MEX),3.0,4.0
1962,1460,231,1962-06-06,15:00,Wednesday,6,Group 3,Group Stage,1,8,Brazil,Spain,BRA,ESP,Chile,False,False,2,1,0,1,2,0,3,1,Home Win,Normal,18715,Estadio Sausalito,Vina Del Mar,BUSTAMANTE Sergio (CHI),4.0,3.0
1962,1461,231,1962-05-30,15:00,Wednesday,5,Group 3,Group Stage,1,1,Brazil,Mexico,BRA,MEX,Chile,False,False,2,0,0,0,2,0,2,2,Home Win,Normal,10484,Estadio Sausalito,Vina Del Mar,DIENST Gottfried (SUI),,
1962,1462,231,1962-06-02,15:00,Saturday,6,Group 3,Group Stage,1,4,Brazil,Czechoslovakia,BRA,TCH,Chile,False,False,0,0,0,0,0,0,0,0,Draw,Normal,14903,Estadio Sausalito,Vina Del Mar,SCHWINTE Pierre (FRA),3.0,2.0
1962,1464,231,1962-06-07,15:00,Thursday,6,Group 4,Group Stage,1,9,England,Bulgaria,ENG,BUL,Chile,False,False,0,0,0,0,0,0,0,0,Draw,Normal,5700,Estadio El Teniente-Codelco,Rancagua,BLAVIER Arthur (BEL),5.0,4.0
1962,1470,231,1962-06-03,15:00,Sunday,6,Group 4,Group Stage,1,5,Hungary,Bulgaria,HUN,BUL,Chile,False,False,6,1,4,0,2,1,7,5,Home Win,Normal,7442,Estadio El Teniente-Codelco,Rancagua,GARDEAZABAL Juan (ESP),3.0,4.0
1962,1471,231,1962-06-06,15:00,Wednesday,6,Group 2,Group Stage,1,8,West Germany,Chile,FRG,CHI,Chile,False,True,2,0,1,0,1,0,2,2,Home Win,Normal,67224,Nacional,Santiago De Chile,DAVIDSON Bob (SCO),3.0,4.0
1962,1472,231,1962-06-02,15:00,Saturday,6,Group 2,Group Stage,1,4,Chile,Italy,CHI,ITA,Chile,True,False,2,0,0,0,2,0,2,2,Home Win,Normal,66057,Nacional,Santiago De Chile,ASTON Ken (ENG),3.0,2.0
1962,1473,231,1962-05-30,15:00,Wednesday,5,Group 2,Group Stage,1,1,Chile,Switzerland,CHI,SUI,Chile,True,False,3,1,1,1,2,0,4,2,Home Win,Normal,65006,Nacional,Santiago De Chile,ASTON Ken (ENG),,
1962,1478,231,1962-06-03,15:00,Sunday,6,Group 1,Group Stage,1,5,Soviet Union,Colombia,URS,COL,Chile,False,False,4,4,3,1,1,3,8,0,Draw,Normal,8040,Carlos Dittborn,Arica,ETZEL FILHO Joao (BRA),3.0,4.0
1962,1479,231,1962-05-30,15:00,Wednesday,5,Group 1,Group Stage,1,1,Uruguay,Colombia,URU,COL,Chile,False,False,2,1,0,1,2,0,3,1,Home Win,Normal,7908,Carlos Dittborn,Arica,DOROGI Andor (HUN),,
1962,1480,231,1962-06-07,15:00,Thursday,6,Group 1,Group Stage,1,9,Yugoslavia,Colombia,YUG,COL,Chile,False,False,5,0,2,0,3,0,5,5,Home Win,Normal,7167,Carlos Dittborn,Arica,ROBLES Carlos (CHI),5.0,4.0
1962,1490,231,1962-05-31,15:00,Thursday,5,Group 4,Group Stage,1,2,Hungary,England,HUN,ENG,Chile,False,False,2,1,1,0,1,1,3,1,Home Win,Normal,7938,Estadio El Teniente-Codelco,Rancagua,HORN Leo (NED),,
1962,1497,231,1962-06-03,15:00,Sunday,6,Group 3,Group Stage,1,5,Spain,Mexico,ESP,MEX,Chile,False,False,1,0,0,0,1,0,1,1,Home Win,Normal,11875,Estadio Sausalito,Vina Del Mar,TESANIC Branko (YUG),3.0,4.0
1962,1498,231,1962-05-31,15:00,Thursday,5,Group 3,Group Stage,1,2,Czechoslovakia,Spain,TCH,ESP,Chile,False,False,1,0,0,0,1,0,1,1,Home Win,Normal,12700,Estadio Sausalito,Vina Del Mar,STEINER Carl (AUT),,
1962,1507,231,1962-05-31,15:00,Thursday,5,Group 2,Group Stage,1,2,West Germany,Italy,FRG,ITA,Chile,False,False,0,0,0,0,0,0,0,0,Draw,Normal,65440,Nacional,Santiago De Chile,DAVIDSON Bob (SCO),,
1962,1510,231,1962-06-03,15:00,Sunday,6,Group 2,Group Stage,1,5,West Germany,Switzerland,FRG,SUI,Chile,False,False,2,1,1,0,1,1,3,1,Home Win,Normal,64922,Nacional,Santiago De Chile,HORN Leo (NED),3.0,4.0
1962,1532,231,1962-06-07,15:00,Thursday,6,Group 2,Group Stage,1,9,Italy,Switzerland,ITA,SUI,Chile,False,False,3,0,1,0,2,0,3,3,Home Win,Normal,59828,Nacional,Santiago De Chile,LATYCHEV Nikolaj (URS),5.0,4.0
1962,1544,231,1962-06-07,15:00,Thursday,6,Group 3,Group Stage,1,9,Mexico,Czechoslovakia,MEX,TCH,Chile,False,False,3,1,2,1,1,0,4,2,Home Win,Normal,10648,Estadio Sausalito,Vina Del Mar,DIENST Gottfried (SUI),4.0,5.0
1962,1562,231,1962-06-06,15:00,Wednesday,6,Group 1,Group Stage,1,8,Soviet Union,Uruguay,URS,URU,Chile,False,False,2,1,1,0,1,1,3,1,Home Win,Normal,9973,Carlos Dittborn,Arica,JONNI Cesare (ITA),3.0,4.0
1962,1563,231,1962-05-31,15:00,Thursday,5,Group 1,Group Stage,1,2,Soviet Union,Yugoslavia,URS,YUG,Chile,False,False,2,0,0,0,2,0,2,2,Home Win,Normal,9622,Carlos Dittborn,Arica,DUSCH Albert (GER),,
1962,1564,231,1962-06-02,15:00,Saturday,6,Group 1,Group Stage,1,4,Yugoslavia,Uruguay,YUG,URU,Chile,False,False,3,1,2,1,1,0,4,2,Home Win,Normal,8829,Carlos Dittborn,Arica,GALBA Karol (TCH),2.0,3.0
1962,1459,232,1962-06-10,14:30,Sunday,6,Quarter-finals,Quarter-finals,3,11,Brazil,England,BRA,ENG,Chile,False,False,3,1,1,1,2,0,4,2,Home Win,Normal,17736,Estadio Sausalito,Vina Del Mar,SCHWINTE Pierre (FRA),3.0,2.0
1962,1474,232,1962-06-10,14:30,Sunday,6,Quarter-finals,Quarter-finals,3,11,Chile,Soviet Union,CHI,URS,Chile,True,False,2,1,2,1,0,0,3,1,Home Win,Normal,17268,Carlos Dittborn,Arica,HORN Leo (NED),3.0,3.0
1962,1511,232,1962-06-10,14:30,Sunday,6,Quarter-finals,Quarter-finals,3,11,Yugoslavia,West Germany,YUG,FRG,Chile,False,False,1,0,0,0,1,0,1,1,Home Win,Normal,63324,Nacional,Santiago De Chile,YAMASAKI MALDONADO Arturo (MEX),2.0,3.0
1962,1525,232,1962-06-10,14:30,Sunday,6,Quarter-finals,Quarter-finals,3,11,Czechoslovakia,Hungary,TCH,HUN,Chile,False,False,1,0,1,0,0,0,1,1,Home Win,Normal,11690,Estadio El Teniente-Codelco,Rancagua,LATYCHEV Nikolaj (URS),2.0,3.0
1962,1458,514,1962-06-13,14:30,Wednesday,6,Semi-finals,Semi-finals,4,14,Brazil,Chile,BRA,CHI,Chile,False,True,4,2,2,1,2,1,6,2,Home Win,Normal,76594,Nacional,Santiago De Chile,YAMASAKI MALDONADO Arturo (MEX),3.0,3.0
1962,1559,514,1962-06-13,14:30,Wednesday,6,Semi-finals,Semi-finals,4,14,Czechoslovakia,Yugoslavia,TCH,YUG,Chile,False,False,3,1,0,0,3,1,4,2,Home Win,Normal,5890,Estadio Sausalito,Vina Del Mar,DIENST Gottfried (SUI),3.0,3.0
1962,1475,3481,1962-06-16,14:30,Saturday,6,Match for third place,Third Place,5,17,Chile,Yugoslavia,CHI,YUG,Chile,True,False,1,0,0,0,1,0,1,1,Home Win,Normal,66697,Nacional,Santiago De Chile,GARDEAZABAL Juan (ESP),3.0,3.0
1962,1463,3480,1962-06-17,14:30,Sunday,6,Final,Final,6,18,Brazil,Czechoslovakia,BRA,TCH,Chile,False,False,3,1,1,1,2,0,4,2,Home Win,Normal,68679,Nacional,Santiago De Chile,LATYCHEV Nikolaj (URS),4.0,4.0
1966,1578,238,1966-07-13,19:30,Wednesday,7,Group 2,Group Stage,1,3,Argentina,Spain,ARG,ESP,England,False,False,2,1,0,0,2,1,3,1,Home Win,Normal,42738,Villa Park,Birmingham,RUMENTCHEV Dimitar (BUL),,
1966,1579,238,1966-07-16,15:00,Saturday,7,Group 2,Group Stage,1,5,West Germany,Argentina,FRG,ARG,England,False,False,0,0,0,0,0,0,0,0,Draw,Normal,46587,Villa Park,Birmingham,ZECEVIC Konstantin (YUG),3.0,2.0
1966,1582,238,1966-07-19,19:30,Tuesday,7,Group 2,Group Stage,1,9,Argentina,Switzerland,ARG,SUI,England,False,False,2,0,0,0,2,0,2,2,Home Win,Normal,32127,Hillsborough,Sheffield,FERNANDES CAMPOS Joaquim (POR),3.0,4.0
1966,1596,238,1966-07-12,19:30,Tuesday,7,Group 3,Group Stage,1,2,Brazil,Bulgaria,BRA,BUL,England,False,False,2,0,1,0,1,0,2,2,Home Win,Normal,47308,Goodison Park,Liverpool,TSCHENSCHER Kurt (GER),,
1966,1597,238,1966-07-15,19:30,Friday,7,Group 3,Group Stage,1,5,Hungary,Brazil,HUN,BRA,England,False,False,3,1,1,1,2,0,4,2,Home Win,Normal,51387,Goodison Park,Liverpool,DAGNALL Kenneth (ENG),2.0,3.0
1966,1598,238,1966-07-19,19:30,Tuesday,7,Group 3,Group Stage,1,9,Portugal,Brazil,POR,BRA,England,False,False,3,1,2,0,1,1,4,2,Home Win,Normal,58479,Goodison Park,Liverpool,McCABE George (ENG),3.0,4.0
1966,1599,238,1966-07-20,19:30,Wednesday,7,Group 3,Group Stage,1,10,Hungary,Bulgaria,HUN,BUL,England,False,False,3,1,2,1,1,0,4,2,Home Win,Normal,24129,Old Trafford Stadium,Manchester,GOICOECHEA Roberto (ARG),5.0,4.0
1966,1602,238,1966-07-16,15:00,Saturday,7,Group 3,Group Stage,1,5,Portugal,Bulgaria,POR,BUL,England,False,False,3,0,2,0,1,0,3,3,Home Win,Normal,25438,Old Trafford Stadium,Manchester,CODESAL Jose Maria (URU),2.0,3.0
1966,1608,238,1966-07-13,19:30,Wednesday,7,Group 4,Group Stage,1,3,Italy,Chile,ITA,CHI,England,False,False,2,0,1,0,1,0,2,2,Home Win,Normal,27199,Roker Park Ground,Sunderland,DIENST Gottfried (SUI),,
1966,1609,238,1966-07-15,19:30,Friday,7,Group 4,Group Stage,1,5,North Korea,Chile,PRK,CHI,England,False,False,1,1,0,1,1,0,2,0,Draw,Normal,13792,Ayresome Park,Middlesbrough,KANDIL Aly Hussein (EGY),3.0,2.0
1966,1610,238,1966-07-20,19:30,Wednesday,7,Group 4,Group Stage,1,10,Soviet Union,Chile,URS,CHI,England,False,False,2,1,1,1,1,0,3,1,Home Win,Normal,16027,Roker Park Ground,Sunderland,ADAIR John (NIR),4.0,5.0
1966,1632,238,1966-07-20,19:30,Wednesday,7,Group 1,Group Stage,1,10,England,France,ENG,FRA,England,True,False,2,0,1,0,1,0,2,2,Home Win,Normal,98270,Wembley Stadium,London,YAMASAKI MALDONADO Arturo (MEX),4.0,5.0
1966,1634,238,1966-07-16,19:30,Saturday,7,Group 1,Group Stage,1,6,England,Mexico,ENG,MEX,England,True,False,2,0,1,0,1,0,2,2,Home Win,Normal,92570,Wembley Stadium,London,LO BELLO Concetto (ITA),5.0,3.0
1966,1636,238,1966-07-11,19:30,Monday,7,Group 1,Group Stage,1,1,England,Uruguay,ENG,URU,England,True,False,0,0,0,0,0,0,0,0,Draw,Normal,87148,Wembley Stadium,London,ZSOLT Istvan (HUN),,
1966,1637,238,1966-07-20,19:30,Wednesday,7,Group 2,Group Stage,1,10,West Germany,Spain,FRG,ESP,England,False,False,2,1,1,1,1,0,3,1,Home Win,Normal,42187,Villa Park,Birmingham,MARQUES Armando (BRA),4.0,5.0
1966,1641,238,1966-07-15,19:30,Friday,7,Group 2,Group Stage,1,5,Spain,Switzerland,ESP,SUI,England,False,False,2,1,0,1,2,0,3,1,Home Win,Normal,32028,Hillsborough,Sheffield,BAKHRAMOV Tofik (URS),2.0,3.0
1966,1650,238,1966-07-13,19:30,Wednesday,7,Group 1,Group Stage,1,3,France,Mexico,FRA,MEX,England,False,False,1,1,0,0,1,1,2,0,Draw,Normal,69237,Wembley Stadium,London,ASHKENAZI Menachem (ISR),,
1966,1653,238,1966-07-15,19:30,Friday,7,Group 1,Group Stage,1,5,Uruguay,France,URU,FRA,England,False,False,2,1,2,1,0,0,3,1,Home Win,Normal,45662,White City,London,GALBA Karol (TCH),4.0,2.0
1966,1656,238,1966-07-12,19:30,Tuesday,7,Group 2,Group Stage,1,2,West Germany,Switzerland,FRG,SUI,England,False,False,5,0,3,0,2,0,5,5,Home Win,Normal,36127,Hillsborough,Sheffield,PHILLIPS Hugh (SCO),,
1966,1675,238,1966-07-13,19:30,Wednesday,7,Group 3,Group Stage,1,3,Portugal,Hungary,POR,HUN,England,False,False,3,1,1,0,2,1,4,2,Home Win,Normal,29886,Old Trafford Stadium,Manchester,CALLAGHAN Leo (WAL),,
1966,1679,238,1966-07-19,19:30,Tuesday,7,Group 4,Group Stage,1,9,North Korea,Italy,PRK,ITA,England,False,False,1,0,1,0,0,0,1,1,Home Win,Normal,17829,Ayresome Park,Middlesbrough,SCHWINTE Pierre (FRA),4.0,3.0
1966,1682,238,1966-07-16,15:00,Saturday,7,Group 4,Group Stage,1,5,Soviet Union,Italy,URS,ITA,England,False,False,1,0,0,0,1,0,1,1,Home Win,Normal,27793,Roker Park Ground,Sunderland,KREITLEIN Rudolf (GER),3.0,2.0
1966,1689,238,1966-07-19,16:30,Tuesday,7,Group 1,Group Stage,1,8,Uruguay,Mexico,URU,MEX,England,False,False,0,0,0,0,0,0,0,0,Draw,Normal,61112,Wembley Stadium,London,LOEOEW Bertil (SWE),3.0,2.0
1966,1710,238,1966-07-12,19:30,Tuesday,7,Group 4,Group Stage,1,2,Soviet Union,North Korea,URS,PRK,England,False,False,3,0,2,0,1,0,3,3,Home Win,Normal,23006,Ayresome Park,Middlesbrough,GARDEAZABAL Juan (ESP),,
1966,1577,239,1966-07-23,15:00,Saturday,7,Quarter-finals,Quarter-finals,3,12,England,Argentina,ENG,ARG,England,True,False,1,0,0,0,1,0,1,1,Home Win,Normal,90584,Wembley Stadium,London,KREITLEIN Rudolf (GER),2.0,3.0
1966,1660,239,1966-07-23,15:00,Saturday,7,Quarter-finals,Quarter-finals,3,12,West Germany,Uruguay,FRG,URU,England,False,False,4,0,1,0,3,0,4,4,Home Win,Normal,40007,Hillsborough,Sheffield,FINNEY Jim (ENG),2.0,3.0
1966,1676,239,1966-07-23,15:00,Saturday,7,Quarter-finals,Quarter-finals,3,12,Soviet Union,Hungary,URS,HUN,England,False,False,2,1,1,0,1,1,3,1,Home Win,Normal,26844,Roker Park Ground,Sunderland,GARDEAZABAL Juan (ESP),2.0,2.0
1966,1702,239,1966-07-23,15:00,Saturday,7,Quarter-finals,Quarter-finals,3,12,Portugal,North Korea,POR,PRK,England,False,False,5,3,2,3,3,0,8,2,Home Win,Normal,40248,Goodison Park,Liverpool,ASHKENAZI Menachem (ISR),3.0,3.0
1966,1635,536,1966-07-26,19:30,Tuesday,7,Semi-finals,Semi-finals,4,16,England,Portugal,ENG,POR,England,True,False,2,1,1,0,1,1,3,1,Home Win,Normal,94493,Wembley Stadium,London,SCHWINTE Pierre (FRA),3.0,3.0
1966,1659,536,1966-07-25,19:30,Monday,7,Semi-finals,Semi-finals,4,15,West Germany,Soviet Union,FRG,URS,England,False,False,2,1,1,0,1,1,3,1,Home Win,Normal,38273,Goodison Park,Liverpool,LO BELLO Concetto (ITA),2.0,2.0
1966,1709,3479,1966-07-28,19:30,Thursday,7,Match for third place,Third Place,5,18,Portugal,Soviet Union,POR,URS,England,False,False,2,1,1,1,1,0,3,1,Home Win,Normal,87696,Wembley Stadium,London,DAGNALL Kenneth (ENG),2.0,3.0
1966,1633,3478,1966-07-30,15:00,Saturday,7,Final,Final,6,19,England,West Germany,ENG,FRG,England,True,False,4,2,0,0,4,2,6,2,Home Win,Extra Time,96924,Wembley Stadium,London,DIENST Gottfried (SUI),3.0,4.0
1970,1747,250,1970-06-03,16:00,Wednesday,6,Group 1,Group Stage,1,4,Belgium,El Salvador,BEL,SLV,Mexico,False,False,3,0,1,0,2,0,3,3,Home Win,Normal,92205,Estadio Azteca,Mexico City,RADULESCU Andrei (ROU),,
1970,1752,250,1970-06-11,16:00,Thursday,6,Group 1,Group Stage,1,12,Mexico,Belgium,MEX,BEL,Mexico,True,False,1,0,1,0,0,0,1,1,Home Win,Normal,108192,Estadio Azteca,Mexico City,COEREZZA Norberto Angel (ARG),4.0,5.0
1970,1753,250,1970-06-06,16:00,Saturday,6,Group 1,Group Stage,1,7,Soviet Union,Belgium,URS,BEL,Mexico,False,False,4,1,1,0,3,1,5,3,Home Win,Normal,95261,Estadio Azteca,Mexico City,SCHEURER Ruedi (SUI),6.0,3.0
1970,1764,250,1970-06-07,12:00,Sunday,6,Group 3,Group Stage,1,8,Brazil,England,BRA,ENG,Mexico,False,False,1,0,0,0,1,0,1,1,Home Win,Normal,66843,Jalisco,Guadalajara,KLEIN Abraham (ISR),3.0,4.0
1970,1769,250,1970-06-10,16:00,Wednesday,6,Group 3,Group Stage,1,11,Brazil,Romania,BRA,ROU,Mexico,False,False,3,2,2,1,1,1,5,1,Home Win,Normal,50804,Jalisco,Guadalajara,MARSCHALL Ferdinand (AUT),3.0,4.0
1970,1770,250,1970-06-03,16:00,Wednesday,6,Group 3,Group Stage,1,4,Brazil,Czechoslovakia,BRA,TCH,Mexico,False,False,4,1,1,1,3,0,5,3,Home Win,Normal,52897,Jalisco,Guadalajara,BARRETO RUIZ Ramon (URU),,
1970,1774,250,1970-06-07,12:00,Sunday,6,Group 4,Group Stage,1,8,West Germany,Bulgaria,FRG,BUL,Mexico,False,False,5,2,2,1,3,1,7,3,Home Win,Normal,12710,Nou Camp - Estadio Len,Leon,ORTIZ DE MENDIBIL Jose Maria (ESP),3.0,4.0
1970,1779,250,1970-06-11,16:00,Thursday,6,Group 4,Group Stage,1,12,Bulgaria,Morocco,BUL,MAR,Mexico,False,False,1,1,1,0,0,1,2,0,Draw,Normal,12299,Nou Camp - Estadio Len,Leon,SALDANHA RIBEIRO Antonio (POR),4.0,5.0
1970,1780,250,1970-06-02,16:00,Tuesday,6,Group 4,Group Stage,1,3,Peru,Bulgaria,PER,BUL,Mexico,False,False,3,2,0,1,3,1,5,1,Home Win,Normal,13765,Nou Camp - Estadio Len,Leon,SBARDELLA Antonio (ITA),,
1970,1812,250,1970-06-02,16:00,Tuesday,6,Group 3,Group Stage,1,3,England,Romania,ENG,ROU,Mexico,False,False,1,0,0,0,1,0,1,1,Home Win,Normal,50560,Jalisco,Guadalajara,LORAUX Vital (BEL),,
1970,1813,250,1970-06-11,16:00,Thursday,6,Group 3,Group Stage,1,12,England,Czechoslovakia,ENG,TCH,Mexico,False,False,1,0,0,0,1,0,1,1,Home Win,Normal,49292,Jalisco,Guadalajara,MACHIN Roger (FRA),4.0,5.0
1970,1820,250,1970-06-07,12:00,Sunday,6,Group 1,Group Stage,1,8,Mexico,El Salvador,MEX,SLV,Mexico,True,False,4,0,1,0,3,0,4,4,Home Win,Normal,103058,Estadio Azteca,Mexico City,KANDIL Aly Hussein (EGY),7.0,3.0
1970,1823,250,1970-06-10,16:00,Wednesday,6,Group 1,Group Stage,1,11,Soviet Union,El Salvador,URS,SLV,Mexico,False,False,2,0,0,0,2,0,2,2,Home Win,Normal,89979,Estadio Azteca,Mexico City,HORMAZABAL DIAZ Rafael (CHI),4.0,3.0
1970,1839,250,1970-06-03,16:00,Wednesday,6,Group 4,Group Stage,1,4,West Germany,Morocco,FRG,MAR,Mexico,False,False,2,1,0,1,2,0,3,1,Home Win,Normal,12942,Nou Camp - Estadio Len,Leon,VAN RAVENS Laurens (NED),,
1970,1840,250,1970-06-10,16:00,Wednesday,6,Group 4,Group Stage,1,11,West Germany,Peru,FRG,PER,Mexico,False,False,3,1,3,1,0,0,4,2,Home Win,Normal,17875,Nou Camp - Estadio Len,Leon,AGUILAR ELIZALDE Abel (MEX),3.0,4.0
1970,1877,250,1970-06-11,16:00,Thursday,6,Group 2,Group Stage,1,12,Italy,Israel,ITA,ISR,Mexico,False,False,0,0,0,0,0,0,0,0,Draw,Normal,9890,Luis Dosal,Toluca,DE MORAES Ayrton Vieira (BRA),5.0,4.0
1970,1880,250,1970-06-07,12:00,Sunday,6,Group 2,Group Stage,1,8,Sweden,Israel,SWE,ISR,Mexico,False,False,1,1,0,0,1,1,2,0,Draw,Normal,9624,Luis Dosal,Toluca,TAREKEGN Seyoum (ETH),3.0,4.0
1970,1881,250,1970-06-02,16:00,Tuesday,6,Group 2,Group Stage,1,3,Uruguay,Israel,URU,ISR,Mexico,False,False,2,0,1,0,1,0,2,2,Home Win,Normal,20654,Cuauhtemoc,Puebla,DAVIDSON Bob (SCO),,
1970,1883,250,1970-06-03,16:00,Wednesday,6,Group 2,Group Stage,1,4,Italy,Sweden,ITA,SWE,Mexico,False,False,1,0,1,0,0,0,1,1,Home Win,Normal,13433,Luis Dosal,Toluca,TAYLOR John (ENG),,
1970,1884,250,1970-06-06,16:00,Saturday,6,Group 2,Group Stage,1,7,Uruguay,Italy,URU,ITA,Mexico,False,False,0,0,0,0,0,0,0,0,Draw,Normal,29968,Cuauhtemoc,Puebla,GLOECKNER Rudolf (GDR),4.0,3.0
1970,1893,250,1970-06-06,16:00,Saturday,6,Group 4,Group Stage,1,7,Peru,Morocco,PER,MAR,Mexico,False,False,3,0,0,0,3,0,3,3,Home Win,Normal,13537,Nou Camp - Estadio Len,Leon,BAKHRAMOV Tofik (URS),4.0,3.0
1970,1902,250,1970-05-31,12:00,Sunday,5,Group 1,Group Stage,1,1,Mexico,Soviet Union,MEX,URS,Mexico,True,False,0,0,0,0,0,0,0,0,Draw,Normal,107160,Estadio Azteca,Mexico City,TSCHENSCHER Kurt (GER),,
1970,1919,250,1970-06-06,16:00,Saturday,6,Group 3,Group Stage,1,7,Romania,Czechoslovakia,ROU,TCH,Mexico,False,False,2,1,0,1,2,0,3,1,Home Win,Normal,56818,Jalisco,Guadalajara,DE LEO Diego (MEX),4.0,3.0
1970,1922,250,1970-06-10,16:00,Wednesday,6,Group 2,Group Stage,1,11,Sweden,Uruguay,SWE,URU,Mexico,False,False,1,0,0,0,1,0,1,1,Home Win,Normal,18163,Cuauhtemoc,Puebla,LANDAUER Henry (USA),3.0,4.0
1970,1768,251,1970-06-14,12:00,Sunday,6,Quarter-finals,Quarter-finals,3,15,Brazil,Peru,BRA,PER,Mexico,False,False,4,2,2,1,2,1,6,2,Home Win,Normal,54233,Jalisco,Guadalajara,LORAUX Vital (BEL),3.0,3.0
1970,1811,251,1970-06-14,12:00,Sunday,6,Quarter-finals,Quarter-finals,3,15,West Germany,England,FRG,ENG,Mexico,False,False,3,2,0,0,3,2,5,1,Home Win,Extra Time,23357,Nou Camp - Estadio Len,Leon,COEREZZA Norberto Angel (ARG),3.0,2.0
1970,1882,251,1970-06-14,12:00,Sunday,6,Quarter-finals,Quarter-finals,3,15,Italy,Mexico,ITA,MEX,Mexico,False,True,4,1,1,1,3,0,5,3,Home Win,Normal,26851,Luis Dosal,Toluca,SCHEURER Ruedi (SUI),2.0,2.0
1970,1925,251,1970-06-14,12:00,Sunday,6,Quarter-finals,Quarter-finals,3,15,Uruguay,Soviet Union,URU,URS,Mexico,False,False,1,0,0,0,1,0,1,1,Home Win,Extra Time,26085,Estadio Azteca,Mexico City,VAN RAVENS Laurens (NED),3.0,3.0
1970,1771,569,1970-06-17,16:00,Wednesday,6,Semi-finals,Semi-finals,4,18,Brazil,Uruguay,BRA,URU,Mexico,False,False,3,1,1,1,2,0,4,2,Home Win,Normal,51261,Jalisco,Guadalajara,ORTIZ DE MENDIBIL Jose Maria (ESP),3.0,3.0
1970,1838,569,1970-06-17,16:00,Wednesday,6,Semi-finals,Semi-finals,4,18,Italy,West Germany,ITA,FRG,Mexico,False,False,4,3,0,0,4,3,7,1,Home Win,Extra Time,102444,Estadio Azteca,Mexico City,YAMASAKI MALDONADO Arturo (MEX),3.0,3.0
1970,1843,3477,1970-06-20,16:00,Saturday,6,Match for third place,Third Place,5,21,West Germany,Uruguay,FRG,URU,Mexico,False,False,1,0,1,0,0,0,1,1,Home Win,Normal,104403,Estadio Azteca,Mexico City,SBARDELLA Antonio (ITA),3.0,3.0
1970,1765,3476,1970-06-21,12:00,Sunday,6,Final,Final,6,22,Brazil,Italy,BRA,ITA,Mexico,False,False,4,1,1,1,3,0,5,3,Home Win,Normal,107412,Estadio Azteca,Mexico City,GLOECKNER Rudolf (GDR),3.0,3.0
1974,1945,263,1974-06-30,16:00,Sunday,6,Group A,Group Stage,1,17,Argentina,Brazil,ARG,BRA,Germany,False,False,1,2,1,1,0,1,3,-1,Away Win,Normal,39400,Niedersachsenstadion,Hanover,LORAUX Vital (BEL),3.0,3.0
1974,1946,263,1974-07-03,19:30,Wednesday,7,Group A,Group Stage,1,21,Argentina,East Germany,ARG,GDR,Germany,False,False,1,1,1,1,0,0,2,0,Draw,Normal,54254,Parkstadion,Gelsenkirchen,TAYLOR John (ENG),3.0,3.0
1974,1947,262,1974-06-23,16:00,Sunday,6,Group 4,Group Stage,1,10,Argentina,Haiti,ARG,HAI,Germany,False,False,4,1,2,0,2,1,5,3,Home Win,Normal,25900,Olympiastadion,Munich,SANCHEZ IBANEZ Pablo (ESP),3.0,3.0
1974,1948,263,1974-06-26,19:30,Wednesday,6,Group A,Group Stage,1,14,Netherlands,Argentina,NED,ARG,Germany,False,False,4,0,2,0,2,0,4,4,Home Win,Normal,56548,Parkstadion,Gelsenkirchen,DAVIDSON Bob (SCO),3.0,3.0
1974,1949,262,1974-06-19,19:30,Wednesday,6,Group 4,Group Stage,1,7,Argentina,Italy,ARG,ITA,Germany,False,False,1,1,1,1,0,0,2,0,Draw,Normal,70100,Neckarstadion,Stuttgart,KAZAKOV Pavel (URS),4.0,4.0
1974,1952,262,1974-06-15,18:00,Saturday,6,Group 4,Group Stage,1,3,Poland,Argentina,POL,ARG,Germany,False,False,3,2,2,0,1,2,5,1,Home Win,Normal,32700,Neckarstadion,Stuttgart,THOMAS Clive (WAL),,
1974,1953,262,1974-06-22,16:00,Saturday,6,Group 1,Group Stage,1,9,Australia,Chile,AUS,CHI,Germany,False,False,0,0,0,0,0,0,0,0,Draw,Normal,17400,Olympiastadion,Berlin West,NAMDAR Jafar (IRN),4.0,3.0
1974,1954,262,1974-06-18,16:00,Tuesday,6,Group 1,Group Stage,1,5,Australia,West Germany,AUS,FRG,Germany,False,False,0,3,0,2,0,1,3,-3,Away Win,Normal,53300,Volksparkstadion,Hamburg,KAMEL Mahmoud (EGY),3.0,4.0
1974,1955,262,1974-06-14,19:30,Friday,6,Group 1,Group Stage,1,2,East Germany,Australia,GDR,AUS,Germany,False,False,2,0,0,0,2,0,2,2,Home Win,Normal,17000,Volksparkstadion,Hamburg,NDIAYE Youssou (SEN),,
1974,1982,263,1974-06-26,19:30,Wednesday,6,Group A,Group Stage,1,14,Brazil,East Germany,BRA,GDR,Germany,False,False,1,0,0,0,1,0,1,1,Home Win,Normal,59863,Niedersachsenstadion,Hanover,THOMAS Clive (WAL),4.0,4.0
1974,1983,263,1974-07-03,19:30,Wednesday,7,Group A,Group Stage,1,21,Netherlands,Brazil,NED,BRA,Germany,False,False,2,0,0,0,2,0,2,2,Home Win,Normal,53700,Westfalenstadion,Dortmund,TSCHENSCHER Kurt (GER),3.0,3.0
1974,1985,262,1974-06-18,19:30,Tuesday,6,Group 2,Group Stage,1,6,Scotland,Brazil,SCO,BRA,Germany,False,False,0,0,0,0,0,0,0,0,Draw,Normal,62000,Waldstadion,Frankfurt/Main,VAN GEMERT Arie (NED),4.0,5.0
1974,1986,262,1974-06-13,17:00,Thursday,6,Group 2,Group Stage,1,1,Brazil,Yugoslavia,BRA,YUG,Germany,False,False,0,0,0,0,0,0,0,0,Draw,Normal,62000,Waldstadion,Frankfurt/Main,SCHEURER Ruedi (SUI),,
1974,1987,262,1974-06-22,16:00,Saturday,6,Group 2,Group Stage,1,9,Zaire,Brazil,ZAI,BRA,Germany,False,False,0,3,0,1,0,2,3,-3,Away Win,Normal,36200,Parkstadion,Gelsenkirchen,RAINEA Nicolae (ROU),3.0,3.0
1974,1990,262,1974-06-23,16:00,Sunday,6,Group 3,Group Stage,1,10,Bulgaria,Netherlands,BUL,NED,Germany,False,False,1,4,0,2,1,2,5,-3,Away Win,Normal,53300,Westfalenstadion,Dortmund,BOSKOVIC Tony (AUS),3.0,3.0
1974,1995,262,1974-06-15,16:00,Saturday,6,Group 3,Group Stage,1,2,Sweden,Bulgaria,SWE,BUL,Germany,False,False,0,0,0,0,0,0,0,0,Draw,Normal,23800,Rheinstadion,DSseldorf,PEREZ NUNEZ Edison A. (PER),,
1974,1996,262,1974-06-19,19:30,Wednesday,6,Group 3,Group Stage,1,7,Bulgaria,Uruguay,BUL,URU,Germany,False,False,1,1,0,0,1,1,2,0,Draw,Normal,13400,Niedersachsenstadion,Hanover,TAYLOR John (ENG),4.0,4.0
1974,2003,262,1974-06-14,16:00,Friday,6,Group 1,Group Stage,1,1,West Germany,Chile,FRG,CHI,Germany,False,False,1,0,1,0,0,0,1,1,Home Win,Normal,81100,Olympiastadion,Berlin West,BABACAN Dogan (TUR),,
1974,2004,262,1974-06-18,19:30,Tuesday,6,Group 1,Group Stage,1,6,Chile,East Germany,CHI,GDR,Germany,False,False,1,1,0,0,1,1,2,0,Draw,Normal,28300,Olympiastadion,Berlin West,ANGONESE Aurelio (ITA),4.0,4.0
1974,2062,262,1974-06-22,19:30,Saturday,6,Group 1,Group Stage,1,10,East Germany,West Germany,GDR,FRG,Germany,False,False,1,0,0,0,1,0,1,1,Home Win,Normal,60200,Volksparkstadion,Hamburg,BARRETO RUIZ Ramon (URU),4.0,4.0
1974,2064,263,1974-07-03,17:00,Wednesday,7,Group B,Group Stage,1,21,Poland,West Germany,POL,FRG,Germany,False,False,0,1,0,0,0,1,1,-1,Away Win,Normal,62000,Waldstadion,Frankfurt/Main,LINEMAYR Erich (AUT),3.0,2.0
1974,2065,263,1974-06-30,19:30,Sunday,6,Group B,Group Stage,1,18,West Germany,Sweden,FRG,SWE,Germany,False,False,4,2,0,1,4,1,6,2,Home Win,Normal,67800,Rheinstadion,DSseldorf,KAZAKOV Pavel (URS),4.0,4.0
1974,2066,263,1974-06-26,16:00,Wednesday,6,Group B,Group Stage,1,13,Yugoslavia,West Germany,YUG,FRG,Germany,False,False,0,2,0,1,0,1,2,-2,Away Win,Normal,67385,Rheinstadion,DSseldorf,MARQUES Armando (BRA),4.0,3.0
1974,2067,263,1974-06-30,16:00,Sunday,6,Group A,Group Stage,1,17,East Germany,Netherlands,GDR,NED,Germany,False,False,0,2,0,1,0,1,2,-2,Away Win,Normal,68348,Parkstadion,Gelsenkirchen,SCHEURER Ruedi (SUI),3.0,3.0
1974,2083,262,1974-06-15,18:00,Saturday,6,Group 4,Group Stage,1,3,Italy,Haiti,ITA,HAI,Germany,False,False,3,1,0,0,3,1,4,2,Home Win,Normal,53000,Olympiastadion,Munich,LLOBREGAT Vicente (VEN),,
1974,2085,262,1974-06-19,19:30,Wednesday,6,Group 4,Group Stage,1,7,Haiti,Poland,HAI,POL,Germany,False,False,0,7,0,5,0,2,7,-7,Away Win,Normal,25300,Olympiastadion,Munich,SUPPIAH George (SIN),4.0,4.0
1974,2097,262,1974-06-19,19:30,Wednesday,6,Group 3,Group Stage,1,7,Netherlands,Sweden,NED,SWE,Germany,False,False,0,0,0,0,0,0,0,0,Draw,Normal,53700,Westfalenstadion,Dortmund,WINSEMANN Werner (CAN),4.0,4.0
1974,2098,262,1974-06-15,16:00,Saturday,6,Group 3,Group Stage,1,2,Uruguay,Netherlands,URU,NED,Germany,False,False,0,2,0,1,0,1,2,-2,Away Win,Normal,55100,Niedersachsenstadion,Hanover,PALOTAI Karoly (HUN),,
1974,2129,262,1974-06-23,16:00,Sunday,6,Group 4,Group Stage,1,10,Poland,Italy,POL,ITA,Germany,False,False,2,1,2,0,0,1,3,1,Home Win,Normal,70100,Neckarstadion,Stuttgart,WEYLAND Hans Joachim (FRG),3.0,3.0
1974,2167,263,1974-06-26,19:30,Wednesday,6,Group B,Group Stage,1,14,Sweden,Poland,SWE,POL,Germany,False,False,0,1,0,1,0,0,1,-1,Away Win,Normal,44955,Neckarstadion,Stuttgart,BARRETO RUIZ Ramon (URU),3.0,3.0
1974,2170,263,1974-06-30,16:00,Sunday,6,Group B,Group Stage,1,17,Poland,Yugoslavia,POL,YUG,Germany,False,False,2,1,1,1,1,0,3,1,Home Win,Normal,58000,Waldstadion,Frankfurt/Main,GLOECKNER Rudolf (GDR),3.0,4.0
1974,2175,262,1974-06-22,16:00,Saturday,6,Group 2,Group Stage,1,9,Scotland,Yugoslavia,SCO,YUG,Germany,False,False,1,1,0,0,1,1,2,0,Draw,Normal,56000,Waldstadion,Frankfurt/Main,GONZALEZ ARCHUNDIA Alfonso (MEX),3.0,3.0
1974,2176,262,1974-06-14,19:30,Friday,6,Group 2,Group Stage,1,2,Zaire,Scotland,ZAI,SCO,Germany,False,False,0,2,0,2,0,0,2,-2,Away Win,Normal,27000,Westfalenstadion,Dortmund,SCHULENBURG Gerhard (GER),,
1974,2181,262,1974-06-23,16:00,Sunday,6,Group 3,Group Stage,1,10,Sweden,Uruguay,SWE,URU,Germany,False,False,3,0,0,0,3,0,3,3,Home Win,Normal,28300,Rheinstadion,DSseldorf,LINEMAYR Erich (AUT),3.0,3.0
1974,2182,263,1974-07-03,19:30,Wednesday,7,Group B,Group Stage,1,21,Sweden,Yugoslavia,SWE,YUG,Germany,False,False,2,1,1,1,1,0,3,1,Home Win,Normal,41300,Rheinstadion,DSseldorf,PESTARINO Luis (ARG),3.0,3.0
1974,2186,262,1974-06-18,19:30,Tuesday,6,Group 2,Group Stage,1,6,Yugoslavia,Zaire,YUG,ZAI,Germany,False,False,9,0,6,0,3,0,9,9,Home Win,Normal,31700,Parkstadion,Gelsenkirchen,DELGADO Omar (COL),5.0,4.0
1974,1984,264,1974-07-06,16:00,Saturday,7,Match for third place,Third Place,5,23,Brazil,Poland,BRA,POL,Germany,False,False,0,1,0,0,0,1,1,-1,Away Win,Normal,77100,Olympiastadion,Munich,ANGONESE Aurelio (ITA),2.0,2.0
1974,2063,605,1974-07-07,16:00,Sunday,7,Final,Final,6,24,Netherlands,West Germany,NED,FRG,Germany,False,False,1,2,1,2,0,0,3,-1,Away Win,Normal,78200,Olympiastadion,Munich,TAYLOR John (ENG),3.0,3.0
1978,2196,279,1978-06-18,19:15,Sunday,6,Group B,Group Stage,1,18,Argentina,Brazil,ARG,BRA,Argentina,True,False,0,0,0,0,0,0,0,0,Draw,Normal,37326,Arroyito - Estadio Dr. Lisandro de la Torre,Rosario,PALOTAI Karoly (HUN),4.0,4.0
1978,2197,278,1978-06-06,19:15,Tuesday,6,Group 1,Group Stage,1,6,Argentina,France,ARG,FRA,Argentina,True,False,2,1,1,0,1,1,3,1,Home Win,Normal,71666,El Monumental - Estadio Monumental Antonio Vespuci,Buenos Aires,DUBACH Jean (SUI),4.0,4.0
1978,2199,278,1978-06-02,19:15,Friday,6,Group 1,Group Stage,1,2,Argentina,Hungary,ARG,HUN,Argentina,True,False,2,1,1,1,1,0,3,1,Home Win,Normal,71615,El Monumental - Estadio Monumental Antonio Vespuci,Buenos Aires,GARRIDO Antonio (POR),,
1978,2200,278,1978-06-10,19:15,Saturday,6,Group 1,Group Stage,1,10,Italy,Argentina,ITA,ARG,Argentina,False,True,1,0,0,0,1,0,1,1,Home Win,Normal,71712,El Monumental - Estadio Monumental Antonio Vespuci,Buenos Aires,KLEIN Abraham (ISR),4.0,4.0
1978,2201,279,1978-06-21,19:15,Wednesday,6,Group B,Group Stage,1,21,Argentina,Peru,ARG,PER,Argentina,True,False,6,0,2,0,4,0,6,6,Home Win,Normal,37315,Arroyito - Estadio Dr. Lisandro de la Torre,Rosario,WURTZ Robert (FRA),3.0,3.0
1978,2202,279,1978-06-14,19:15,Wednesday,6,Group B,Group Stage,1,14,Argentina,Poland,ARG,POL,Argentina,True,False,2,0,1,0,1,0,2,2,Home Win,Normal,37091,Arroyito - Estadio Dr. Lisandro de la Torre,Rosario,ERIKSSON Ulf (SWE),4.0,4.0
1978,2215,278,1978-06-11,13:45,Sunday,6,Group 3,Group Stage,1,10,Brazil,Austria,BRA,AUT,Argentina,False,False,1,0,1,0,0,0,1,1,Home Win,Normal,35221,Estadio Jos Mara Minella,Mar Del Plata,WURTZ Robert (FRA),4.0,4.0
1978,2216,278,1978-06-03,13:45,Saturday,6,Group 3,Group Stage,1,2,Austria,Spain,AUT,ESP,Argentina,False,False,2,1,1,1,1,0,3,1,Home Win,Normal,40841,Jose Amalfitani,Buenos Aires,PALOTAI Karoly (HUN),,
1978,2217,279,1978-06-21,13:45,Wednesday,6,Group A,Group Stage,1,20,Austria,West Germany,AUT,FRG,Argentina,False,False,3,2,0,1,3,1,5,1,Home Win,Normal,38318,Estadio Olmpico Chateau Carreras,Cordoba,KLEIN Abraham (ISR),2.0,2.0
1978,2220,279,1978-06-14,13:45,Wednesday,6,Group A,Group Stage,1,13,Netherlands,Austria,NED,AUT,Argentina,False,False,5,1,3,0,2,1,6,4,Home Win,Normal,25050,Estadio Olmpico Chateau Carreras,Cordoba,GORDON John (SCO),2.0,3.0
1978,2221,279,1978-06-18,16:45,Sunday,6,Group A,Group Stage,1,18,Italy,Austria,ITA,AUT,Argentina,False,False,1,0,1,0,0,0,1,1,Home Win,Normal,66695,El Monumental - Estadio Monumental Antonio Vespuci,Buenos Aires,RION Francis (BEL),4.0,4.0
1978,2224,278,1978-06-07,13:45,Wednesday,6,Group 3,Group Stage,1,6,Austria,Sweden,AUT,SWE,Argentina,False,False,1,0,1,0,0,0,1,1,Home Win,Normal,41424,Jose Amalfitani,Buenos Aires,CORVER Charles (NED),4.0,4.0
1978,2246,278,1978-06-07,13:45,Wednesday,6,Group 3,Group Stage,1,6,Brazil,Spain,BRA,ESP,Argentina,False,False,0,0,0,0,0,0,0,0,Draw,Normal,34771,Estadio Jos Mara Minella,Mar Del Plata,GONELLA Sergio (ITA),4.0,4.0
1978,2251,279,1978-06-14,16:45,Wednesday,6,Group B,Group Stage,1,14,Brazil,Peru,BRA,PER,Argentina,False,False,3,0,2,0,1,0,3,3,Home Win,Normal,31278,San Martin,Mendoza,RAINEA Nicolae (ROU),3.0,3.0
1978,2252,279,1978-06-21,16:45,Wednesday,6,Group B,Group Stage,1,21,Brazil,Poland,BRA,POL,Argentina,False,False,3,1,1,1,2,0,4,2,Home Win,Normal,39586,San Martin,Mendoza,SILVAGNO CAVANNA Juan (CHI),2.0,3.0
1978,2253,278,1978-06-03,13:45,Saturday,6,Group 3,Group Stage,1,2,Sweden,Brazil,SWE,BRA,Argentina,False,False,1,1,1,1,0,0,2,0,Draw,Normal,32569,Estadio Jos Mara Minella,Mar Del Plata,THOMAS Clive (WAL),,
1978,2337,278,1978-06-11,13:45,Sunday,6,Group 3,Group Stage,1,10,Spain,Sweden,ESP,SWE,Argentina,False,False,1,0,0,0,1,0,1,1,Home Win,Normal,42132,Jose Amalfitani,Buenos Aires,BIWERSI Ferdinand (GER),4.0,4.0
1978,2344,278,1978-06-10,15:10,Saturday,6,Group 1,Group Stage,1,10,France,Hungary,FRA,HUN,Argentina,False,False,3,1,3,1,0,0,4,2,Home Win,Normal,23127,Estadio Jos Mara Minella,Mar Del Plata,COELHO Arnaldo (BRA),3.0,4.0
1978,2347,278,1978-06-02,13:45,Friday,6,Group 1,Group Stage,1,1,Italy,France,ITA,FRA,Argentina,False,False,2,1,1,1,1,0,3,1,Home Win,Normal,42373,Estadio Jos Mara Minella,Mar Del Plata,RAINEA Nicolae (ROU),,
1978,2348,279,1978-06-18,16:45,Sunday,6,Group A,Group Stage,1,18,West Germany,Netherlands,FRG,NED,Argentina,False,False,2,2,1,1,1,1,4,0,Draw,Normal,40750,Estadio Olmpico Chateau Carreras,Cordoba,BARRETO RUIZ Ramon (URU),4.0,4.0
1978,2349,279,1978-06-14,13:45,Wednesday,6,Group A,Group Stage,1,13,West Germany,Italy,FRG,ITA,Argentina,False,False,0,0,0,0,0,0,0,0,Draw,Normal,67547,El Monumental - Estadio Monumental Antonio Vespuci,Buenos Aires,MAKSIMOVIC Dusan (SCG),3.0,3.0
1978,2350,278,1978-06-06,16:45,Tuesday,6,Group 2,Group Stage,1,6,West Germany,Mexico,FRG,MEX,Argentina,False,False,6,0,4,0,2,0,6,6,Home Win,Normal,35258,Estadio Olmpico Chateau Carreras,Cordoba,BOUZO Farouk (SYR),5.0,4.0
1978,2351,278,1978-06-01,15:00,Thursday,6,Group 2,Group Stage,1,1,West Germany,Poland,FRG,POL,Argentina,False,False,0,0,0,0,0,0,0,0,Draw,Normal,67579,El Monumental - Estadio Monumental Antonio Vespuci,Buenos Aires,COEREZZA Norberto Angel (ARG),,
1978,2352,278,1978-06-10,16:45,Saturday,6,Group 2,Group Stage,1,10,West Germany,Tunisia,FRG,TUN,Argentina,False,False,0,0,0,0,0,0,0,0,Draw,Normal,30667,Estadio Olmpico Chateau Carreras,Cordoba,OROZCO GUERRERO Cesar (PER),4.0,4.0
1978,2388,278,1978-06-03,16:45,Saturday,6,Group 4,Group Stage,1,3,Netherlands,Iran,NED,IRN,Argentina,False,False,3,0,1,0,2,0,3,3,Home Win,Normal,33431,San Martin,Mendoza,GONZALEZ ARCHUNDIA Alfonso (MEX),,
1978,2391,279,1978-06-21,13:45,Wednesday,6,Group A,Group Stage,1,20,Netherlands,Italy,NED,ITA,Argentina,False,False,2,1,0,1,2,0,3,1,Home Win,Normal,67433,El Monumental - Estadio Monumental Antonio Vespuci,Buenos Aires,MARTINEZ Angel (ESP),2.0,2.0
1978,2394,278,1978-06-07,16:45,Wednesday,6,Group 4,Group Stage,1,7,Netherlands,Peru,NED,PER,Argentina,False,False,0,0,0,0,0,0,0,0,Draw,Normal,28125,San Martin,Mendoza,PROKOP Adolf (GDR),4.0,4.0
1978,2395,278,1978-06-11,16:45,Sunday,6,Group 4,Group Stage,1,11,Scotland,Netherlands,SCO,NED,Argentina,False,False,3,2,1,1,2,1,5,1,Home Win,Normal,35130,San Martin,Mendoza,LINEMAYR Erich (AUT),4.0,4.0
1978,2396,278,1978-06-06,13:45,Tuesday,6,Group 1,Group Stage,1,5,Italy,Hungary,ITA,HUN,Argentina,False,False,3,1,2,0,1,1,4,2,Home Win,Normal,26533,Estadio Jos Mara Minella,Mar Del Plata,BARRETO RUIZ Ramon (URU),4.0,3.0
1978,2405,278,1978-06-11,16:45,Sunday,6,Group 4,Group Stage,1,11,Peru,Iran,PER,IRN,Argentina,False,False,4,1,3,1,1,0,5,3,Home Win,Normal,21262,Estadio Olmpico Chateau Carreras,Cordoba,JARGUZ Alojzy (POL),4.0,4.0
1978,2408,278,1978-06-07,16:45,Wednesday,6,Group 4,Group Stage,1,7,Scotland,Iran,SCO,IRN,Argentina,False,False,1,1,1,0,0,1,2,0,Draw,Normal,7938,Estadio Olmpico Chateau Carreras,Cordoba,NDIAYE Youssou (SEN),4.0,4.0
1978,2431,278,1978-06-10,16:45,Saturday,6,Group 2,Group Stage,1,10,Poland,Mexico,POL,MEX,Argentina,False,False,3,1,1,0,2,1,4,2,Home Win,Normal,22651,Arroyito - Estadio Dr. Lisandro de la Torre,Rosario,NAMDAR Jafar (IRN),4.0,4.0
1978,2433,278,1978-06-02,16:45,Friday,6,Group 2,Group Stage,1,2,Tunisia,Mexico,TUN,MEX,Argentina,False,False,3,1,0,1,3,0,4,2,Home Win,Normal,17396,Arroyito - Estadio Dr. Lisandro de la Torre,Rosario,GORDON John (SCO),,
1978,2450,279,1978-06-18,13:45,Sunday,6,Group B,Group Stage,1,17,Poland,Peru,POL,PER,Argentina,False,False,1,0,0,0,1,0,1,1,Home Win,Normal,35288,San Martin,Mendoza,PARTRIDGE Pat (ENG),3.0,3.0
1978,2451,278,1978-06-03,16:45,Saturday,6,Group 4,Group Stage,1,3,Peru,Scotland,PER,SCO,Argentina,False,False,3,1,1,1,2,0,4,2,Home Win,Normal,37927,Estadio Olmpico Chateau Carreras,Cordoba,ERIKSSON Ulf (SWE),,
1978,2454,278,1978-06-06,16:45,Tuesday,6,Group 2,Group Stage,1,6,Poland,Tunisia,POL,TUN,Argentina,False,False,1,0,1,0,0,0,1,1,Home Win,Normal,9624,Arroyito - Estadio Dr. Lisandro de la Torre,Rosario,MARTINEZ Angel (ESP),5.0,4.0
1978,2247,280,1978-06-24,15:00,Saturday,6,Match for third place,Third Place,5,24,Brazil,Italy,BRA,ITA,Argentina,False,False,2,1,0,1,2,0,3,1,Home Win,Normal,69659,El Monumental - Estadio Monumental Antonio Vespuci,Buenos Aires,KLEIN Abraham (ISR),2.0,3.0
1978,2198,639,1978-06-25,15:00,Sunday,6,Final,Final,6,25,Argentina,Netherlands,ARG,NED,Argentina,True,False,3,1,0,0,3,1,4,2,Home Win,Extra Time,71483,El Monumental - Estadio Monumental Antonio Vespuci,Buenos Aires,GONELLA Sergio (ITA),3.0,4.0
1982,739,293,1982-06-21,17:15,Monday,6,Group 2,Group Stage,1,8,Algeria,Austria,ALG,AUT,Spain,False,False,0,2,0,0,0,2,2,-2,Away Win,Normal,22000,Carlos Tartiere,Oviedo,BOSKOVIC Tony (AUS),5.0,4.0
1982,740,293,1982-06-24,17:15,Thursday,6,Group 2,Group Stage,1,11,Algeria,Chile,ALG,CHI,Spain,False,False,3,2,3,0,0,2,5,1,Home Win,Normal,16000,Carlos Tartiere,Oviedo,MENDEZ MOLINA Romulo (GUA),3.0,4.0
1982,741,293,1982-06-16,17:15,Wednesday,6,Group 2,Group Stage,1,3,West Germany,Algeria,FRG,ALG,Spain,False,False,1,2,0,0,1,2,3,-1,Away Win,Normal,42000,El Molinon,Gijon,LABO REVOREDO Enrique (PER),,
1982,749,293,1982-06-13,20:00,Sunday,6,Group 3,Group Stage,1,1,Argentina,Belgium,ARG,BEL,Spain,False,False,0,1,0,0,0,1,1,-1,Away Win,Normal,95000,Camp Nou,Barcelona,CHRISTOV Vojtech (TCH),,
1982,750,294,1982-07-02,17:15,Friday,7,Group 3,Group Stage,1,19,Argentina,Brazil,ARG,BRA,Spain,False,False,1,3,0,1,1,2,4,-2,Away Win,Normal,44000,Sarria,Barcelona,RUBIO VAZQUEZ Mario (MEX),3.0,8.0
1982,751,293,1982-06-23,21:00,Wednesday,6,Group 3,Group Stage,1,11,Argentina,El Salvador,ARG,SLV,Spain,False,False,2,0,1,0,1,0,2,2,Home Win,Normal,32500,Jose Rico Perez,Alicante,BARRANCOS Luis (BOL),5.0,4.0
1982,752,293,1982-06-18,21:00,Friday,6,Group 3,Group Stage,1,6,Argentina,Hungary,ARG,HUN,Spain,False,False,4,1,2,0,2,1,5,3,Home Win,Normal,32093,Jose Rico Perez,Alicante,LACARNE Belaid (ALG),5.0,3.0
1982,753,294,1982-06-29,17:15,Tuesday,6,Group 3,Group Stage,1,16,Italy,Argentina,ITA,ARG,Spain,False,False,2,1,0,0,2,1,3,1,Home Win,Normal,43000,Sarria,Barcelona,RAINEA Nicolae (ROU),6.0,5.0
1982,764,293,1982-06-17,17:15,Thursday,6,Group 2,Group Stage,1,4,Chile,Austria,CHI,AUT,Spain,False,False,0,1,0,1,0,0,1,-1,Away Win,Normal,22500,Carlos Tartiere,Oviedo,CARDELLINO DE SAN VICENTE Juan (URU),,
1982,767,294,1982-06-28,17:15,Monday,6,Group 4,Group Stage,1,15,Austria,France,AUT,FRA,Spain,False,False,0,1,0,1,0,0,1,-1,Away Win,Normal,37000,Vicente Calderon,Madrid,PALOTAI Karoly (HUN),3.0,4.0
1982,770,293,1982-06-25,17:15,Friday,6,Group 2,Group Stage,1,12,West Germany,Austria,FRG,AUT,Spain,False,False,1,0,1,0,0,0,1,1,Home Win,Normal,41000,El Molinon,Gijon,VALENTINE Robert (SCO),5.0,4.0
1982,771,294,1982-07-01,17:15,Thursday,7,Group 4,Group Stage,1,18,Austria,Northern Ireland,AUT,NIR,Spain,False,False,2,2,0,1,2,1,4,0,Draw,Normal,20000,Vicente Calderon,Madrid,PROKOP Adolf (GDR),3.0,5.0
1982,774,293,1982-06-19,21:00,Saturday,6,Group 3,Group Stage,1,7,Belgium,El Salvador,BEL,SLV,Spain,False,False,1,0,1,0,0,0,1,1,Home Win,Normal,15000,Nuevo Estadio,Elche,MOFFATT Malcolm (NIR),6.0,4.0
1982,779,293,1982-06-22,21:00,Tuesday,6,Group 3,Group Stage,1,10,Belgium,Hungary,BEL,HUN,Spain,False,False,1,1,0,1,1,0,2,0,Draw,Normal,37000,Nuevo Estadio,Elche,WHITE Clive (ENG),3.0,4.0
1982,782,294,1982-06-28,21:00,Monday,6,Group 1,Group Stage,1,16,Poland,Belgium,POL,BEL,Spain,False,False,3,0,2,0,1,0,3,3,Home Win,Normal,65000,Camp Nou,Barcelona,SILES Jesus Paulino (CRC),6.0,6.0
1982,783,294,1982-07-01,21:00,Thursday,7,Group 1,Group Stage,1,19,Belgium,Soviet Union,BEL,URS,Spain,False,False,0,1,0,0,0,1,1,-1,Away Win,Normal,45000,Camp Nou,Barcelona,VAUTROT Michel (FRA),3.0,9.0
1982,788,294,1982-07-05,17:15,Monday,7,Group 3,Group Stage,1,22,Italy,Brazil,ITA,BRA,Spain,False,False,3,2,2,1,1,1,5,1,Home Win,Normal,44000,Sarria,Barcelona,KLEIN Abraham (ISR),6.0,3.0
1982,789,293,1982-06-23,21:00,Wednesday,6,Group 6,Group Stage,1,11,Brazil,New Zealand,BRA,NZL,Spain,False,False,4,0,2,0,2,0,4,4,Home Win,Normal,43000,Benito Villamarin,Seville,MATOVINOVIC Damir (CRO),5.0,4.0
1982,790,293,1982-06-18,21:00,Friday,6,Group 6,Group Stage,1,6,Brazil,Scotland,BRA,SCO,Spain,False,False,4,1,1,1,3,0,5,3,Home Win,Normal,47379,Benito Villamarin,Seville,SILES Jesus Paulino (CRC),4.0,3.0
1982,791,293,1982-06-14,21:00,Monday,6,Group 6,Group Stage,1,2,Brazil,Soviet Union,BRA,URS,Spain,False,False,2,1,0,1,2,0,3,1,Home Win,Normal,68000,Ramon Sanchez Pizjuan,Seville,LAMO CASTILLO Augusto (ESP),,
1982,813,293,1982-06-20,17:15,Sunday,6,Group 2,Group Stage,1,7,West Germany,Chile,FRG,CHI,Spain,False,False,4,1,1,0,3,1,5,3,Home Win,Normal,42000,El Molinon,Gijon,GALLER Bruno (SUI),4.0,3.0
1982,828,293,1982-06-23,17:15,Wednesday,6,Group 1,Group Stage,1,10,Italy,Cameroon,ITA,CMR,Spain,False,False,1,1,0,0,1,1,2,0,Draw,Normal,20000,Estadio Municipal de Balados,Vigo,DOTCHEV Bogdan (BUL),5.0,3.0
1982,833,293,1982-06-15,17:15,Tuesday,6,Group 1,Group Stage,1,2,Peru,Cameroon,PER,CMR,Spain,False,False,0,0,0,0,0,0,0,0,Draw,Normal,11000,Riazor,La CoruA,WOEHRER Franz (AUT),,
1982,834,293,1982-06-19,19:15,Saturday,6,Group 1,Group Stage,1,6,Poland,Cameroon,POL,CMR,Spain,False,False,0,0,0,0,0,0,0,0,Draw,Normal,19000,Riazor,La CoruA,PONNET Alexis (BEL),5.0,4.0
1982,877,294,1982-07-05,21:00,Monday,7,Group 2,Group Stage,1,23,Spain,England,ESP,ENG,Spain,True,False,0,0,0,0,0,0,0,0,Draw,Normal,75000,Santiago Bernabeu,Madrid,PONNET Alexis (BEL),3.0,6.0
1982,878,293,1982-06-16,17:15,Wednesday,6,Group 4,Group Stage,1,3,England,France,ENG,FRA,Spain,False,False,3,1,1,1,2,0,4,2,Home Win,Normal,44172,San Mames,Bilbao,GARRIDO Antonio (POR),,
1982,879,294,1982-06-29,21:00,Tuesday,6,Group 2,Group Stage,1,17,West Germany,England,FRG,ENG,Spain,False,False,0,0,0,0,0,0,0,0,Draw,Normal,75000,Santiago Bernabeu,Madrid,COELHO Arnaldo (BRA),4.0,4.0
1982,882,293,1982-06-25,17:15,Friday,6,Group 4,Group Stage,1,12,England,Kuwait,ENG,KUW,Spain,False,False,1,0,1,0,0,0,1,1,Home Win,Normal,39700,San Mames,Bilbao,ARISTIZABAL MURCIA Gilberto (COL),5.0,4.0
1982,889,293,1982-06-20,17:15,Sunday,6,Group 4,Group Stage,1,7,England,Czechoslovakia,ENG,TCH,Spain,False,False,2,0,0,0,2,0,2,2,Home Win,Normal,41123,San Mames,Bilbao,CORVER Charles (NED),4.0,2.0
1982,896,293,1982-06-15,21:00,Tuesday,6,Group 3,Group Stage,1,3,Hungary,El Salvador,HUN,SLV,Spain,False,False,10,1,3,0,7,1,11,9,Home Win,Normal,23000,Nuevo Estadio,Elche,AL DOY Ebrahim (BHR),,
1982,900,294,1982-07-02,21:00,Friday,7,Group 2,Group Stage,1,20,West Germany,Spain,FRG,ESP,Spain,False,True,2,1,0,0,2,1,3,1,Home Win,Normal,90089,Santiago Bernabeu,Madrid,CASARIN Paolo (ITA),3.0,7.0
1982,901,293,1982-06-16,21:00,Wednesday,6,Group 5,Group Stage,1,4,Spain,Honduras,ESP,HON,Spain,True,False,1,1,0,1,1,0,2,0,Draw,Normal,49562,Luis Casanova,Valencia,ITHURRALDE Arturo Andres (ARG),,
1982,902,293,1982-06-25,21:00,Friday,6,Group 5,Group Stage,1,13,Northern Ireland,Spain,NIR,ESP,Spain,False,True,1,0,0,0,1,0,1,1,Home Win,Normal,49562,Luis Casanova,Valencia,ORTIZ Hector (PAR),4.0,5.0
1982,903,293,1982-06-20,21:00,Sunday,6,Group 5,Group Stage,1,8,Spain,Yugoslavia,ESP,YUG,Spain,True,False,2,1,1,1,1,0,3,1,Home Win,Normal,48000,Luis Casanova,Valencia,LUND-SORENSEN Henning (DEN),4.0,3.0
1982,919,293,1982-06-21,17:15,Monday,6,Group 4,Group Stage,1,8,France,Kuwait,FRA,KUW,Spain,False,False,4,1,2,0,2,1,5,3,Home Win,Normal,30043,Jose Zorrilla,Valladolid,STUPAR Miroslav (URS),5.0,3.0
1982,920,294,1982-07-04,17:15,Sunday,7,Group 4,Group Stage,1,21,France,Northern Ireland,FRA,NIR,Spain,False,False,4,1,1,0,3,1,5,3,Home Win,Normal,37000,Vicente Calderon,Madrid,JARGUZ Alojzy (POL),6.0,3.0
1982,922,293,1982-06-24,17:15,Thursday,6,Group 4,Group Stage,1,11,France,Czechoslovakia,FRA,TCH,Spain,False,False,1,1,0,0,1,1,2,0,Draw,Normal,28000,Jose Zorrilla,Valladolid,CASARIN Paolo (ITA),3.0,4.0
1982,959,293,1982-06-21,21:00,Monday,6,Group 5,Group Stage,1,9,Honduras,Northern Ireland,HON,NIR,Spain,False,False,1,1,0,1,1,0,2,0,Draw,Normal,15000,La Romareda,Zaragoza,CHAN Thomson Tam Sun (HKG),5.0,4.0
1982,962,293,1982-06-24,21:00,Thursday,6,Group 5,Group Stage,1,12,Honduras,Yugoslavia,HON,YUG,Spain,False,False,0,1,0,0,0,1,1,-1,Away Win,Normal,25000,La Romareda,Zaragoza,CASTRO Gaston (CHI),3.0,4.0
1982,994,293,1982-06-18,17:15,Friday,6,Group 1,Group Stage,1,5,Italy,Peru,ITA,PER,Spain,False,False,1,1,1,0,0,1,2,0,Draw,Normal,25000,Estadio Municipal de Balados,Vigo,ESCHWEILER Walter (GER),4.0,3.0
1982,995,293,1982-06-14,17:15,Monday,6,Group 1,Group Stage,1,1,Italy,Poland,ITA,POL,Spain,False,False,0,0,0,0,0,0,0,0,Draw,Normal,33000,Estadio Municipal de Balados,Vigo,VAUTROT Michel (FRA),,
1982,1012,293,1982-06-17,17:45,Thursday,6,Group 4,Group Stage,1,4,Czechoslovakia,Kuwait,TCH,KUW,Spain,False,False,1,1,1,0,0,1,2,0,Draw,Normal,25000,Jose Zorrilla,Valladolid,DWOMOH Benjamin (GHA),,
1982,1044,293,1982-06-17,21:00,Thursday,6,Group 5,Group Stage,1,5,Yugoslavia,Northern Ireland,YUG,NIR,Spain,False,False,0,0,0,0,0,0,0,0,Draw,Normal,25000,La Romareda,Zaragoza,FREDRIKSSON Erik (SWE),,
1982,1051,293,1982-06-15,21:00,Tuesday,6,Group 6,Group Stage,1,3,Scotland,New Zealand,SCO,NZL,Spain,False,False,5,2,3,0,2,2,7,3,Home Win,Normal,36000,La Rosaleda,Malaga,SOCHA David (USA),,
1982,1054,293,1982-06-19,21:00,Saturday,6,Group 6,Group Stage,1,7,Soviet Union,New Zealand,URS,NZL,Spain,False,False,3,0,1,0,2,0,3,3,Home Win,Normal,19000,La Rosaleda,Malaga,EL GHOUL Yusef Mohamed (LBY),5.0,4.0
1982,1055,293,1982-06-22,17:15,Tuesday,6,Group 1,Group Stage,1,9,Poland,Peru,POL,PER,Spain,False,False,5,1,0,0,5,1,6,4,Home Win,Normal,25000,Riazor,La CoruA,RUBIO VAZQUEZ Mario (MEX),2.0,4.0
1982,1058,294,1982-07-04,21:00,Sunday,7,Group 1,Group Stage,1,22,Poland,Soviet Union,POL,URS,Spain,False,False,0,0,0,0,0,0,0,0,Draw,Normal,65000,Camp Nou,Barcelona,VALENTINE Robert (SCO),6.0,3.0
1982,1071,293,1982-06-22,21:00,Tuesday,6,Group 6,Group Stage,1,10,Soviet Union,Scotland,URS,SCO,Spain,False,False,2,2,0,1,2,1,4,0,Draw,Normal,45000,La Rosaleda,Malaga,RAINEA Nicolae (ROU),3.0,4.0
1982,914,295,1982-07-08,21:00,Thursday,7,Semi-finals,Semi-finals,4,26,West Germany,France,FRG,FRA,Spain,False,False,3,3,0,0,3,3,6,0,Draw,Penalties,70000,Ramon Sanchez Pizjuan,Seville,CORVER Charles (NED),6.0,4.0
1982,996,295,1982-07-08,17:15,Thursday,7,Semi-finals,Semi-finals,4,25,Poland,Italy,POL,ITA,Spain,False,False,0,2,0,1,0,1,2,-2,Away Win,Normal,50000,Camp Nou,Barcelona,CARDELLINO DE SAN VICENTE Juan (URU),3.0,3.0
1982,921,676,1982-07-10,20:00,Saturday,7,Match for third place,Third Place,5,28,Poland,France,POL,FRA,Spain,False,False,3,2,2,1,1,1,5,1,Home Win,Normal,28000,Jose Rico Perez,Alicante,GARRIDO Antonio (POR),2.0,1.0
1982,923,3475,1982-07-11,20:00,Sunday,7,Final,Final,6,29,Italy,West Germany,ITA,FRG,Spain,False,False,3,1,0,0,3,1,4,2,Home Win,Normal,90000,Santiago Bernabeu,Madrid,COELHO Arnaldo (BRA),3.0,2.0
1986,377,308,1986-06-06,12:00,Friday,6,Group D,Group Stage,1,7,Brazil,Algeria,BRA,ALG,Mexico,False,False,1,0,0,0,1,0,1,1,Home Win,Normal,48000,Jalisco,Guadalajara,MENDEZ MOLINA Romulo (GUA),5.0,3.0
1986,378,308,1986-06-12,12:00,Thursday,6,Group D,Group Stage,1,13,Algeria,Spain,ALG,ESP,Mexico,False,False,0,3,0,1,0,2,3,-3,Away Win,Normal,23980,Tecnologico,Monterrey,TAKADA Shizuo (JPN),6.0,5.0
1986,379,308,1986-06-03,12:00,Tuesday,6,Group D,Group Stage,1,4,Algeria,Northern Ireland,ALG,NIR,Mexico,False,False,1,1,0,1,1,0,2,0,Draw,Normal,22000,Tres de Marzo,Guadalajara,BUTENKO Valeri (RUS),,
1986,389,308,1986-06-10,12:00,Tuesday,6,Group A,Group Stage,1,11,Argentina,Bulgaria,ARG,BUL,Mexico,False,False,2,0,1,0,1,0,2,2,Home Win,Normal,65000,Estadio Olmpico Universitario,Mexico City,ULLOA MORERA Berny (CRC),5.0,4.0
1986,394,308,1986-06-05,12:00,Thursday,6,Group A,Group Stage,1,6,Italy,Argentina,ITA,ARG,Mexico,False,False,1,1,1,1,0,0,2,0,Draw,Normal,32000,Cuauhtemoc,Puebla,KEIZER Jan (NED),5.0,3.0
1986,395,308,1986-06-02,12:00,Monday,6,Group A,Group Stage,1,3,Argentina,South Korea,ARG,KOR,Mexico,False,False,3,1,2,0,1,1,4,2,Home Win,Normal,60000,Estadio Olmpico Universitario,Mexico City,SANCHEZ ARMINIO Victoriano (ESP),,
1986,427,308,1986-06-08,12:00,Sunday,6,Group B,Group Stage,1,9,Iraq,Belgium,IRQ,BEL,Mexico,False,False,1,2,0,2,1,0,3,-1,Away Win,Normal,20000,Bombonera - Estadio Nemesio Diez,Toluca,DIAZ PALACIO Jesus (COL),4.0,5.0
1986,428,308,1986-06-03,12:00,Tuesday,6,Group B,Group Stage,1,4,Belgium,Mexico,BEL,MEX,Mexico,False,True,1,2,1,2,0,0,3,-1,Away Win,Normal,110000,Estadio Azteca,Mexico City,ESPOSITO Carlos (ARG),,
1986,429,308,1986-06-11,12:00,Wednesday,6,Group B,Group Stage,1,12,Paraguay,Belgium,PAR,BEL,Mexico,False,False,2,2,0,1,2,1,4,0,Draw,Normal,16000,Bombonera - Estadio Nemesio Diez,Toluca,DOTCHEV Bogdan (BUL),4.0,3.0
1986,439,308,1986-06-01,12:00,Sunday,6,Group D,Group Stage,1,2,Spain,Brazil,ESP,BRA,Mexico,False,False,0,1,0,0,0,1,1,-1,Away Win,Normal,35748,Jalisco,Guadalajara,BAMBRIDGE Christopher (AUS),,
1986,441,308,1986-06-12,12:00,Thursday,6,Group D,Group Stage,1,13,Northern Ireland,Brazil,NIR,BRA,Mexico,False,False,0,3,0,2,0,1,3,-3,Away Win,Normal,51000,Jalisco,Guadalajara,KIRSCHEN Siegfried (GER),5.0,6.0
1986,459,308,1986-05-31,12:00,Saturday,5,Group A,Group Stage,1,1,Bulgaria,Italy,BUL,ITA,Mexico,False,False,1,1,0,1,1,0,2,0,Draw,Normal,96000,Estadio Azteca,Mexico City,FREDRIKSSON Erik (SWE),,
1986,460,308,1986-06-05,16:00,Thursday,6,Group A,Group Stage,1,6,South Korea,Bulgaria,KOR,BUL,Mexico,False,False,1,1,0,1,1,0,2,0,Draw,Normal,45000,Estadio Olmpico Universitario,Mexico City,AL SHANAR Fallaj Khuzam (KSA),3.0,5.0
1986,468,308,1986-06-01,16:00,Sunday,6,Group C,Group Stage,1,2,Canada,France,CAN,FRA,Mexico,False,False,0,1,0,0,0,1,1,-1,Away Win,Normal,65500,Nou Camp - Estadio Len,Leon,SILVA ARCE Hernan (CHI),,
1986,475,308,1986-06-06,12:00,Friday,6,Group C,Group Stage,1,7,Hungary,Canada,HUN,CAN,Mexico,False,False,2,0,1,0,1,0,2,2,Home Win,Normal,13800,Estadio Irapuato,Irapuato,AL SHARIF Jamal (SYR),4.0,4.0
1986,476,308,1986-06-09,12:00,Monday,6,Group C,Group Stage,1,10,Soviet Union,Canada,URS,CAN,Mexico,False,False,2,0,0,0,2,0,2,2,Home Win,Normal,14200,Estadio Irapuato,Irapuato,TRAORE Idrissa (MLI),4.0,3.0
1986,512,308,1986-06-13,12:00,Friday,6,Group E,Group Stage,1,14,Denmark,West Germany,DEN,FRG,Mexico,False,False,2,0,1,0,1,0,2,2,Home Win,Normal,36000,Estadio Corregidora,Queretaro,PONNET Alexis (BEL),4.0,5.0
1986,517,308,1986-06-04,16:00,Wednesday,6,Group E,Group Stage,1,5,Scotland,Denmark,SCO,DEN,Mexico,False,False,0,1,0,0,0,1,1,-1,Away Win,Normal,18000,Neza,Nezahualcoyotl,NEMETH Lajos (HUN),,
1986,522,308,1986-06-08,16:00,Sunday,6,Group E,Group Stage,1,9,Denmark,Uruguay,DEN,URU,Mexico,False,False,6,1,2,1,4,0,7,5,Home Win,Normal,26500,Neza,Nezahualcoyotl,MARQUEZ RAMIREZ Antonio (MEX),4.0,4.0
1986,533,308,1986-06-06,16:00,Friday,6,Group F,Group Stage,1,7,England,Morocco,ENG,MAR,Mexico,False,False,0,0,0,0,0,0,0,0,Draw,Normal,20200,Tecnologico,Monterrey,GONZALEZ ROA Gabriel (PAR),3.0,4.0
1986,537,308,1986-06-11,16:00,Wednesday,6,Group F,Group Stage,1,12,England,Poland,ENG,POL,Mexico,False,False,3,0,3,0,0,0,3,3,Home Win,Normal,22700,Tecnologico,Monterrey,DAINA Andre (SUI),5.0,4.0
1986,538,308,1986-06-03,16:00,Tuesday,6,Group F,Group Stage,1,4,Portugal,England,POR,ENG,Mexico,False,False,1,0,0,0,1,0,1,1,Home Win,Normal,23000,Tecnologico,Monterrey,ROTH Volker (GER),,
1986,551,308,1986-06-07,12:00,Saturday,6,Group D,Group Stage,1,8,Northern Ireland,Spain,NIR,ESP,Mexico,False,False,1,2,0,2,1,0,3,-1,Away Win,Normal,28000,Tres de Marzo,Guadalajara,BRUMMEIER Horst (AUT),4.0,6.0
1986,567,308,1986-06-09,12:00,Monday,6,Group C,Group Stage,1,10,Hungary,France,HUN,FRA,Mexico,False,False,0,3,0,1,0,2,3,-3,Away Win,Normal,31420,Nou Camp - Estadio Len,Leon,SILVA VALENTE Carlos Alberto (POR),3.0,4.0
1986,571,308,1986-06-05,12:00,Thursday,6,Group C,Group Stage,1,6,France,Soviet Union,FRA,URS,Mexico,False,False,1,1,0,0,1,1,2,0,Draw,Normal,36540,Nou Camp - Estadio Len,Leon,ARPPI FILHO Romualdo (BRA),3.0,3.0
1986,580,308,1986-06-08,12:00,Sunday,6,Group E,Group Stage,1,9,West Germany,Scotland,FRG,SCO,Mexico,False,False,2,1,1,1,1,0,3,1,Home Win,Normal,30000,Estadio Corregidora,Queretaro,IGNA Ioan (ROU),4.0,3.0
1986,585,308,1986-06-04,12:00,Wednesday,6,Group E,Group Stage,1,5,Uruguay,West Germany,URU,FRG,Mexico,False,False,1,1,1,0,0,1,2,0,Draw,Normal,30500,Estadio Corregidora,Queretaro,CHRISTOV Vojtech (TCH),,
1986,610,308,1986-06-02,12:00,Monday,6,Group C,Group Stage,1,3,Soviet Union,Hungary,URS,HUN,Mexico,False,False,6,0,3,0,3,0,6,6,Home Win,Normal,16500,Estadio Irapuato,Irapuato,AGNOLIN Luigi (ITA),,
1986,627,308,1986-06-11,12:00,Wednesday,6,Group B,Group Stage,1,12,Iraq,Mexico,IRQ,MEX,Mexico,False,True,0,1,0,0,0,1,1,-1,Away Win,Normal,103763,Estadio Azteca,Mexico City,PETROVIC Zoran (SRB),3.0,4.0
1986,628,308,1986-06-04,12:00,Wednesday,6,Group B,Group Stage,1,5,Paraguay,Iraq,PAR,IRQ,Mexico,False,False,1,0,1,0,0,0,1,1,Home Win,Normal,24000,Bombonera - Estadio Nemesio Diez,Toluca,PICON-ACKONG Edwin (MRI),,
1986,643,308,1986-06-10,12:00,Tuesday,6,Group A,Group Stage,1,11,South Korea,Italy,KOR,ITA,Mexico,False,False,2,3,0,1,2,2,5,-1,Away Win,Normal,20000,Cuauhtemoc,Puebla,SOCHA David (USA),4.0,5.0
1986,674,308,1986-06-02,16:00,Monday,6,Group F,Group Stage,1,3,Morocco,Poland,MAR,POL,Mexico,False,False,0,0,0,0,0,0,0,0,Draw,Normal,19900,Estadio Universitario,Monterrey,MARTINEZ BAZAN Jose Luis (URU),,
1986,675,308,1986-06-11,16:00,Wednesday,6,Group F,Group Stage,1,12,Portugal,Morocco,POR,MAR,Mexico,False,False,1,3,0,2,1,1,4,-2,Away Win,Normal,28000,Tres de Marzo,Guadalajara,SNODDY Alan (NIR),4.0,5.0
1986,680,308,1986-06-07,12:00,Saturday,6,Group B,Group Stage,1,8,Mexico,Paraguay,MEX,PAR,Mexico,True,False,1,1,1,0,0,1,2,0,Draw,Normal,114600,Estadio Azteca,Mexico City,COURTNEY George (ENG),4.0,3.0
1986,701,308,1986-06-07,16:00,Saturday,6,Group F,Group Stage,1,8,Poland,Portugal,POL,POR,Mexico,False,False,1,0,0,0,1,0,1,1,Home Win,Normal,19915,Estadio Universitario,Monterrey,BENNACEUR Ali (TUN),5.0,4.0
1986,712,308,1986-06-13,12:00,Friday,6,Group E,Group Stage,1,14,Scotland,Uruguay,SCO,URU,Mexico,False,False,0,0,0,0,0,0,0,0,Draw,Normal,20000,Neza,Nezahualcoyotl,QUINIOU Joel (FRA),5.0,4.0
1986,398,309,1986-06-16,16:00,Monday,6,Round of 16,Round of 16,2,17,Argentina,Uruguay,ARG,URU,Mexico,False,False,1,0,1,0,0,0,1,1,Home Win,Normal,26000,Cuauhtemoc,Puebla,AGNOLIN Luigi (ITA),6.0,3.0
1986,432,309,1986-06-15,16:00,Sunday,6,Round of 16,Round of 16,2,16,Soviet Union,Belgium,URS,BEL,Mexico,False,False,3,4,0,0,3,4,7,-1,Away Win,Extra Time,32277,Nou Camp - Estadio Len,Leon,FREDRIKSSON Erik (SWE),6.0,4.0
1986,444,309,1986-06-16,12:00,Monday,6,Round of 16,Round of 16,2,17,Brazil,Poland,BRA,POL,Mexico,False,False,4,0,1,0,3,0,4,4,Home Win,Normal,45000,Jalisco,Guadalajara,ROTH Volker (GER),4.0,4.0
1986,463,309,1986-06-15,12:00,Sunday,6,Round of 16,Round of 16,2,16,Mexico,Bulgaria,MEX,BUL,Mexico,True,False,2,0,1,0,1,0,2,2,Home Win,Normal,114580,Estadio Azteca,Mexico City,ARPPI FILHO Romualdo (BRA),4.0,5.0
1986,511,309,1986-06-18,16:00,Wednesday,6,Round of 16,Round of 16,2,19,Denmark,Spain,DEN,ESP,Mexico,False,False,1,5,1,1,0,4,6,-4,Away Win,Normal,38500,Estadio Corregidora,Queretaro,KEIZER Jan (NED),5.0,6.0
1986,536,309,1986-06-18,12:00,Wednesday,6,Round of 16,Round of 16,2,19,England,Paraguay,ENG,PAR,Mexico,False,False,3,0,1,0,2,0,3,3,Home Win,Normal,98728,Estadio Azteca,Mexico City,AL SHARIF Jamal (SYR),6.0,7.0
1986,568,309,1986-06-17,12:00,Tuesday,6,Round of 16,Round of 16,2,18,Italy,France,ITA,FRA,Mexico,False,False,0,2,0,1,0,1,2,-2,Away Win,Normal,70000,Estadio Olmpico Universitario,Mexico City,ESPOSITO Carlos (ARG),7.0,8.0
1986,574,309,1986-06-17,16:00,Tuesday,6,Round of 16,Round of 16,2,18,Morocco,West Germany,MAR,FRG,Mexico,False,False,0,1,0,0,0,1,1,-1,Away Win,Normal,19800,Estadio Universitario,Monterrey,PETROVIC Zoran (SRB),6.0,4.0
1986,392,714,1986-06-22,12:00,Sunday,6,Quarter-finals,Quarter-finals,3,23,Argentina,England,ARG,ENG,Mexico,False,False,2,1,0,0,2,1,3,1,Home Win,Normal,114580,Estadio Azteca,Mexico City,BENNACEUR Ali (TUN),5.0,4.0
1986,421,714,1986-06-22,16:00,Sunday,6,Quarter-finals,Quarter-finals,3,23,Spain,Belgium,ESP,BEL,Mexico,False,False,1,1,0,0,1,1,2,0,Draw,Penalties,45000,Cuauhtemoc,Puebla,KIRSCHEN Siegfried (GER),4.0,7.0
1986,440,714,1986-06-21,12:00,Saturday,6,Quarter-finals,Quarter-finals,3,22,Brazil,France,BRA,FRA,Mexico,False,False,1,1,0,0,1,1,2,0,Draw,Penalties,65000,Jalisco,Guadalajara,IGNA Ioan (ROU),5.0,4.0
1986,575,714,1986-06-21,16:00,Saturday,6,Quarter-finals,Quarter-finals,3,22,West Germany,Mexico,FRG,MEX,Mexico,False,True,0,0,0,0,0,0,0,0,Draw,Penalties,41700,Estadio Universitario,Monterrey,DIAZ PALACIO Jesus (COL),4.0,6.0
1986,388,3469,1986-06-25,16:00,Wednesday,6,Semi-finals,Semi-finals,4,26,Argentina,Belgium,ARG,BEL,Mexico,False,False,2,0,0,0,2,0,2,2,Home Win,Normal,114500,Estadio Azteca,Mexico City,MARQUEZ RAMIREZ Antonio (MEX),3.0,3.0
1986,564,3469,1986-06-25,12:00,Wednesday,6,Semi-finals,Semi-finals,4,26,France,West Germany,FRA,FRG,Mexico,False,False,0,2,0,1,0,1,2,-2,Away Win,Normal,45000,Jalisco,Guadalajara,AGNOLIN Luigi (ITA),4.0,3.0
1986,422,3468,1986-06-28,12:00,Saturday,6,Match for third place,Third Place,5,29,France,Belgium,FRA,BEL,Mexico,False,False,4,2,0,0,4,2,6,2,Home Win,Extra Time,21000,Cuauhtemoc,Puebla,COURTNEY George (ENG),3.0,2.0
1986,393,3467,1986-06-29,12:00,Sunday,6,Final,Final,6,30,Argentina,West Germany,ARG,FRG,Mexico,False,False,3,2,1,0,2,2,5,1,Home Win,Normal,114600,Estadio Azteca,Mexico City,ARPPI FILHO Romualdo (BRA),3.0,4.0
1990,26,322,1990-06-08,18:00,Friday,6,Group B,Group Stage,1,1,Argentina,Cameroon,ARG,CMR,Italy,False,False,0,1,0,0,0,1,1,-1,Away Win,Normal,73780,Giuseppe Meazza,Milan,VAUTROT Michel (FRA),,
1990,29,322,1990-06-18,21:00,Monday,6,Group B,Group Stage,1,11,Argentina,Romania,ARG,ROU,Italy,False,False,1,1,0,0,1,1,2,0,Draw,Normal,52733,San Paolo,Naples,SILVA VALENTE Carlos Alberto (POR),5.0,4.0
1990,30,322,1990-06-13,21:00,Wednesday,6,Group B,Group Stage,1,6,Argentina,Soviet Union,ARG,URS,Italy,False,False,2,0,1,0,1,0,2,2,Home Win,Normal,55759,San Paolo,Naples,FREDRIKSSON Erik (SWE),5.0,4.0
1990,42,322,1990-06-09,21:00,Saturday,6,Group A,Group Stage,1,2,Italy,Austria,ITA,AUT,Italy,True,False,1,0,0,0,1,0,1,1,Home Win,Normal,73303,Stadio Olimpico,Rome,RAMIZ WRIGHT Jose (BRA),,
1990,43,322,1990-06-15,17:00,Friday,6,Group A,Group Stage,1,7,Austria,Czechoslovakia,AUT,TCH,Italy,False,False,0,1,0,1,0,0,1,-1,Away Win,Normal,38962,Comunale,Florence,SMITH George (SCO),5.0,5.0
1990,48,322,1990-06-19,21:00,Tuesday,6,Group A,Group Stage,1,12,Austria,USA,AUT,USA,Italy,False,False,2,1,0,0,2,1,3,1,Home Win,Normal,34857,Comunale,Florence,AL SHARIF Jamal (SYR),4.0,5.0
1990,56,322,1990-06-21,17:00,Thursday,6,Group E,Group Stage,1,13,Belgium,Spain,BEL,ESP,Italy,False,False,1,2,1,2,0,0,3,-1,Away Win,Normal,35950,Marc Antonio Bentegodi,Verona,LOUSTAU Juan (ARG),3.0,3.0
1990,57,322,1990-06-12,17:00,Tuesday,6,Group E,Group Stage,1,4,Belgium,South Korea,BEL,KOR,Italy,False,False,2,0,0,0,2,0,2,2,Home Win,Normal,32790,Marc Antonio Bentegodi,Verona,MAURO Vincent (USA),,
1990,66,322,1990-06-17,21:00,Sunday,6,Group E,Group Stage,1,10,Belgium,Uruguay,BEL,URU,Italy,False,False,3,1,2,0,1,1,4,2,Home Win,Normal,33759,Marc Antonio Bentegodi,Verona,KIRSCHEN Siegfried (GER),5.0,4.0
1990,73,322,1990-06-16,17:00,Saturday,6,Group C,Group Stage,1,8,Brazil,Costa Rica,BRA,CRC,Italy,False,False,1,0,1,0,0,0,1,1,Home Win,Normal,58007,Stadio delle Alpi,Turin,JOUINI Neji (TUN),5.0,5.0
1990,74,322,1990-06-20,21:00,Wednesday,6,Group C,Group Stage,1,13,Brazil,Scotland,BRA,SCO,Italy,False,False,1,0,0,0,1,0,1,1,Home Win,Normal,62502,Stadio delle Alpi,Turin,KOHL Helmut (AUT),4.0,4.0
1990,75,322,1990-06-10,21:00,Sunday,6,Group C,Group Stage,1,3,Brazil,Sweden,BRA,SWE,Italy,False,False,2,1,1,0,1,1,3,1,Home Win,Normal,62628,Stadio delle Alpi,Turin,LANESE Tullio (ITA),,
1990,108,322,1990-06-14,17:00,Thursday,6,Group B,Group Stage,1,6,Cameroon,Romania,CMR,ROU,Italy,False,False,2,1,0,0,2,1,3,1,Home Win,Normal,38687,Stadio San Nicola,Bari,SILVA ARCE Hernan (CHI),5.0,5.0
1990,111,322,1990-06-18,21:00,Monday,6,Group B,Group Stage,1,11,Cameroon,Soviet Union,CMR,URS,Italy,False,False,0,4,0,2,0,2,4,-4,Away Win,Normal,37307,Stadio San Nicola,Bari,RAMIZ WRIGHT Jose (BRA),4.0,5.0
1990,114,322,1990-06-19,17:00,Tuesday,6,Group D,Group Stage,1,11,West Germany,Colombia,FRG,COL,Italy,False,False,1,1,0,0,1,1,2,0,Draw,Normal,72510,Giuseppe Meazza,Milan,SNODDY Alan (NIR),3.0,5.0
1990,119,322,1990-06-09,17:00,Saturday,6,Group D,Group Stage,1,1,United Arab Emirates,Colombia,UAE,COL,Italy,False,False,0,2,0,0,0,2,2,-2,Away Win,Normal,30791,Renato Dall Ara,Bologna,COURTNEY George (ENG),,
1990,120,322,1990-06-14,17:00,Thursday,6,Group D,Group Stage,1,6,Yugoslavia,Colombia,YUG,COL,Italy,False,False,1,0,0,0,1,0,1,1,Home Win,Normal,32257,Renato Dall Ara,Bologna,AGNOLIN Luigi (ITA),3.0,5.0
1990,127,322,1990-06-11,17:00,Monday,6,Group C,Group Stage,1,3,Costa Rica,Scotland,CRC,SCO,Italy,False,False,1,0,0,0,1,0,1,1,Home Win,Normal,30867,Luigi Ferraris,Genoa,LOUSTAU Juan (ARG),,
1990,128,322,1990-06-20,21:00,Wednesday,6,Group C,Group Stage,1,13,Sweden,Costa Rica,SWE,CRC,Italy,False,False,1,2,1,0,0,2,3,-1,Away Win,Normal,30223,Luigi Ferraris,Genoa,PETROVIC Zoran (SRB),4.0,4.0
1990,150,322,1990-06-21,21:00,Thursday,6,Group F,Group Stage,1,14,England,Egypt,ENG,EGY,Italy,False,False,1,0,0,0,1,0,1,1,Home Win,Normal,34959,Sant Elia,Cagliari,ROETHLISBERGER Kurt (SUI),5.0,4.0
1990,151,322,1990-06-12,21:00,Tuesday,6,Group F,Group Stage,1,5,Netherlands,Egypt,NED,EGY,Italy,False,False,1,1,0,0,1,1,2,0,Draw,Normal,33288,Della Favorita,Palermo,SORIANO ALADREN Emilio (ESP),,
1990,152,322,1990-06-17,17:00,Sunday,6,Group F,Group Stage,1,9,Ireland,Egypt,IRL,EGY,Italy,False,False,0,0,0,0,0,0,0,0,Draw,Normal,33288,Della Favorita,Palermo,VAN LANGENHOVE Marcel (BEL),5.0,4.0
1990,160,322,1990-06-16,21:00,Saturday,6,Group F,Group Stage,1,9,England,Netherlands,ENG,NED,Italy,False,False,0,0,0,0,0,0,0,0,Draw,Normal,35267,Sant Elia,Cagliari,PETROVIC Zoran (SRB),5.0,4.0
1990,161,322,1990-06-11,21:00,Monday,6,Group F,Group Stage,1,4,England,Ireland,ENG,IRL,Italy,False,False,1,1,1,0,0,1,2,0,Draw,Normal,35238,Sant Elia,Cagliari,SCHMIDHUBER Aron (GER),,
1990,175,322,1990-06-17,21:00,Sunday,6,Group E,Group Stage,1,10,South Korea,Spain,KOR,ESP,Italy,False,False,1,3,1,1,0,2,4,-2,Away Win,Normal,32733,Dacia Arena,Udine,JACOME GUERRERO Elias V. (ECU),5.0,4.0
1990,180,322,1990-06-13,17:00,Wednesday,6,Group E,Group Stage,1,5,Uruguay,Spain,URU,ESP,Italy,False,False,0,0,0,0,0,0,0,0,Draw,Normal,35713,Dacia Arena,Udine,KOHL Helmut (AUT),,
1990,198,322,1990-06-15,21:00,Friday,6,Group D,Group Stage,1,8,West Germany,United Arab Emirates,FRG,UAE,Italy,False,False,5,1,2,0,3,1,6,4,Home Win,Normal,71169,Giuseppe Meazza,Milan,SPIRIN Alexey (RUS),5.0,6.0
1990,201,322,1990-06-10,21:00,Sunday,6,Group D,Group Stage,1,3,West Germany,Yugoslavia,FRG,YUG,Italy,False,False,4,1,2,0,2,1,5,3,Home Win,Normal,74765,Giuseppe Meazza,Milan,MIKKELSEN Peter (DEN),,
1990,228,322,1990-06-21,21:00,Thursday,6,Group F,Group Stage,1,14,Ireland,Netherlands,IRL,NED,Italy,False,False,1,1,0,1,1,0,2,0,Draw,Normal,33288,Della Favorita,Palermo,VAUTROT Michel (FRA),4.0,5.0
1990,263,322,1990-06-19,21:00,Tuesday,6,Group A,Group Stage,1,12,Italy,Czechoslovakia,ITA,TCH,Italy,True,False,2,0,1,0,1,0,2,2,Home Win,Normal,73303,Stadio Olimpico,Rome,QUINIOU Joel (FRA),5.0,4.0
1990,265,322,1990-06-14,21:00,Thursday,6,Group A,Group Stage,1,7,Italy,USA,ITA,USA,Italy,True,False,1,0,1,0,0,0,1,1,Home Win,Normal,73423,Stadio Olimpico,Rome,CODESAL MENDEZ Edgardo (MEX),5.0,4.0
1990,290,322,1990-06-21,17:00,Thursday,6,Group E,Group Stage,1,13,South Korea,Uruguay,KOR,URU,Italy,False,False,0,1,0,0,0,1,1,-1,Away Win,Normal,29039,Friuli,Udine,LANESE Tullio (ITA),3.0,3.0
1990,342,322,1990-06-09,17:00,Saturday,6,Group B,Group Stage,1,1,Soviet Union,Romania,URS,ROU,Italy,False,False,0,2,0,1,0,1,2,-2,Away Win,Normal,42907,Stadio San Nicola,Bari,CARDELLINO DE SAN VICENTE Juan (URU),,
1990,348,322,1990-06-16,21:00,Saturday,6,Group C,Group Stage,1,9,Sweden,Scotland,SWE,SCO,Italy,False,False,1,2,0,1,1,1,3,-1,Away Win,Normal,31823,Luigi Ferraris,Genoa,MACIEL Carlos (PAR),6.0,5.0
1990,355,322,1990-06-10,17:00,Sunday,6,Group A,Group Stage,1,2,USA,Czechoslovakia,USA,TCH,Italy,False,False,1,5,0,2,1,3,6,-4,Away Win,Normal,33266,Comunale,Florence,ROETHLISBERGER Kurt (SUI),,
1990,364,322,1990-06-19,17:00,Tuesday,6,Group D,Group Stage,1,11,Yugoslavia,United Arab Emirates,YUG,UAE,Italy,False,False,4,1,2,1,2,0,5,3,Home Win,Normal,27833,Renato Dall Ara,Bologna,TAKADA Shizuo (JPN),5.0,3.0
1990,25,323,1990-06-24,17:00,Sunday,6,Round of 16,Round of 16,2,16,Brazil,Argentina,BRA,ARG,Italy,False,False,0,1,0,0,0,1,1,-1,Away Win,Normal,61381,Stadio delle Alpi,Turin,QUINIOU Joel (FRA),3.0,5.0
1990,55,323,1990-06-26,21:00,Tuesday,6,Round of 16,Round of 16,2,19,England,Belgium,ENG,BEL,Italy,False,False,1,0,0,0,1,0,1,1,Home Win,Extra Time,34520,Renato Dall Ara,Bologna,MIKKELSEN Peter (DEN),5.0,5.0
1990,102,323,1990-06-23,17:00,Saturday,6,Round of 16,Round of 16,2,15,Cameroon,Colombia,CMR,COL,Italy,False,False,2,1,0,0,2,1,3,1,Home Win,Extra Time,50026,San Paolo,Naples,LANESE Tullio (ITA),4.0,4.0
1990,129,323,1990-06-23,21:00,Saturday,6,Round of 16,Round of 16,2,16,Czechoslovakia,Costa Rica,TCH,CRC,Italy,False,False,4,1,1,0,3,1,5,3,Home Win,Normal,47673,Stadio San Nicola,Bari,KIRSCHEN Siegfried (GER),4.0,3.0
1990,181,323,1990-06-26,17:00,Tuesday,6,Round of 16,Round of 16,2,18,Spain,Yugoslavia,ESP,YUG,Italy,False,False,1,2,0,0,1,2,3,-1,Away Win,Extra Time,35500,Marc Antonio Bentegodi,Verona,SCHMIDHUBER Aron (GER),5.0,7.0
1990,196,323,1990-06-24,21:00,Sunday,6,Round of 16,Round of 16,2,17,West Germany,Netherlands,FRG,NED,Italy,False,False,2,1,0,0,2,1,3,1,Home Win,Normal,74559,Giuseppe Meazza,Milan,LOUSTAU Juan (ARG),5.0,3.0
1990,248,323,1990-06-25,17:00,Monday,6,Round of 16,Round of 16,2,17,Ireland,Romania,IRL,ROU,Italy,False,False,0,0,0,0,0,0,0,0,Draw,Penalties,31818,Luigi Ferraris,Genoa,RAMIZ WRIGHT Jose (BRA),3.0,6.0
1990,264,323,1990-06-25,21:00,Monday,6,Round of 16,Round of 16,2,18,Italy,Uruguay,ITA,URU,Italy,True,False,2,0,0,0,2,0,2,2,Home Win,Normal,73303,Stadio Olimpico,Rome,COURTNEY George (ENG),6.0,4.0
1990,31,751,1990-06-30,17:00,Saturday,6,Quarter-finals,Quarter-finals,3,22,Yugoslavia,Argentina,YUG,ARG,Italy,False,False,0,0,0,0,0,0,0,0,Draw,Penalties,38971,Comunale,Florence,ROETHLISBERGER Kurt (SUI),4.0,6.0
1990,103,751,1990-07-01,21:00,Sunday,7,Quarter-finals,Quarter-finals,3,24,England,Cameroon,ENG,CMR,Italy,False,False,3,2,0,0,3,2,5,1,Home Win,Extra Time,55205,San Paolo,Naples,CODESAL MENDEZ Edgardo (MEX),5.0,8.0
1990,197,751,1990-07-01,17:00,Sunday,7,Quarter-finals,Quarter-finals,3,23,West Germany,Czechoslovakia,FRG,TCH,Italy,False,False,1,0,1,0,0,0,1,1,Home Win,Normal,73347,Giuseppe Meazza,Milan,KOHL Helmut (AUT),6.0,7.0
1990,243,751,1990-06-30,21:00,Saturday,6,Quarter-finals,Quarter-finals,3,23,Italy,Ireland,ITA,IRL,Italy,True,False,1,0,1,0,0,0,1,1,Home Win,Normal,73303,Stadio Olimpico,Rome,SILVA VALENTE Carlos Alberto (POR),5.0,5.0
1990,28,3464,1990-07-03,20:00,Tuesday,7,Semi-finals,Semi-finals,4,26,Italy,Argentina,ITA,ARG,Italy,True,False,1,1,0,0,1,1,2,0,Draw,Penalties,59978,San Paolo,Naples,VAUTROT Michel (FRA),2.0,3.0
1990,159,3464,1990-07-04,20:00,Wednesday,7,Semi-finals,Semi-finals,4,27,West Germany,England,FRG,ENG,Italy,False,False,1,1,0,0,1,1,2,0,Draw,Penalties,62628,Stadio delle Alpi,Turin,RAMIZ WRIGHT Jose (BRA),3.0,2.0
1990,162,3463,1990-07-07,20:00,Saturday,7,Match for third place,Third Place,5,30,Italy,England,ITA,ENG,Italy,True,False,2,1,0,0,2,1,3,1,Home Win,Normal,51426,Stadio San Nicola,Bari,QUINIOU Joel (FRA),4.0,3.0
1990,27,3462,1990-07-08,20:00,Sunday,7,Final,Final,6,31,West Germany,Argentina,FRG,ARG,Italy,False,False,1,0,0,0,1,0,1,1,Home Win,Normal,73603,Stadio Olimpico,Rome,CODESAL MENDEZ Edgardo (MEX),4.0,5.0
1994,3049,337,1994-06-17,15:00,Friday,6,Group C,Group Stage,1,1,Germany,Bolivia,GER,BOL,USA,False,False,1,0,0,0,1,0,1,1,Home Win,Normal,63117,Soldier Field,Chicago,BRIZIO CARTER Arturo (MEX),,
1994,3050,337,1994-06-17,19:30,Friday,6,Group C,Group Stage,1,1,Spain,South Korea,ESP,KOR,USA,False,False,2,2,0,0,2,2,4,0,Draw,Normal,56247,Cotton Bowl,Dallas,MIKKELSEN Peter (DEN),,
1994,3051,337,1994-06-18,11:30,Saturday,6,Group A,Group Stage,1,1,USA,Switzerland,USA,SUI,USA,True,False,1,1,1,1,0,0,2,0,Draw,Normal,73425,Pontiac Silverdome,Detroit,LAMOLINA Francisco Oscar (ARG),,
1994,3052,337,1994-06-18,16:00,Saturday,6,Group E,Group Stage,1,2,Italy,Ireland,ITA,IRL,USA,False,False,0,1,0,1,0,0,1,-1,Away Win,Normal,75338,Giants Stadium,New York/New Jersey,VAN DER ENDE Mario (NED),,
1994,3053,337,1994-06-18,19:30,Saturday,6,Group A,Group Stage,1,2,Colombia,Romania,COL,ROU,USA,False,False,1,3,1,2,0,1,4,-2,Away Win,Normal,91856,Rose Bowl,Los Angeles,AL SHARIF Jamal (SYR),,
1994,3054,337,1994-06-19,12:30,Sunday,6,Group F,Group Stage,1,2,Belgium,Morocco,BEL,MAR,USA,False,False,1,0,1,0,0,0,1,1,Home Win,Normal,61219,Citrus Bowl,Orlando,TORRES CADENA Jose Joaquin (COL),,
1994,3055,337,1994-06-19,16:00,Sunday,6,Group E,Group Stage,1,3,Norway,Mexico,NOR,MEX,USA,False,False,1,0,0,0,1,0,1,1,Home Win,Normal,52395,RFK Stadium,Washington Dc,PUHL Sandor (HUN),,
1994,3056,337,1994-06-19,19:30,Sunday,6,Group B,Group Stage,1,3,Cameroon,Sweden,CMR,SWE,USA,False,False,2,2,1,1,1,1,4,0,Draw,Normal,93194,Rose Bowl,Los Angeles,TEJADA NORIEGA Alberto (PER),,
1994,3057,337,1994-06-20,16:00,Monday,6,Group B,Group Stage,1,4,Brazil,Russia,BRA,RUS,USA,False,False,2,0,1,0,1,0,2,2,Home Win,Normal,81061,Stanford Stadium,San Francisco,LIM KEE CHONG An Yan (MRI),,
1994,3058,337,1994-06-20,19:30,Monday,6,Group F,Group Stage,1,4,Netherlands,Saudi Arabia,NED,KSA,USA,False,False,2,1,0,1,2,0,3,1,Home Win,Normal,50535,RFK Stadium,Washington Dc,DIAZ VEGA Manuel (ESP),,
1994,3059,337,1994-06-21,12:30,Tuesday,6,Group D,Group Stage,1,4,Argentina,Greece,ARG,GRE,USA,False,False,4,0,2,0,2,0,4,4,Home Win,Normal,54456,Foxboro Stadium,Boston,ANGELES Arturo (USA),,
1994,3060,337,1994-06-21,16:00,Tuesday,6,Group C,Group Stage,1,5,Germany,Spain,GER,ESP,USA,False,False,1,1,0,1,1,0,2,0,Draw,Normal,63113,Soldier Field,Chicago,FILIPPI Ernesto (URU),4.0,3.0
1994,3061,337,1994-06-21,19:30,Tuesday,6,Group D,Group Stage,1,5,Nigeria,Bulgaria,NGA,BUL,USA,False,False,3,0,2,0,1,0,3,3,Home Win,Normal,44132,Cotton Bowl,Dallas,BADILLA Rodrigo (CRC),,
1994,3062,337,1994-06-22,16:00,Wednesday,6,Group A,Group Stage,1,6,Romania,Switzerland,ROU,SUI,USA,False,False,1,4,1,1,0,3,5,-3,Away Win,Normal,61428,Pontiac Silverdome,Detroit,JOUINI Neji (TUN),3.0,4.0
1994,3063,337,1994-06-22,19:30,Wednesday,6,Group A,Group Stage,1,6,USA,Colombia,USA,COL,USA,True,False,2,1,1,0,1,1,3,1,Home Win,Normal,93869,Rose Bowl,Los Angeles,BALDAS Fabio (ITA),4.0,4.0
1994,3064,337,1994-06-23,16:00,Thursday,6,Group E,Group Stage,1,7,Italy,Norway,ITA,NOR,USA,False,False,1,0,0,0,1,0,1,1,Home Win,Normal,74624,Giants Stadium,New York/New Jersey,KRUG Hellmut (GER),5.0,4.0
1994,3065,337,1994-06-23,19:30,Thursday,6,Group C,Group Stage,1,7,South Korea,Bolivia,KOR,BOL,USA,False,False,0,0,0,0,0,0,0,0,Draw,Normal,54453,Foxboro Stadium,Boston,MOTTRAM Leslie (SCO),6.0,6.0
1994,3066,337,1994-06-24,12:30,Friday,6,Group E,Group Stage,1,7,Mexico,Ireland,MEX,IRL,USA,False,False,2,1,1,0,1,1,3,1,Home Win,Normal,60790,Citrus Bowl,Orlando,ROETHLISBERGER Kurt (SUI),4.0,5.0
1994,3067,337,1994-06-24,16:00,Friday,6,Group B,Group Stage,1,8,Brazil,Cameroon,BRA,CMR,USA,False,False,3,0,1,0,2,0,3,3,Home Win,Normal,83401,Stanford Stadium,San Francisco,BRIZIO CARTER Arturo (MEX),4.0,4.0
1994,3068,337,1994-06-24,19:30,Friday,6,Group B,Group Stage,1,8,Sweden,Russia,SWE,RUS,USA,False,False,3,1,1,1,2,0,4,2,Home Win,Normal,71528,Pontiac Silverdome,Detroit,QUINIOU Joel (FRA),5.0,4.0
1994,3069,337,1994-06-25,12:30,Saturday,6,Group F,Group Stage,1,8,Belgium,Netherlands,BEL,NED,USA,False,False,1,0,0,0,1,0,1,1,Home Win,Normal,62387,Citrus Bowl,Orlando,MARSIGLIA Renato (BRA),6.0,4.0
1994,3070,337,1994-06-25,12:30,Saturday,6,Group F,Group Stage,1,8,Saudi Arabia,Morocco,KSA,MAR,USA,False,False,2,1,2,1,0,0,3,1,Home Win,Normal,76322,Giants Stadium,New York/New Jersey,DON Philip (ENG),4.0,6.0
1994,3071,337,1994-06-25,16:00,Saturday,6,Group D,Group Stage,1,9,Argentina,Nigeria,ARG,NGA,USA,False,False,2,1,2,1,0,0,3,1,Home Win,Normal,54453,Foxboro Stadium,Boston,KARLSSON Bo (SWE),4.0,3.0
1994,3072,337,1994-06-26,12:30,Sunday,6,Group D,Group Stage,1,9,Bulgaria,Greece,BUL,GRE,USA,False,False,4,0,1,0,3,0,4,4,Home Win,Normal,63160,Soldier Field,Chicago,BUJSAIM Ali (UAE),4.0,5.0
1994,3073,337,1994-06-26,16:00,Sunday,6,Group A,Group Stage,1,10,USA,Romania,USA,ROU,USA,True,False,0,1,0,1,0,0,1,-1,Away Win,Normal,93869,Rose Bowl,Los Angeles,VAN DER ENDE Mario (NED),3.0,4.0
1994,3074,337,1994-06-26,16:00,Sunday,6,Group A,Group Stage,1,10,Switzerland,Colombia,SUI,COL,USA,False,False,0,2,0,1,0,1,2,-2,Away Win,Normal,83401,Stanford Stadium,San Francisco,MIKKELSEN Peter (DEN),4.0,3.0
1994,3075,337,1994-06-27,16:00,Monday,6,Group C,Group Stage,1,11,Bolivia,Spain,BOL,ESP,USA,False,False,1,3,0,1,1,2,4,-2,Away Win,Normal,63089,Soldier Field,Chicago,BADILLA Rodrigo (CRC),3.0,6.0
1994,3076,337,1994-06-27,16:00,Monday,6,Group C,Group Stage,1,11,Germany,South Korea,GER,KOR,USA,False,False,3,2,3,0,0,2,5,1,Home Win,Normal,63998,Cotton Bowl,Dallas,QUINIOU Joel (FRA),6.0,3.0
1994,3077,337,1994-06-28,12:30,Tuesday,6,Group E,Group Stage,1,11,Ireland,Norway,IRL,NOR,USA,False,False,0,0,0,0,0,0,0,0,Draw,Normal,72404,Giants Stadium,New York/New Jersey,TORRES CADENA Jose Joaquin (COL),4.0,4.0
1994,3078,337,1994-06-28,12:30,Tuesday,6,Group E,Group Stage,1,11,Italy,Mexico,ITA,MEX,USA,False,False,1,1,0,0,1,1,2,0,Draw,Normal,52535,RFK Stadium,Washington Dc,LAMOLINA Francisco Oscar (ARG),4.0,4.0
1994,3079,337,1994-06-28,16:00,Tuesday,6,Group B,Group Stage,1,12,Russia,Cameroon,RUS,CMR,USA,False,False,6,1,3,0,3,1,7,5,Home Win,Normal,74914,Stanford Stadium,San Francisco,AL SHARIF Jamal (SYR),3.0,4.0
1994,3080,337,1994-06-28,16:00,Tuesday,6,Group B,Group Stage,1,12,Brazil,Sweden,BRA,SWE,USA,False,False,1,1,0,1,1,0,2,0,Draw,Normal,77217,Pontiac Silverdome,Detroit,PUHL Sandor (HUN),4.0,3.0
1994,3081,337,1994-06-29,12:30,Wednesday,6,Group F,Group Stage,1,12,Morocco,Netherlands,MAR,NED,USA,False,False,1,2,0,1,1,1,3,-1,Away Win,Normal,60578,Citrus Bowl,Orlando,TEJADA NORIEGA Alberto (PER),4.0,4.0
1994,3082,337,1994-06-29,12:30,Wednesday,6,Group F,Group Stage,1,12,Belgium,Saudi Arabia,BEL,KSA,USA,False,False,0,1,0,1,0,0,1,-1,Away Win,Normal,52959,RFK Stadium,Washington Dc,KRUG Hellmut (GER),4.0,4.0
1994,3083,337,1994-06-30,19:30,Thursday,6,Group D,Group Stage,1,14,Greece,Nigeria,GRE,NGA,USA,False,False,0,2,0,1,0,1,2,-2,Away Win,Normal,53001,Foxboro Stadium,Boston,MOTTRAM Leslie (SCO),4.0,5.0
1994,3084,337,1994-06-30,19:30,Thursday,6,Group D,Group Stage,1,14,Argentina,Bulgaria,ARG,BUL,USA,False,False,0,2,0,0,0,2,2,-2,Away Win,Normal,63998,Cotton Bowl,Dallas,JOUINI Neji (TUN),5.0,4.0
1994,3085,338,1994-07-02,12:00,Saturday,7,Round of 16,Round of 16,2,15,Germany,Belgium,GER,BEL,USA,False,False,3,2,3,1,0,1,5,1,Home Win,Normal,60246,Soldier Field,Chicago,ROETHLISBERGER Kurt (SUI),4.0,2.0
1994,3086,338,1994-07-02,16:30,Saturday,7,Round of 16,Round of 16,2,16,Spain,Switzerland,ESP,SUI,USA,False,False,3,0,1,0,2,0,3,3,Home Win,Normal,53121,RFK Stadium,Washington Dc,VAN DER ENDE Mario (NED),5.0,6.0
1994,3087,338,1994-07-03,12:00,Sunday,7,Round of 16,Round of 16,2,16,Saudi Arabia,Sweden,KSA,SWE,USA,False,False,1,3,0,1,1,2,4,-2,Away Win,Normal,60277,Cotton Bowl,Dallas,MARSIGLIA Renato (BRA),3.0,4.0
1994,3088,338,1994-07-03,13:30,Sunday,7,Round of 16,Round of 16,2,16,Romania,Argentina,ROU,ARG,USA,False,False,3,2,2,1,1,1,5,1,Home Win,Normal,90469,Rose Bowl,Los Angeles,PAIRETTO Pierluigi (ITA),6.0,2.0
1994,3089,338,1994-07-04,12:00,Monday,7,Round of 16,Round of 16,2,17,Netherlands,Ireland,NED,IRL,USA,False,False,2,0,2,0,0,0,2,2,Home Win,Normal,61355,Citrus Bowl,Orlando,MIKKELSEN Peter (DEN),4.0,5.0
1994,3090,338,1994-07-04,12:30,Monday,7,Round of 16,Round of 16,2,17,Brazil,USA,BRA,USA,USA,False,True,1,0,0,0,1,0,1,1,Home Win,Normal,84147,Stanford Stadium,San Francisco,QUINIOU Joel (FRA),5.0,7.0
1994,3091,338,1994-07-05,13:00,Tuesday,7,Round of 16,Round of 16,2,18,Nigeria,Italy,NGA,ITA,USA,False,False,1,2,0,0,1,2,3,-1,Away Win,Extra Time,54367,Foxboro Stadium,Boston,BRIZIO CARTER Arturo (MEX),4.0,7.0
1994,3092,338,1994-07-05,16:30,Tuesday,7,Round of 16,Round of 16,2,19,Mexico,Bulgaria,MEX,BUL,USA,False,False,1,1,0,0,1,1,2,0,Draw,Penalties,71030,Giants Stadium,New York/New Jersey,AL SHARIF Jamal (SYR),7.0,4.0
1994,3095,796,1994-07-10,12:30,Sunday,7,Quarter-finals,Quarter-finals,3,23,Romania,Sweden,ROU,SWE,USA,False,False,2,2,0,0,2,2,4,0,Draw,Penalties,83500,Stanford Stadium,San Francisco,DON Philip (ENG),6.0,7.0
1994,3096,796,1994-07-10,12:00,Sunday,7,Quarter-finals,Quarter-finals,3,23,Bulgaria,Germany,BUL,GER,USA,False,False,2,1,0,0,2,1,3,1,Home Win,Normal,72000,Giants Stadium,New York/New Jersey,TORRES CADENA Jose Joaquin (COL),4.0,8.0
1994,3097,796,1994-07-09,12:00,Saturday,7,Quarter-finals,Quarter-finals,3,22,Italy,Spain,ITA,ESP,USA,False,False,2,1,1,0,1,1,3,1,Home Win,Normal,53400,Foxboro Stadium,Boston,PUHL Sandor (HUN),3.0,6.0
1994,3098,796,1994-07-09,14:30,Saturday,7,Quarter-finals,Quarter-finals,3,22,Netherlands,Brazil,NED,BRA,USA,False,False,2,3,0,0,2,3,5,-1,Away Win,Normal,63500,Cotton Bowl,Dallas,BADILLA Rodrigo (CRC),5.0,5.0
1994,3099,3461,1994-07-13,16:30,Wednesday,7,Semi-finals,Semi-finals,4,27,Sweden,Brazil,SWE,BRA,USA,False,False,0,1,0,0,0,1,1,-1,Away Win,Normal,91856,Rose Bowl,Los Angeles,TORRES CADENA Jose Joaquin (COL),3.0,4.0
1994,3100,3461,1994-07-13,16:00,Wednesday,7,Semi-finals,Semi-finals,4,27,Bulgaria,Italy,BUL,ITA,USA,False,False,1,2,1,2,0,0,3,-1,Away Win,Normal,74110,Giants Stadium,New York/New Jersey,QUINIOU Joel (FRA),3.0,4.0
1994,3103,3460,1994-07-16,12:30,Saturday,7,Match for third place,Third Place,5,29,Sweden,Bulgaria,SWE,BUL,USA,False,False,4,0,4,0,0,0,4,4,Home Win,Normal,91500,Rose Bowl,Los Angeles,BUJSAIM Ali (UAE),2.0,2.0
1994,3104,3459,1994-07-17,12:30,Sunday,7,Final,Final,6,30,Brazil,Italy,BRA,ITA,USA,False,False,0,0,0,0,0,0,0,0,Draw,Penalties,94194,Rose Bowl,Los Angeles,PUHL Sandor (HUN),3.0,3.0
1998,4000,1014,1998-06-10,17:30,Wednesday,6,Group A,Group Stage,1,1,Brazil,Scotland,BRA,SCO,France,False,False,2,1,1,1,1,0,3,1,Home Win,Normal,80000,Stade de France,Saint-Denis,GARCIA ARANDA Jose Maria (ESP),,
1998,8725,1014,1998-06-10,21:00,Wednesday,6,Group A,Group Stage,1,1,Morocco,Norway,MAR,NOR,France,False,False,2,2,1,1,1,1,4,0,Draw,Normal,29800,La Mosson,Montpellier,ANPRASERT Pirom (THA),,
1998,8726,1014,1998-06-11,17:30,Thursday,6,Group B,Group Stage,1,2,Italy,Chile,ITA,CHI,France,False,False,2,2,1,1,1,1,4,0,Draw,Normal,31800,Stade du Parc Lescure,Bordeaux,BOUCHARDEAU Lucien (NIG),,
1998,8727,1014,1998-06-11,21:00,Thursday,6,Group B,Group Stage,1,2,Cameroon,Austria,CMR,AUT,France,False,False,1,1,0,0,1,1,2,0,Draw,Normal,33500,Stade Municipal,Toulouse,GONZALEZ CHAVEZ Epifanio (PAR),,
1998,8728,1014,1998-06-12,14:30,Friday,6,Group D,Group Stage,1,2,Paraguay,Bulgaria,PAR,BUL,France,False,False,0,0,0,0,0,0,0,0,Draw,Normal,29800,La Mosson,Montpellier,ALZEID Abdulrahman (KSA),,
1998,8729,1014,1998-06-12,17:30,Friday,6,Group C,Group Stage,1,3,Saudi Arabia,Denmark,KSA,DEN,France,False,False,0,1,0,0,0,1,1,-1,Away Win,Normal,38100,Stade Felix Bollaert,Lens,CASTRILLI Javier (ARG),,
1998,8730,1014,1998-06-12,21:00,Friday,6,Group C,Group Stage,1,3,France,South Africa,FRA,RSA,France,True,False,3,0,1,0,2,0,3,3,Home Win,Normal,55000,Stade Vlodrome,Marseilles,REZENDE Marcio (BRA),,
1998,8731,1014,1998-06-13,14:30,Saturday,6,Group D,Group Stage,1,3,Spain,Nigeria,ESP,NGA,France,False,False,2,3,1,1,1,2,5,-1,Away Win,Normal,35500,La Beaujoire,Nantes,BAHARMAST Esse (USA),,
1998,8732,1014,1998-06-13,17:30,Saturday,6,Group E,Group Stage,1,4,South Korea,Mexico,KOR,MEX,France,False,False,1,3,1,0,0,3,4,-2,Away Win,Normal,39100,Stade de Gerland,Lyon,BENKO Gunter (AUT),,
1998,8733,1014,1998-06-13,21:00,Saturday,6,Group E,Group Stage,1,4,Netherlands,Belgium,NED,BEL,France,False,False,0,0,0,0,0,0,0,0,Draw,Normal,77000,Stade de France,Saint-Denis,COLLINA Pierluigi (ITA),,
1998,8734,1014,1998-06-14,14:30,Sunday,6,Group H,Group Stage,1,4,Argentina,Japan,ARG,JPN,France,False,False,1,0,1,0,0,0,1,1,Home Win,Normal,33500,Stade Municipal,Toulouse,VAN DER ENDE Mario (NED),,
1998,8735,1014,1998-06-14,17:30,Sunday,6,Group F,Group Stage,1,5,Yugoslavia,Iran,YUG,IRN,France,False,False,1,0,0,0,1,0,1,1,Home Win,Normal,30600,Stade Geoffroy Guichard,Saint-Etienne,TEJADA NORIEGA Alberto (PER),,
1998,8736,1014,1998-06-14,21:00,Sunday,6,Group H,Group Stage,1,5,Jamaica,Croatia,JAM,CRO,France,False,False,1,3,1,1,0,2,4,-2,Away Win,Normal,38100,Stade Felix Bollaert,Lens,MELO PEREIRA Vitor (POR),,
1998,8738,1014,1998-06-15,21:00,Monday,6,Group F,Group Stage,1,6,Germany,USA,GER,USA,France,False,False,2,0,1,0,1,0,2,2,Home Win,Normal,45500,Parc des Princes,Paris,BELQOLA Said (MAR),,
1998,8739,1014,1998-06-15,17:30,Monday,6,Group G,Group Stage,1,6,Romania,Colombia,ROU,COL,France,False,False,1,0,1,0,0,0,1,1,Home Win,Normal,39100,Stade de Gerland,Lyon,LIM KEE CHONG An Yan (MRI),,
1998,8740,1014,1998-06-15,14:30,Monday,6,Group G,Group Stage,1,5,England,Tunisia,ENG,TUN,France,False,False,2,0,1,0,1,0,2,2,Home Win,Normal,55000,Stade Vlodrome,Marseilles,OKADA Masayoshi (JPN),,
1998,8741,1014,1998-06-16,17:30,Tuesday,6,Group A,Group Stage,1,7,Scotland,Norway,SCO,NOR,France,False,False,1,1,0,0,1,1,2,0,Draw,Normal,31800,Stade du Parc Lescure,Bordeaux,VAGNER Laszlo (HUN),6.0,5.0
1998,8742,1014,1998-06-16,21:00,Tuesday,6,Group A,Group Stage,1,7,Brazil,Morocco,BRA,MAR,France,False,False,3,0,2,0,1,0,3,3,Home Win,Normal,35500,La Beaujoire,Nantes,LEVNIKOV Nikolai (RUS),6.0,6.0
1998,8743,1014,1998-06-17,17:30,Wednesday,6,Group B,Group Stage,1,8,Chile,Austria,CHI,AUT,France,False,False,1,1,0,0,1,1,2,0,Draw,Normal,30600,Stade Geoffroy Guichard,Saint-Etienne,EL GHANDOUR Gamal (EGY),6.0,5.0
1998,8744,1014,1998-06-17,21:00,Wednesday,6,Group B,Group Stage,1,8,Italy,Cameroon,ITA,CMR,France,False,False,3,0,1,0,2,0,3,3,Home Win,Normal,29800,La Mosson,Montpellier,LENNIE Edward (AUS),6.0,6.0
1998,8745,1014,1998-06-18,21:00,Thursday,6,Group C,Group Stage,1,9,France,Saudi Arabia,FRA,KSA,France,True,False,4,0,1,0,3,0,4,4,Home Win,Normal,80000,Stade de France,Saint-Denis,BRIZIO CARTER Arturo (MEX),6.0,6.0
1998,8746,1014,1998-06-18,17:30,Thursday,6,Group C,Group Stage,1,9,South Africa,Denmark,RSA,DEN,France,False,False,1,1,0,1,1,0,2,0,Draw,Normal,33500,Stade Municipal,Toulouse,TORO RENDON John (COL),5.0,6.0
1998,8747,1014,1998-06-19,17:30,Friday,6,Group D,Group Stage,1,10,Nigeria,Bulgaria,NGA,BUL,France,False,False,1,0,1,0,0,0,1,1,Home Win,Normal,45500,Parc des Princes,Paris,SANCHEZ YANTEN Mario (CHI),6.0,7.0
1998,8748,1014,1998-06-19,21:00,Friday,6,Group D,Group Stage,1,10,Spain,Paraguay,ESP,PAR,France,False,False,0,0,0,0,0,0,0,0,Draw,Normal,30600,Stade Geoffroy Guichard,Saint-Etienne,McLEOD Ian (RSA),6.0,7.0
1998,8749,1014,1998-06-20,21:00,Saturday,6,Group E,Group Stage,1,11,Netherlands,South Korea,NED,KOR,France,False,False,5,0,2,0,3,0,5,5,Home Win,Normal,55000,Stade Vlodrome,Marseilles,WOJCIK Ryszard (POL),7.0,7.0
1998,8750,1014,1998-06-20,17:30,Saturday,6,Group E,Group Stage,1,11,Belgium,Mexico,BEL,MEX,France,False,False,2,2,1,0,1,2,4,0,Draw,Normal,31800,Stade du Parc Lescure,Bordeaux,DALLAS Hugh (SCO),6.0,7.0
1998,8751,1014,1998-06-20,14:30,Saturday,6,Group H,Group Stage,1,10,Japan,Croatia,JPN,CRO,France,False,False,0,1,0,0,0,1,1,-1,Away Win,Normal,35500,La Beaujoire,Nantes,RAMDHAN Ramesh (TRI),6.0,5.0
1998,8752,1014,1998-06-21,17:30,Sunday,6,Group H,Group Stage,1,12,Argentina,Jamaica,ARG,JAM,France,False,False,5,0,1,0,4,0,5,5,Home Win,Normal,45500,Parc des Princes,Paris,PEDERSEN Rune (NOR),7.0,6.0
1998,8753,1014,1998-06-21,14:30,Sunday,6,Group F,Group Stage,1,11,Germany,Yugoslavia,GER,YUG,France,False,False,2,2,0,1,2,1,4,0,Draw,Normal,38100,Stade Felix Bollaert,Lens,NIELSEN Kim Milton (DEN),5.0,6.0
1998,8754,1014,1998-06-21,21:00,Sunday,6,Group F,Group Stage,1,12,USA,Iran,USA,IRN,France,False,False,1,2,0,1,1,1,3,-1,Away Win,Normal,39100,Stade de Gerland,Lyon,MEIER Urs (SUI),6.0,7.0
1998,8755,1014,1998-06-22,17:30,Monday,6,Group G,Group Stage,1,13,Colombia,Tunisia,COL,TUN,France,False,False,1,0,0,0,1,0,1,1,Home Win,Normal,29800,La Mosson,Montpellier,HEYNEMANN Bernd (GER),7.0,7.0
1998,8756,1014,1998-06-22,21:00,Monday,6,Group G,Group Stage,1,13,Romania,England,ROU,ENG,France,False,False,2,1,0,0,2,1,3,1,Home Win,Normal,33500,Stade Municipal,Toulouse,BATTA Marc (FRA),7.0,7.0
1998,8757,1014,1998-06-23,16:00,Tuesday,6,Group B,Group Stage,1,13,Italy,Austria,ITA,AUT,France,False,False,2,1,0,0,2,1,3,1,Home Win,Normal,80000,Stade de France,Saint-Denis,DURKIN Paul (ENG),5.0,5.0
1998,8758,1014,1998-06-23,21:00,Tuesday,6,Group A,Group Stage,1,14,Scotland,Morocco,SCO,MAR,France,False,False,0,3,0,1,0,2,3,-3,Away Win,Normal,30600,Stade Geoffroy Guichard,Saint-Etienne,BUJSAIM Ali (UAE),7.0,7.0
1998,8759,1014,1998-06-23,21:00,Tuesday,6,Group A,Group Stage,1,14,Brazil,Norway,BRA,NOR,France,False,False,1,2,0,0,1,2,3,-1,Away Win,Normal,55000,Stade Vlodrome,Marseilles,BAHARMAST Esse (USA),7.0,7.0
1998,8760,1014,1998-06-23,16:00,Tuesday,6,Group B,Group Stage,1,13,Chile,Cameroon,CHI,CMR,France,False,False,1,1,1,0,0,1,2,0,Draw,Normal,35500,La Beaujoire,Nantes,VAGNER Laszlo (HUN),5.0,5.0
1998,8761,1014,1998-06-24,21:00,Wednesday,6,Group D,Group Stage,1,15,Spain,Bulgaria,ESP,BUL,France,False,False,6,1,2,0,4,1,7,5,Home Win,Normal,38100,Stade Felix Bollaert,Lens,VAN DER ENDE Mario (NED),5.0,5.0
1998,8762,1014,1998-06-24,16:00,Wednesday,6,Group C,Group Stage,1,14,France,Denmark,FRA,DEN,France,True,False,2,1,1,1,1,0,3,1,Home Win,Normal,39100,Stade de Gerland,Lyon,COLLINA Pierluigi (ITA),5.0,5.0
1998,8763,1014,1998-06-24,21:00,Wednesday,6,Group D,Group Stage,1,15,Nigeria,Paraguay,NGA,PAR,France,False,False,1,3,1,1,0,2,4,-2,Away Win,Normal,33500,Stade Municipal,Toulouse,ANPRASERT Pirom (THA),5.0,5.0
1998,8764,1014,1998-06-24,16:00,Wednesday,6,Group C,Group Stage,1,14,South Africa,Saudi Arabia,RSA,KSA,France,False,False,2,2,1,1,1,1,4,0,Draw,Normal,31800,Stade du Parc Lescure,Bordeaux,SANCHEZ YANTEN Mario (CHI),5.0,5.0
1998,8765,1014,1998-06-25,16:00,Thursday,6,Group E,Group Stage,1,15,Belgium,South Korea,BEL,KOR,France,False,False,1,1,1,0,0,1,2,0,Draw,Normal,45500,Parc des Princes,Paris,REZENDE Marcio (BRA),4.0,4.0
1998,8766,1014,1998-06-25,16:00,Thursday,6,Group E,Group Stage,1,15,Netherlands,Mexico,NED,MEX,France,False,False,2,2,2,0,0,2,4,0,Draw,Normal,30600,Stade Geoffroy Guichard,Saint-Etienne,ALZEID Abdulrahman (KSA),4.0,4.0
1998,8767,1014,1998-06-25,21:00,Thursday,6,Group F,Group Stage,1,16,Germany,Iran,GER,IRN,France,False,False,2,0,0,0,2,0,2,2,Home Win,Normal,29800,La Mosson,Montpellier,GONZALEZ CHAVEZ Epifanio (PAR),4.0,4.0
1998,8768,1014,1998-06-25,21:00,Thursday,6,Group F,Group Stage,1,16,USA,Yugoslavia,USA,YUG,France,False,False,0,1,0,1,0,0,1,-1,Away Win,Normal,35500,La Beaujoire,Nantes,EL GHANDOUR Gamal (EGY),4.0,4.0
1998,8769,1014,1998-06-26,21:00,Friday,6,Group G,Group Stage,1,17,Romania,Tunisia,ROU,TUN,France,False,False,1,1,0,1,1,0,2,0,Draw,Normal,77000,Stade de France,Saint-Denis,LENNIE Edward (AUS),4.0,4.0
1998,8770,1014,1998-06-26,21:00,Friday,6,Group G,Group Stage,1,17,Colombia,England,COL,ENG,France,False,False,0,2,0,2,0,0,2,-2,Away Win,Normal,38100,Stade Felix Bollaert,Lens,BRIZIO CARTER Arturo (MEX),4.0,4.0
1998,8771,1014,1998-06-26,16:00,Friday,6,Group H,Group Stage,1,16,Japan,Jamaica,JPN,JAM,France,False,False,1,2,0,1,1,1,3,-1,Away Win,Normal,39100,Stade de Gerland,Lyon,BENKO Gunter (AUT),6.0,4.0
1998,8772,1014,1998-06-26,16:00,Friday,6,Group H,Group Stage,1,16,Argentina,Croatia,ARG,CRO,France,False,False,1,0,1,0,0,0,1,1,Home Win,Normal,31800,Stade du Parc Lescure,Bordeaux,BELQOLA Said (MAR),4.0,6.0
1998,8773,1024,1998-06-27,21:00,Saturday,6,Round of 16,Round of 16,2,18,Brazil,Chile,BRA,CHI,France,False,False,4,1,3,0,1,1,5,3,Home Win,Normal,45500,Parc des Princes,Paris,BATTA Marc (FRA),4.0,4.0
1998,8774,1024,1998-06-27,16:30,Saturday,6,Round of 16,Round of 16,2,17,Italy,Norway,ITA,NOR,France,False,False,1,0,1,0,0,0,1,1,Home Win,Normal,55000,Stade Vlodrome,Marseilles,HEYNEMANN Bernd (GER),4.0,3.0
1998,8775,1024,1998-06-28,21:00,Sunday,6,Round of 16,Round of 16,2,19,Nigeria,Denmark,NGA,DEN,France,False,False,1,4,0,2,1,2,5,-3,Away Win,Normal,77000,Stade de France,Saint-Denis,MEIER Urs (SUI),4.0,4.0
1998,8776,1024,1998-06-28,16:30,Sunday,6,Round of 16,Round of 16,2,18,France,Paraguay,FRA,PAR,France,True,False,1,0,0,0,1,0,1,1,Home Win,Extra Time,31800,Stade Felix Bollaert,Lens,BUJSAIM Ali (UAE),4.0,3.0
1998,8777,1024,1998-06-29,16:30,Monday,6,Round of 16,Round of 16,2,19,Germany,Mexico,GER,MEX,France,False,False,2,1,0,0,2,1,3,1,Home Win,Normal,29800,La Mosson,Montpellier,MELO PEREIRA Vitor (POR),3.0,4.0
1998,8778,1024,1998-06-29,21:00,Monday,6,Round of 16,Round of 16,2,20,Netherlands,Yugoslavia,NED,YUG,France,False,False,2,1,1,0,1,1,3,1,Home Win,Normal,33500,Stade Municipal,Toulouse,GARCIA ARANDA Jose Maria (ESP),4.0,4.0
1998,8779,1024,1998-06-30,21:00,Tuesday,6,Round of 16,Round of 16,2,21,Argentina,England,ARG,ENG,France,False,False,2,2,0,0,2,2,4,0,Draw,Penalties,30600,Stade Geoffroy Guichard,Saint-Etienne,NIELSEN Kim Milton (DEN),4.0,4.0
1998,8780,1024,1998-06-30,16:30,Tuesday,6,Round of 16,Round of 16,2,20,Romania,Croatia,ROU,CRO,France,False,False,0,1,0,1,0,0,1,-1,Away Win,Normal,31800,Stade du Parc Lescure,Bordeaux,CASTRILLI Javier (ARG),3.0,4.0
1998,8781,1025,1998-07-03,16:30,Friday,7,Quarter-finals,Quarter-finals,3,23,Italy,France,ITA,FRA,France,False,True,0,0,0,0,0,0,0,0,Draw,Penalties,77000,Stade de France,Saint-Denis,DALLAS Hugh (SCO),6.0,5.0
1998,8782,1025,1998-07-03,21:00,Friday,7,Quarter-finals,Quarter-finals,3,24,Brazil,Denmark,BRA,DEN,France,False,False,3,2,2,1,1,1,5,1,Home Win,Normal,35500,La Beaujoire,Nantes,EL GHANDOUR Gamal (EGY),6.0,5.0
1998,8783,1025,1998-07-04,21:00,Saturday,7,Quarter-finals,Quarter-finals,3,25,Germany,Croatia,GER,CRO,France,False,False,0,3,0,1,0,2,3,-3,Away Win,Normal,39100,Stade de Gerland,Lyon,PEDERSEN Rune (NOR),5.0,4.0
1998,8784,1025,1998-07-04,16:30,Saturday,7,Quarter-finals,Quarter-finals,3,24,Netherlands,Argentina,NED,ARG,France,False,False,2,1,1,1,1,0,3,1,Home Win,Normal,55000,Stade Vlodrome,Marseilles,BRIZIO CARTER Arturo (MEX),4.0,3.0
1998,8785,1026,1998-07-07,21:00,Tuesday,7,Semi-finals,Semi-finals,4,28,Brazil,Netherlands,BRA,NED,France,False,False,1,1,0,0,1,1,2,0,Draw,Penalties,54000,Stade Vlodrome,Marseilles,BUJSAIM Ali (UAE),4.0,3.0
1998,8786,1026,1998-07-08,21:00,Wednesday,7,Semi-finals,Semi-finals,4,29,France,Croatia,FRA,CRO,France,True,False,2,1,0,0,2,1,3,1,Home Win,Normal,76000,Stade de France,Saint-Denis,GARCIA ARANDA Jose Maria (ESP),5.0,4.0
1998,8787,1028,1998-07-11,21:00,Saturday,7,Match for third place,Third Place,5,32,Netherlands,Croatia,NED,CRO,France,False,False,1,2,1,2,0,0,3,-1,Away Win,Normal,45500,Parc des Princes,Paris,GONZALEZ CHAVEZ Epifanio (PAR),4.0,3.0
1998,8788,1027,1998-07-12,21:00,Sunday,7,Final,Final,6,33,Brazil,France,BRA,FRA,France,False,True,0,3,0,2,0,1,3,-3,Away Win,Normal,80000,Stade de France,Saint-Denis,BELQOLA Said (MAR),5.0,4.0
2002,43950001,43950100,2002-05-31,20:30,Friday,5,Group A,Group Stage,1,1,France,Senegal,FRA,SEN,Korea/Japan,False,False,0,1,0,1,0,0,1,-1,Away Win,Normal,62561,Seoul World Cup Stadium,Seoul,BUJSAIM Ali (UAE),,
2002,43950002,43950100,2002-06-01,15:30,Saturday,6,Group E,Group Stage,1,1,Ireland,Cameroon,IRL,CMR,Korea/Japan,False,False,1,1,0,1,1,0,2,0,Draw,Normal,33679,Niigata Stadium Big Swan,Niigata,KAMIKAWA Toru (JPN),,
2002,43950003,43950100,2002-06-01,18:00,Saturday,6,Group A,Group Stage,1,1,Uruguay,Denmark,URU,DEN,Korea/Japan,False,False,1,2,0,1,1,1,3,-1,Away Win,Normal,30157,Munsu Football Stadium,Ulsan,MANE Saad (KUW),,
2002,43950004,43950100,2002-06-01,20:30,Saturday,6,Group E,Group Stage,1,2,Germany,Saudi Arabia,GER,KSA,Korea/Japan,False,False,8,0,4,0,4,0,8,8,Home Win,Normal,32218,Sapporo Dome,Sapporo,AQUINO Ubaldo (PAR),,
2002,43950005,43950100,2002-06-02,18:30,Sunday,6,Group F,Group Stage,1,2,England,Sweden,ENG,SWE,Korea/Japan,False,False,1,1,1,0,0,1,2,0,Draw,Normal,52721,Saitama Stadium 2002,Saitama,SIMON Carlos (BRA),,
2002,43950006,43950100,2002-06-02,16:30,Sunday,6,Group B,Group Stage,1,2,Paraguay,South Africa,PAR,RSA,Korea/Japan,False,False,2,2,1,0,1,2,4,0,Draw,Normal,25186,Busan Asiad Main Stadium,Busan,MICHEL Lubos (SVK),,
2002,43950007,43950100,2002-06-02,14:30,Sunday,6,Group F,Group Stage,1,2,Argentina,Nigeria,ARG,NGA,Korea/Japan,False,False,1,0,0,0,1,0,1,1,Home Win,Normal,34050,Kashima Stadium,Ibaraki,VEISSIERE Gilles (FRA),,
2002,43950008,43950100,2002-06-02,20:30,Sunday,6,Group B,Group Stage,1,3,Spain,Slovenia,ESP,SVN,Korea/Japan,False,False,3,1,1,0,2,1,4,2,Home Win,Normal,28598,Gwangju World Cup Stadium,Gwangju,GUEZZAZ Mohammed (MAR),,
2002,43950009,43950100,2002-06-03,15:30,Monday,6,Group G,Group Stage,1,3,Croatia,Mexico,CRO,MEX,Korea/Japan,False,False,0,1,0,0,0,1,1,-1,Away Win,Normal,32239,Niigata Stadium Big Swan,Niigata,JUN Lu (CHN),,
2002,43950010,43950100,2002-06-03,18:00,Monday,6,Group C,Group Stage,1,3,Brazil,Turkey,BRA,TUR,Korea/Japan,False,False,2,1,0,1,2,0,3,1,Home Win,Normal,33842,Munsu Football Stadium,Ulsan,KIM Young Joo (KOR),,
2002,43950011,43950100,2002-06-03,20:30,Monday,6,Group G,Group Stage,1,4,Italy,Ecuador,ITA,ECU,Korea/Japan,False,False,2,0,2,0,0,0,2,2,Home Win,Normal,31081,Sapporo Dome,Sapporo,HALL Brian (USA),,
2002,43950012,43950100,2002-06-04,15:30,Tuesday,6,Group C,Group Stage,1,4,China PR,Costa Rica,CHN,CRC,Korea/Japan,False,False,0,2,0,0,0,2,2,-2,Away Win,Normal,27217,Gwangju World Cup Stadium,Gwangju,VASSARAS Kyros (GRE),,
2002,43950013,43950100,2002-06-04,18:00,Tuesday,6,Group H,Group Stage,1,4,Japan,Belgium,JPN,BEL,Korea/Japan,False,False,2,2,0,0,2,2,4,0,Draw,Normal,55256,Saitama Stadium 2002,Saitama,MATTUS William (CRC),,
2002,43950014,43950100,2002-06-04,20:30,Tuesday,6,Group D,Group Stage,1,5,South Korea,Poland,KOR,POL,Korea/Japan,False,False,2,0,1,0,1,0,2,2,Home Win,Normal,48760,Busan Asiad Main Stadium,Busan,RUIZ Oscar (COL),,
2002,43950015,43950100,2002-06-05,15:30,Wednesday,6,Group H,Group Stage,1,5,Russia,Tunisia,RUS,TUN,Korea/Japan,False,False,2,0,0,0,2,0,2,2,Home Win,Normal,30957,Kobe Wing Stadium,Kobe,PRENDERGAST Peter (JAM),,
2002,43950016,43950100,2002-06-05,18:00,Wednesday,6,Group D,Group Stage,1,5,USA,Portugal,USA,POR,Korea/Japan,False,False,3,2,3,1,0,1,5,1,Home Win,Normal,37306,Suwon World Cup Stadium,Suwon,MORENO Byron (ECU),,
2002,43950017,43950100,2002-06-05,20:30,Wednesday,6,Group E,Group Stage,1,6,Germany,Ireland,GER,IRL,Korea/Japan,False,False,1,1,1,0,0,1,2,0,Draw,Normal,35854,Kashima Stadium,Ibaraki,NIELSEN Kim Milton (DEN),4.0,4.0
2002,43950018,43950100,2002-06-06,20:30,Thursday,6,Group A,Group Stage,1,7,France,Uruguay,FRA,URU,Korea/Japan,False,False,0,0,0,0,0,0,0,0,Draw,Normal,38289,Busan Asiad Main Stadium,Busan,RAMOS RIZO Felipe (MEX),6.0,5.0
2002,43950019,43950100,2002-06-06,18:00,Thursday,6,Group E,Group Stage,1,6,Cameroon,Saudi Arabia,CMR,KSA,Korea/Japan,False,False,1,0,0,0,1,0,1,1,Home Win,Normal,52328,Saitama Stadium 2002,Saitama,HAUGE Terje (NOR),5.0,4.0
2002,43950020,43950100,2002-06-06,15:30,Thursday,6,Group A,Group Stage,1,6,Denmark,Senegal,DEN,SEN,Korea/Japan,False,False,1,1,1,0,0,1,2,0,Draw,Normal,43500,Daegu World Cup Stadium,Daegu,BATRES Carlos (GUA),4.0,5.0
2002,43950021,43950100,2002-06-07,15:30,Friday,6,Group F,Group Stage,1,7,Sweden,Nigeria,SWE,NGA,Korea/Japan,False,False,2,1,1,1,1,0,3,1,Home Win,Normal,36194,Kobe Wing Stadium,Kobe,ORTUBE Rene (BOL),4.0,5.0
2002,43950022,43950100,2002-06-07,18:00,Friday,6,Group B,Group Stage,1,7,Spain,Paraguay,ESP,PAR,Korea/Japan,False,False,3,1,0,1,3,0,4,2,Home Win,Normal,24000,Jeonju World Cup Stadium,Jeonju,EL GHANDOUR Gamal (EGY),4.0,5.0
2002,43950023,43950100,2002-06-07,20:30,Friday,6,Group F,Group Stage,1,8,Argentina,England,ARG,ENG,Korea/Japan,False,False,0,1,0,1,0,0,1,-1,Away Win,Normal,35927,Sapporo Dome,Sapporo,COLLINA Pierluigi (ITA),5.0,5.0
2002,43950024,43950100,2002-06-08,15:30,Saturday,6,Group B,Group Stage,1,8,South Africa,Slovenia,RSA,SVN,Korea/Japan,False,False,1,0,1,0,0,0,1,1,Home Win,Normal,47226,Daegu World Cup Stadium,Daegu,SANCHEZ Angel (ARG),5.0,5.0
2002,43950025,43950100,2002-06-08,18:00,Saturday,6,Group G,Group Stage,1,8,Italy,Croatia,ITA,CRO,Korea/Japan,False,False,1,2,0,0,1,2,3,-1,Away Win,Normal,36472,Kashima Stadium,Ibaraki,POLL Graham (ENG),4.0,5.0
2002,43950026,43950100,2002-06-08,20:30,Saturday,6,Group C,Group Stage,1,9,Brazil,China PR,BRA,CHN,Korea/Japan,False,False,4,0,3,0,1,0,4,4,Home Win,Normal,36750,Jeju World Cup Stadium,Jeju,FRISK Anders (SWE),5.0,4.0
2002,43950027,43950100,2002-06-09,15:30,Sunday,6,Group G,Group Stage,1,9,Mexico,Ecuador,MEX,ECU,Korea/Japan,False,False,2,1,1,1,1,0,3,1,Home Win,Normal,45610,Miyagi Stadium,Rifu,DAAMI Mourad (TUN),6.0,5.0
2002,43950028,43950100,2002-06-09,18:00,Sunday,6,Group C,Group Stage,1,9,Costa Rica,Turkey,CRC,TUR,Korea/Japan,False,False,1,1,0,0,1,1,2,0,Draw,Normal,42299,Incheon Football Stadium,Incheon,CODJIA Coffi (BEN),5.0,6.0
2002,43950029,43950100,2002-06-09,20:30,Sunday,6,Group H,Group Stage,1,10,Japan,Russia,JPN,RUS,Korea/Japan,False,False,1,0,0,0,1,0,1,1,Home Win,Normal,66108,International Stadium Yokohama,Yokohama,MERK Markus (GER),5.0,4.0
2002,43950030,43950100,2002-06-10,15:30,Monday,6,Group D,Group Stage,1,10,South Korea,USA,KOR,USA,Korea/Japan,False,False,1,1,0,1,1,0,2,0,Draw,Normal,60778,Daegu World Cup Stadium,Daegu,MEIER Urs (SUI),5.0,4.0
2002,43950031,43950100,2002-06-10,18:00,Monday,6,Group H,Group Stage,1,10,Tunisia,Belgium,TUN,BEL,Korea/Japan,False,False,1,1,1,1,0,0,2,0,Draw,Normal,39700,Oita Stadium Big Eye,Oita,SHIELD Mark (AUS),5.0,6.0
2002,43950032,43950100,2002-06-10,20:30,Monday,6,Group D,Group Stage,1,11,Portugal,Poland,POR,POL,Korea/Japan,False,False,4,0,1,0,3,0,4,4,Home Win,Normal,31000,Jeonju World Cup Stadium,Jeonju,DALLAS Hugh (SCO),5.0,6.0
2002,43950033,43950100,2002-06-11,15:30,Tuesday,6,Group A,Group Stage,1,11,Denmark,France,DEN,FRA,Korea/Japan,False,False,2,0,1,0,1,0,2,2,Home Win,Normal,48100,Incheon Football Stadium,Incheon,MELO PEREIRA Vitor (POR),5.0,4.0
2002,43950034,43950100,2002-06-11,15:30,Tuesday,6,Group A,Group Stage,1,11,Senegal,Uruguay,SEN,URU,Korea/Japan,False,False,3,3,3,0,0,3,6,0,Draw,Normal,33681,Suwon World Cup Stadium,Suwon,WEGEREEF Jan (NED),5.0,4.0
2002,43950035,43950100,2002-06-11,20:30,Tuesday,6,Group E,Group Stage,1,12,Cameroon,Germany,CMR,GER,Korea/Japan,False,False,0,2,0,0,0,2,2,-2,Away Win,Normal,47085,Shizuoka Stadium Ecopa,Shizuoka,LOPEZ NIETO Antonio (ESP),5.0,6.0
2002,43950036,43950100,2002-06-11,20:30,Tuesday,6,Group E,Group Stage,1,12,Saudi Arabia,Ireland,KSA,IRL,Korea/Japan,False,False,0,3,0,1,0,2,3,-3,Away Win,Normal,65320,International Stadium Yokohama,Yokohama,NDOYE Falla (SEN),5.0,6.0
2002,43950037,43950100,2002-06-12,15:30,Wednesday,6,Group F,Group Stage,1,12,Sweden,Argentina,SWE,ARG,Korea/Japan,False,False,1,1,0,0,1,1,2,0,Draw,Normal,45777,Miyagi Stadium,Rifu,BUJSAIM Ali (UAE),5.0,4.0
2002,43950038,43950100,2002-06-12,15:30,Wednesday,6,Group F,Group Stage,1,12,Nigeria,England,NGA,ENG,Korea/Japan,False,False,0,0,0,0,0,0,0,0,Draw,Normal,44864,Osaka Nagai Stadium,Osaka,HALL Brian (USA),5.0,4.0
2002,43950039,43950100,2002-06-12,20:30,Wednesday,6,Group B,Group Stage,1,13,South Africa,Spain,RSA,ESP,Korea/Japan,False,False,2,3,1,2,1,1,5,-1,Away Win,Normal,31024,Daejeon World Cup Stadium,Daejeon,MANE Saad (KUW),4.0,5.0
2002,43950040,43950100,2002-06-12,20:30,Wednesday,6,Group B,Group Stage,1,13,Slovenia,Paraguay,SVN,PAR,Korea/Japan,False,False,1,3,1,0,0,3,4,-2,Away Win,Normal,30176,Jeju World Cup Stadium,Jeju,RAMOS RIZO Felipe (MEX),4.0,5.0
2002,43950041,43950100,2002-06-13,15:30,Thursday,6,Group C,Group Stage,1,13,Costa Rica,Brazil,CRC,BRA,Korea/Japan,False,False,2,5,1,3,1,2,7,-3,Away Win,Normal,38524,Suwon World Cup Stadium,Suwon,EL GHANDOUR Gamal (EGY),3.0,4.0
2002,43950042,43950100,2002-06-13,15:30,Thursday,6,Group C,Group Stage,1,13,Turkey,China PR,TUR,CHN,Korea/Japan,False,False,3,0,2,0,1,0,3,3,Home Win,Normal,43605,Seoul World Cup Stadium,Seoul,RUIZ Oscar (COL),3.0,4.0
2002,43950043,43950100,2002-06-13,20:30,Thursday,6,Group G,Group Stage,1,14,Mexico,Italy,MEX,ITA,Korea/Japan,False,False,1,1,1,0,0,1,2,0,Draw,Normal,39291,Oita Stadium Big Eye,Oita,SIMON Carlos (BRA),4.0,5.0
2002,43950044,43950100,2002-06-13,20:30,Thursday,6,Group G,Group Stage,1,14,Ecuador,Croatia,ECU,CRO,Korea/Japan,False,False,1,0,0,0,1,0,1,1,Home Win,Normal,65862,International Stadium Yokohama,Yokohama,MATTUS William (CRC),4.0,5.0
2002,43950045,43950100,2002-06-14,15:30,Friday,6,Group H,Group Stage,1,14,Tunisia,Japan,TUN,JPN,Korea/Japan,False,False,0,2,0,0,0,2,2,-2,Away Win,Normal,45213,Osaka Nagai Stadium,Osaka,VEISSIERE Gilles (FRA),3.0,4.0
2002,43950046,43950100,2002-06-14,15:30,Friday,6,Group H,Group Stage,1,14,Belgium,Russia,BEL,RUS,Korea/Japan,False,False,3,2,1,0,2,2,5,1,Home Win,Normal,46640,Shizuoka Stadium Ecopa,Shizuoka,NIELSEN Kim Milton (DEN),3.0,4.0
2002,43950047,43950100,2002-06-14,20:30,Friday,6,Group D,Group Stage,1,15,Portugal,South Korea,POR,KOR,Korea/Japan,False,False,0,1,0,0,0,1,1,-1,Away Win,Normal,50239,Incheon Football Stadium,Incheon,SANCHEZ Angel (ARG),4.0,4.0
2002,43950048,43950100,2002-06-14,20:30,Friday,6,Group D,Group Stage,1,15,Poland,USA,POL,USA,Korea/Japan,False,False,3,1,2,0,1,1,4,2,Home Win,Normal,26482,Daejeon World Cup Stadium,Daejeon,LU Jun (CHN),4.0,4.0
2002,43950049,43950200,2002-06-15,15:30,Saturday,6,Round of 16,Round of 16,2,15,Germany,Paraguay,GER,PAR,Korea/Japan,False,False,1,0,0,0,1,0,1,1,Home Win,Normal,25176,Jeju World Cup Stadium,Jeju,BATRES Carlos (GUA),3.0,2.0
2002,43950050,43950200,2002-06-15,20:30,Saturday,6,Round of 16,Round of 16,2,16,Denmark,England,DEN,ENG,Korea/Japan,False,False,0,3,0,3,0,0,3,-3,Away Win,Normal,40582,Niigata Stadium Big Swan,Niigata,MERK Markus (GER),4.0,3.0
2002,43950051,43950200,2002-06-16,15:30,Sunday,6,Round of 16,Round of 16,2,16,Sweden,Senegal,SWE,SEN,Korea/Japan,False,False,1,2,0,0,1,2,3,-1,Away Win,Normal,39747,Oita Stadium Big Eye,Oita,AQUINO Ubaldo (PAR),4.0,5.0
2002,43950052,43950200,2002-06-16,20:30,Sunday,6,Round of 16,Round of 16,2,17,Spain,Ireland,ESP,IRL,Korea/Japan,False,False,1,1,0,0,1,1,2,0,Draw,Penalties,38926,Suwon World Cup Stadium,Suwon,FRISK Anders (SWE),4.0,5.0
2002,43950053,43950200,2002-06-17,15:30,Monday,6,Round of 16,Round of 16,2,17,Mexico,USA,MEX,USA,Korea/Japan,False,False,0,2,0,1,0,1,2,-2,Away Win,Normal,36380,Jeonju World Cup Stadium,Jeonju,MELO PEREIRA Vitor (POR),3.0,2.0
2002,43950054,43950200,2002-06-17,20:30,Monday,6,Round of 16,Round of 16,2,18,Brazil,Belgium,BRA,BEL,Korea/Japan,False,False,2,0,0,0,2,0,2,2,Home Win,Normal,40440,Kobe Wing Stadium,Kobe,PRENDERGAST Peter (JAM),4.0,3.0
2002,43950055,43950200,2002-06-18,15:30,Tuesday,6,Round of 16,Round of 16,2,18,Japan,Turkey,JPN,TUR,Korea/Japan,False,False,0,1,0,1,0,0,1,-1,Away Win,Normal,45666,Miyagi Stadium,Rifu,COLLINA Pierluigi (ITA),4.0,5.0
2002,43950056,43950200,2002-06-18,20:30,Tuesday,6,Round of 16,Round of 16,2,19,South Korea,Italy,KOR,ITA,Korea/Japan,False,False,2,1,0,0,2,1,3,1,Home Win,Normal,38588,Daejeon World Cup Stadium,Daejeon,MORENO Byron (ECU),4.0,5.0
2002,43950057,43950300,2002-06-21,15:30,Friday,6,Quarter-finals,Quarter-finals,3,21,England,Brazil,ENG,BRA,Korea/Japan,False,False,1,2,1,1,0,1,3,-1,Away Win,Normal,47436,Shizuoka Stadium Ecopa,Shizuoka,RAMOS RIZO Felipe (MEX),5.0,3.0
2002,43950058,43950300,2002-06-21,20:30,Friday,6,Quarter-finals,Quarter-finals,3,22,Germany,USA,GER,USA,Korea/Japan,False,False,1,0,1,0,0,0,1,1,Home Win,Normal,37337,Munsu Football Stadium,Ulsan,DALLAS Hugh (SCO),6.0,4.0
2002,43950059,43950300,2002-06-22,15:30,Saturday,6,Quarter-finals,Quarter-finals,3,22,Spain,South Korea,ESP,KOR,Korea/Japan,False,False,0,0,0,0,0,0,0,0,Draw,Penalties,42114,Gwangju World Cup Stadium,Gwangju,EL GHANDOUR Gamal (EGY),5.0,3.0
2002,43950060,43950300,2002-06-22,20:30,Saturday,6,Quarter-finals,Quarter-finals,3,23,Senegal,Turkey,SEN,TUR,Korea/Japan,False,False,0,1,0,0,0,1,1,-1,Away Win,Normal,44233,Osaka Nagai Stadium,Osaka,RUIZ Oscar (COL),6.0,4.0
2002,43950061,43950400,2002-06-25,20:30,Tuesday,6,Semi-finals,Semi-finals,4,26,Germany,South Korea,GER,KOR,Korea/Japan,False,False,1,0,0,0,1,0,1,1,Home Win,Normal,65256,Seoul World Cup Stadium,Seoul,MEIER Urs (SUI),4.0,3.0
2002,43950062,43950400,2002-06-26,20:30,Wednesday,6,Semi-finals,Semi-finals,4,27,Brazil,Turkey,BRA,TUR,Korea/Japan,False,False,1,0,0,0,1,0,1,1,Home Win,Normal,61058,Saitama Stadium 2002,Saitama,NIELSEN Kim Milton (DEN),5.0,4.0
2002,43950063,43950500,2002-06-29,20:00,Saturday,6,Third place,Third Place,5,29,South Korea,Turkey,KOR,TUR,Korea/Japan,False,False,2,3,1,3,1,0,5,-1,Away Win,Normal,63483,Daegu World Cup Stadium,Daegu,MANE Saad (KUW),3.0,2.0
2002,43950064,43950600,2002-06-30,20:00,Sunday,6,Final,Final,6,30,Germany,Brazil,GER,BRA,Korea/Japan,False,False,0,2,0,0,0,2,2,-2,Away Win,Normal,69029,International Stadium Yokohama,Yokohama,COLLINA Pierluigi (ITA),4.0,3.0
2006,97410001,97410100,2006-06-09,18:00,Friday,6,Group A,Group Stage,1,1,Germany,Costa Rica,GER,CRC,Germany,True,False,4,2,2,1,2,1,6,2,Home Win,Normal,66000,"FIFA World Cup Stadium, Munich",Munich,ELIZONDO Horacio (ARG),,
2006,97410002,97410100,2006-06-09,21:00,Friday,6,Group A,Group Stage,1,1,Poland,Ecuador,POL,ECU,Germany,False,False,0,2,0,1,0,1,2,-2,Away Win,Normal,52000,"FIFA World Cup Stadium, Gelsenkirchen",Gelsenkirchen,KAMIKAWA Toru (JPN),,
2006,97410003,97410100,2006-06-10,15:00,Saturday,6,Group B,Group Stage,1,1,England,Paraguay,ENG,PAR,Germany,False,False,1,0,1,0,0,0,1,1,Home Win,Normal,48000,"FIFA World Cup Stadium, Frankfurt",Frankfurt/Main,RODRIGUEZ Marco (MEX),,
2006,97410004,97410100,2006-06-10,18:00,Saturday,6,Group B,Group Stage,1,2,Trinidad and Tobago,Sweden,TRI,SWE,Germany,False,False,0,0,0,0,0,0,0,0,Draw,Normal,62959,"FIFA World Cup Stadium, Dortmund",Dortmund,MAIDIN Shamsul (SIN),,
2006,97410005,97410100,2006-06-10,21:00,Saturday,6,Group C,Group Stage,1,2,Argentina,Cte d'Ivoire,ARG,CIV,Germany,False,False,2,1,2,0,0,1,3,1,Home Win,Normal,49480,"FIFA World Cup Stadium, Hamburg",Hamburg,DE BLEECKERE Frank (BEL),,
2006,97410006,97410100,2006-06-11,15:00,Sunday,6,Group C,Group Stage,1,2,Serbia and Montenegro,Netherlands,SCG,NED,Germany,False,False,0,1,0,1,0,0,1,-1,Away Win,Normal,43000,Zentralstadion,Leipzig,MERK Markus (GER),,
2006,97410007,97410100,2006-06-11,18:00,Sunday,6,Group D,Group Stage,1,3,Mexico,Iran,MEX,IRN,Germany,False,False,3,1,1,1,2,0,4,2,Home Win,Normal,41000,Franken-Stadion,Nuremberg,ROSETTI Roberto (ITA),,
2006,97410008,97410100,2006-06-11,21:00,Sunday,6,Group D,Group Stage,1,3,Angola,Portugal,ANG,POR,Germany,False,False,0,1,0,1,0,0,1,-1,Away Win,Normal,45000,"FIFA World Cup Stadium, Cologne",Cologne,LARRIONDA Jorge (URU),,
2006,97410009,97410100,2006-06-12,21:00,Monday,6,Group E,Group Stage,1,4,Italy,Ghana,ITA,GHA,Germany,False,False,2,0,1,0,1,0,2,2,Home Win,Normal,43000,"FIFA World Cup Stadium, Hanover",Hanover,SIMON Carlos (BRA),,
2006,97410010,97410100,2006-06-12,18:00,Monday,6,Group E,Group Stage,1,4,USA,Czech Republic,USA,CZE,Germany,False,False,0,3,0,2,0,1,3,-3,Away Win,Normal,52000,"FIFA World Cup Stadium, Gelsenkirchen",Gelsenkirchen,AMARILLA Carlos (PAR),,
2006,97410011,97410100,2006-06-13,21:00,Tuesday,6,Group F,Group Stage,1,5,Brazil,Croatia,BRA,CRO,Germany,False,False,1,0,1,0,0,0,1,1,Home Win,Normal,72000,Olympiastadion,Berlin,ARCHUNDIA Benito (MEX),,
2006,97410012,97410100,2006-06-12,15:00,Monday,6,Group F,Group Stage,1,3,Australia,Japan,AUS,JPN,Germany,False,False,3,1,0,1,3,0,4,2,Home Win,Normal,46000,Fritz-Walter-Stadion,Kaiserslautern,ABD EL FATAH Essam (EGY),,
2006,97410013,97410100,2006-06-13,18:00,Tuesday,6,Group G,Group Stage,1,5,France,Switzerland,FRA,SUI,Germany,False,False,0,0,0,0,0,0,0,0,Draw,Normal,52000,Gottlieb-Daimler-Stadion,Stuttgart,IVANOV Valentin (RUS),,
2006,97410014,97410100,2006-06-13,15:00,Tuesday,6,Group G,Group Stage,1,4,South Korea,Togo,KOR,TOG,Germany,False,False,2,1,0,1,2,0,3,1,Home Win,Normal,48000,"FIFA World Cup Stadium, Frankfurt",Frankfurt/Main,POLL Graham (ENG),,
2006,97410015,97410100,2006-06-14,15:00,Wednesday,6,Group H,Group Stage,1,5,Spain,Ukraine,ESP,UKR,Germany,False,False,4,0,2,0,2,0,4,4,Home Win,Normal,43000,Zentralstadion,Leipzig,BUSACCA Massimo (SUI),,
2006,97410016,97410100,2006-06-14,18:00,Wednesday,6,Group H,Group Stage,1,6,Tunisia,Saudi Arabia,TUN,KSA,Germany,False,False,2,2,1,0,1,2,4,0,Draw,Normal,66000,"FIFA World Cup Stadium, Munich",Munich,SHIELD Mark (AUS),,
2006,97410017,97410100,2006-06-14,21:00,Wednesday,6,Group A,Group Stage,1,6,Germany,Poland,GER,POL,Germany,True,False,1,0,0,0,1,0,1,1,Home Win,Normal,65000,"FIFA World Cup Stadium, Dortmund",Dortmund,MEDINA CANTALEJO Luis (ESP),5.0,5.0
2006,97410018,97410100,2006-06-15,15:00,Thursday,6,Group A,Group Stage,1,6,Ecuador,Costa Rica,ECU,CRC,Germany,False,False,3,0,1,0,2,0,3,3,Home Win,Normal,50000,"FIFA World Cup Stadium, Hamburg",Hamburg,CODJIA Coffi (BEN),5.0,5.0
2006,97410019,97410100,2006-06-15,18:00,Thursday,6,Group B,Group Stage,1,7,England,Trinidad and Tobago,ENG,TRI,Germany,False,False,2,0,0,0,2,0,2,2,Home Win,Normal,41000,Franken-Stadion,Nuremberg,KAMIKAWA Toru (JPN),5.0,5.0
2006,97410020,97410100,2006-06-15,21:00,Thursday,6,Group B,Group Stage,1,7,Sweden,Paraguay,SWE,PAR,Germany,False,False,1,0,0,0,1,0,1,1,Home Win,Normal,72000,Olympiastadion,Berlin,MICHEL Lubos (SVK),5.0,5.0
2006,97410021,97410100,2006-06-16,15:00,Friday,6,Group C,Group Stage,1,7,Argentina,Serbia and Montenegro,ARG,SCG,Germany,False,False,6,0,3,0,3,0,6,6,Home Win,Normal,52000,"FIFA World Cup Stadium, Gelsenkirchen",Gelsenkirchen,ROSETTI Roberto (ITA),5.0,5.0
2006,97410022,97410100,2006-06-16,18:00,Friday,6,Group C,Group Stage,1,8,Netherlands,Cte d'Ivoire,NED,CIV,Germany,False,False,2,1,2,1,0,0,3,1,Home Win,Normal,52000,Gottlieb-Daimler-Stadion,Stuttgart,RUIZ Oscar (COL),5.0,5.0
2006,97410023,97410100,2006-06-16,21:00,Friday,6,Group D,Group Stage,1,8,Mexico,Angola,MEX,ANG,Germany,False,False,0,0,0,0,0,0,0,0,Draw,Normal,43000,"FIFA World Cup Stadium, Hanover",Hanover,MAIDIN Shamsul (SIN),5.0,5.0
2006,97410024,97410100,2006-06-17,15:00,Saturday,6,Group D,Group Stage,1,8,Portugal,Iran,POR,IRN,Germany,False,False,2,0,0,0,2,0,2,2,Home Win,Normal,48000,"FIFA World Cup Stadium, Frankfurt",Frankfurt/Main,POULAT Eric (FRA),5.0,5.0
2006,97410025,97410100,2006-06-17,21:00,Saturday,6,Group E,Group Stage,1,9,Italy,USA,ITA,USA,Germany,False,False,1,1,1,1,0,0,2,0,Draw,Normal,46000,Fritz-Walter-Stadion,Kaiserslautern,LARRIONDA Jorge (URU),5.0,5.0
2006,97410026,97410100,2006-06-17,18:00,Saturday,6,Group E,Group Stage,1,9,Czech Republic,Ghana,CZE,GHA,Germany,False,False,0,2,0,1,0,1,2,-2,Away Win,Normal,45000,"FIFA World Cup Stadium, Cologne",Cologne,ELIZONDO Horacio (ARG),5.0,4.0
2006,97410027,97410100,2006-06-18,18:00,Sunday,6,Group F,Group Stage,1,10,Brazil,Australia,BRA,AUS,Germany,False,False,2,0,0,0,2,0,2,2,Home Win,Normal,66000,"FIFA World Cup Stadium, Munich",Munich,MERK Markus (GER),4.0,6.0
2006,97410028,97410100,2006-06-18,15:00,Sunday,6,Group F,Group Stage,1,9,Japan,Croatia,JPN,CRO,Germany,False,False,0,0,0,0,0,0,0,0,Draw,Normal,41000,Franken-Stadion,Nuremberg,DE BLEECKERE Frank (BEL),6.0,4.0
2006,97410029,97410100,2006-06-18,21:00,Sunday,6,Group G,Group Stage,1,10,France,South Korea,FRA,KOR,Germany,False,False,1,1,1,0,0,1,2,0,Draw,Normal,43000,Zentralstadion,Leipzig,ARCHUNDIA Benito (MEX),5.0,5.0
2006,97410030,97410100,2006-06-19,15:00,Monday,6,Group G,Group Stage,1,10,Togo,Switzerland,TOG,SUI,Germany,False,False,0,2,0,1,0,1,2,-2,Away Win,Normal,65000,"FIFA World Cup Stadium, Dortmund",Dortmund,AMARILLA Carlos (PAR),6.0,5.0
2006,97410031,97410100,2006-06-19,21:00,Monday,6,Group H,Group Stage,1,11,Spain,Tunisia,ESP,TUN,Germany,False,False,3,1,0,1,3,0,4,2,Home Win,Normal,52000,Gottlieb-Daimler-Stadion,Stuttgart,SIMON Carlos (BRA),5.0,5.0
2006,97410032,97410100,2006-06-19,18:00,Monday,6,Group H,Group Stage,1,11,Saudi Arabia,Ukraine,KSA,UKR,Germany,False,False,0,4,0,2,0,2,4,-4,Away Win,Normal,50000,"FIFA World Cup Stadium, Hamburg",Hamburg,POLL Graham (ENG),5.0,5.0
2006,97410033,97410100,2006-06-20,16:00,Tuesday,6,Group A,Group Stage,1,11,Ecuador,Germany,ECU,GER,Germany,False,True,0,3,0,2,0,1,3,-3,Away Win,Normal,72000,Olympiastadion,Berlin,IVANOV Valentin (RUS),5.0,5.0
2006,97410034,97410100,2006-06-20,16:00,Tuesday,6,Group A,Group Stage,1,11,Costa Rica,Poland,CRC,POL,Germany,False,False,1,2,1,1,0,1,3,-1,Away Win,Normal,43000,"FIFA World Cup Stadium, Hanover",Hanover,MAIDIN Shamsul (SIN),5.0,5.0
2006,97410035,97410100,2006-06-20,21:00,Tuesday,6,Group B,Group Stage,1,12,Sweden,England,SWE,ENG,Germany,False,False,2,2,0,1,2,1,4,0,Draw,Normal,45000,"FIFA World Cup Stadium, Cologne",Cologne,BUSACCA Massimo (SUI),5.0,5.0
2006,97410036,97410100,2006-06-20,21:00,Tuesday,6,Group B,Group Stage,1,12,Paraguay,Trinidad and Tobago,PAR,TRI,Germany,False,False,2,0,1,0,1,0,2,2,Home Win,Normal,46000,Fritz-Walter-Stadion,Kaiserslautern,ROSETTI Roberto (ITA),5.0,5.0
2006,97410037,97410100,2006-06-21,21:00,Wednesday,6,Group C,Group Stage,1,13,Netherlands,Argentina,NED,ARG,Germany,False,False,0,0,0,0,0,0,0,0,Draw,Normal,48000,"FIFA World Cup Stadium, Frankfurt",Frankfurt/Main,MEDINA CANTALEJO Luis (ESP),5.0,5.0
2006,97410038,97410100,2006-06-21,21:00,Wednesday,6,Group C,Group Stage,1,13,Cte d'Ivoire,Serbia and Montenegro,CIV,SCG,Germany,False,False,3,2,1,2,2,0,5,1,Home Win,Normal,66000,"FIFA World Cup Stadium, Munich",Munich,RODRIGUEZ Marco (MEX),5.0,5.0
2006,97410039,97410100,2006-06-21,16:00,Wednesday,6,Group D,Group Stage,1,12,Portugal,Mexico,POR,MEX,Germany,False,False,2,1,2,1,0,0,3,1,Home Win,Normal,52000,"FIFA World Cup Stadium, Gelsenkirchen",Gelsenkirchen,MICHEL Lubos (SVK),4.0,4.0
2006,97410040,97410100,2006-06-21,16:00,Wednesday,6,Group D,Group Stage,1,12,Iran,Angola,IRN,ANG,Germany,False,False,1,1,0,0,1,1,2,0,Draw,Normal,38000,Zentralstadion,Leipzig,SHIELD Mark (AUS),4.0,4.0
2006,97410041,97410100,2006-06-22,16:00,Thursday,6,Group E,Group Stage,1,13,Czech Republic,Italy,CZE,ITA,Germany,False,False,0,2,0,1,0,1,2,-2,Away Win,Normal,50000,"FIFA World Cup Stadium, Hamburg",Hamburg,ARCHUNDIA Benito (MEX),4.0,4.0
2006,97410042,97410100,2006-06-22,16:00,Thursday,6,Group E,Group Stage,1,13,Ghana,USA,GHA,USA,Germany,False,False,2,1,2,1,0,0,3,1,Home Win,Normal,41000,Franken-Stadion,Nuremberg,MERK Markus (GER),4.0,4.0
2006,97410043,97410100,2006-06-22,21:00,Thursday,6,Group F,Group Stage,1,14,Japan,Brazil,JPN,BRA,Germany,False,False,1,4,1,1,0,3,5,-3,Away Win,Normal,65000,"FIFA World Cup Stadium, Dortmund",Dortmund,POULAT Eric (FRA),4.0,4.0
2006,97410044,97410100,2006-06-22,21:00,Thursday,6,Group F,Group Stage,1,14,Croatia,Australia,CRO,AUS,Germany,False,False,2,2,1,1,1,1,4,0,Draw,Normal,52000,Gottlieb-Daimler-Stadion,Stuttgart,POLL Graham (ENG),4.0,4.0
2006,97410045,97410100,2006-06-23,21:00,Friday,6,Group G,Group Stage,1,15,Togo,France,TOG,FRA,Germany,False,False,0,2,0,0,0,2,2,-2,Away Win,Normal,45000,"FIFA World Cup Stadium, Cologne",Cologne,LARRIONDA Jorge (URU),4.0,5.0
2006,97410046,97410100,2006-06-23,21:00,Friday,6,Group G,Group Stage,1,15,Switzerland,South Korea,SUI,KOR,Germany,False,False,2,0,1,0,1,0,2,2,Home Win,Normal,43000,"FIFA World Cup Stadium, Hanover",Hanover,ELIZONDO Horacio (ARG),4.0,5.0
2006,97410047,97410100,2006-06-23,16:00,Friday,6,Group H,Group Stage,1,14,Saudi Arabia,Spain,KSA,ESP,Germany,False,False,0,1,0,1,0,0,1,-1,Away Win,Normal,46000,Fritz-Walter-Stadion,Kaiserslautern,CODJIA Coffi (BEN),3.0,3.0
2006,97410048,97410100,2006-06-23,16:00,Friday,6,Group H,Group Stage,1,14,Ukraine,Tunisia,UKR,TUN,Germany,False,False,1,0,0,0,1,0,1,1,Home Win,Normal,72000,Olympiastadion,Berlin,AMARILLA Carlos (PAR),3.0,3.0
2006,97410049,97410200,2006-06-24,17:00,Saturday,6,Round of 16,Round of 16,2,15,Germany,Sweden,GER,SWE,Germany,True,False,2,0,2,0,0,0,2,2,Home Win,Normal,66000,"FIFA World Cup Stadium, Munich",Munich,SIMON Carlos (BRA),4.0,3.0
2006,97410050,97410200,2006-06-24,21:00,Saturday,6,Round of 16,Round of 16,2,16,Argentina,Mexico,ARG,MEX,Germany,False,False,2,1,0,0,2,1,3,1,Home Win,Extra Time,43000,Zentralstadion,Leipzig,BUSACCA Massimo (SUI),3.0,3.0
2006,97410051,97410200,2006-06-25,17:00,Sunday,6,Round of 16,Round of 16,2,16,England,Ecuador,ENG,ECU,Germany,False,False,1,0,0,0,1,0,1,1,Home Win,Normal,52000,Gottlieb-Daimler-Stadion,Stuttgart,DE BLEECKERE Frank (BEL),4.0,5.0
2006,97410052,97410200,2006-06-25,21:00,Sunday,6,Round of 16,Round of 16,2,17,Portugal,Netherlands,POR,NED,Germany,False,False,1,0,1,0,0,0,1,1,Home Win,Normal,41000,Franken-Stadion,Nuremberg,IVANOV Valentin (RUS),4.0,4.0
2006,97410053,97410200,2006-06-26,17:00,Monday,6,Round of 16,Round of 16,2,17,Italy,Australia,ITA,AUS,Germany,False,False,1,0,0,0,1,0,1,1,Home Win,Normal,46000,Fritz-Walter-Stadion,Kaiserslautern,MEDINA CANTALEJO Luis (ESP),4.0,3.0
2006,97410054,97410200,2006-06-26,21:00,Monday,6,Round of 16,Round of 16,2,18,Switzerland,Ukraine,SUI,UKR,Germany,False,False,0,0,0,0,0,0,0,0,Draw,Penalties,45000,"FIFA World Cup Stadium, Cologne",Cologne,ARCHUNDIA Benito (MEX),3.0,3.0
2006,97410055,97410200,2006-06-27,17:00,Tuesday,6,Round of 16,Round of 16,2,18,Brazil,Ghana,BRA,GHA,Germany,False,False,3,0,2,0,1,0,3,3,Home Win,Normal,65000,"FIFA World Cup Stadium, Dortmund",Dortmund,MICHEL Lubos (SVK),4.0,5.0
2006,97410056,97410200,2006-06-27,21:00,Tuesday,6,Round of 16,Round of 16,2,19,Spain,France,ESP,FRA,Germany,False,False,1,3,1,1,0,2,4,-2,Away Win,Normal,43000,"FIFA World Cup Stadium, Hanover",Hanover,ROSETTI Roberto (ITA),4.0,4.0
2006,97410057,97410300,2006-06-30,17:00,Friday,6,Quarter-finals,Quarter-finals,3,21,Germany,Argentina,GER,ARG,Germany,True,False,1,1,0,0,1,1,2,0,Draw,Penalties,72000,Olympiastadion,Berlin,MICHEL Lubos (SVK),6.0,5.0
2006,97410058,97410300,2006-06-30,21:00,Friday,6,Quarter-finals,Quarter-finals,3,22,Italy,Ukraine,ITA,UKR,Germany,False,False,3,0,1,0,2,0,3,3,Home Win,Normal,50000,"FIFA World Cup Stadium, Hamburg",Hamburg,DE BLEECKERE Frank (BEL),4.0,4.0
2006,97410059,97410300,2006-07-01,17:00,Saturday,7,Quarter-finals,Quarter-finals,3,22,England,Portugal,ENG,POR,Germany,False,False,0,0,0,0,0,0,0,0,Draw,Penalties,52000,"FIFA World Cup Stadium, Gelsenkirchen",Gelsenkirchen,ELIZONDO Horacio (ARG),6.0,5.0
2006,97410060,97410300,2006-07-01,21:00,Saturday,7,Quarter-finals,Quarter-finals,3,23,Brazil,France,BRA,FRA,Germany,False,False,0,1,0,0,0,1,1,-1,Away Win,Normal,48000,"FIFA World Cup Stadium, Frankfurt",Frankfurt/Main,MEDINA CANTALEJO Luis (ESP),4.0,4.0
2006,97410061,97410400,2006-07-04,21:00,Tuesday,7,Semi-finals,Semi-finals,4,26,Germany,Italy,GER,ITA,Germany,True,False,0,2,0,0,0,2,2,-2,Away Win,Extra Time,65000,"FIFA World Cup Stadium, Dortmund",Dortmund,ARCHUNDIA Benito (MEX),4.0,4.0
2006,97410062,97410400,2006-07-05,21:00,Wednesday,7,Semi-finals,Semi-finals,4,27,Portugal,France,POR,FRA,Germany,False,False,0,1,0,1,0,0,1,-1,Away Win,Normal,66000,"FIFA World Cup Stadium, Munich",Munich,LARRIONDA Jorge (URU),4.0,4.0
2006,97410063,97410500,2006-07-08,21:00,Saturday,7,Third place,Third Place,5,30,Germany,Portugal,GER,POR,Germany,True,False,3,1,0,0,3,1,4,2,Home Win,Normal,52000,Gottlieb-Daimler-Stadion,Stuttgart,KAMIKAWA Toru (JPN),4.0,3.0
2006,97410064,97410600,2006-07-09,20:00,Sunday,7,Final,Final,6,31,Italy,France,ITA,FRA,Germany,False,False,1,1,0,0,1,1,2,0,Draw,Penalties,69000,Olympiastadion,Berlin,ELIZONDO Horacio (ARG),4.0,3.0
2010,300061449,249722,2010-06-22,16:00,Tuesday,6,Group A,Group Stage,1,12,France,South Africa,FRA,RSA,South Africa,False,True,1,2,0,2,1,0,3,-1,Away Win,Normal,39415,Free State Stadium,Mangaung/Bloemfontein,RUIZ Oscar (COL),4.0,5.0
2010,300061450,249722,2010-06-22,16:00,Tuesday,6,Group A,Group Stage,1,12,Mexico,Uruguay,MEX,URU,South Africa,False,False,0,1,0,1,0,0,1,-1,Away Win,Normal,33425,Royal Bafokeng Sports Palace,Phokeng,KASSAI Viktor (HUN),4.0,5.0
2010,300061451,249722,2010-06-17,20:30,Thursday,6,Group A,Group Stage,1,7,France,Mexico,FRA,MEX,South Africa,False,False,0,2,0,0,0,2,2,-2,Away Win,Normal,35370,Peter Mokaba Stadium,Polokwane,AL GHAMDI Khalil (KSA),6.0,6.0
2010,300061452,249722,2010-06-16,20:30,Wednesday,6,Group A,Group Stage,1,6,South Africa,Uruguay,RSA,URU,South Africa,True,False,0,3,0,1,0,2,3,-3,Away Win,Normal,42658,Loftus Versfeld Stadium,Tshwane/Pretoria,BUSACCA Massimo (SUI),5.0,5.0
2010,300061453,249722,2010-06-11,20:30,Friday,6,Group A,Group Stage,1,1,Uruguay,France,URU,FRA,South Africa,False,False,0,0,0,0,0,0,0,0,Draw,Normal,64100,Cape Town Stadium,Cape Town,NISHIMURA Yuichi (JPN),,
2010,300061454,249722,2010-06-11,16:00,Friday,6,Group A,Group Stage,1,1,South Africa,Mexico,RSA,MEX,South Africa,True,False,1,1,0,0,1,1,2,0,Draw,Normal,84490,Soccer City Stadium,Johannesburg,Ravshan IRMATOV (UZB),,
2010,300061455,249722,2010-06-22,20:30,Tuesday,6,Group B,Group Stage,1,12,Greece,Argentina,GRE,ARG,South Africa,False,False,0,2,0,0,0,2,2,-2,Away Win,Normal,38891,Peter Mokaba Stadium,Polokwane,Ravshan IRMATOV (UZB),5.0,5.0
2010,300061457,249722,2010-06-17,16:00,Thursday,6,Group B,Group Stage,1,7,Greece,Nigeria,GRE,NGA,South Africa,False,False,2,1,1,1,1,0,3,1,Home Win,Normal,31593,Free State Stadium,Mangaung/Bloemfontein,RUIZ Oscar (COL),5.0,5.0
2010,300061458,249722,2010-06-17,13:30,Thursday,6,Group B,Group Stage,1,6,Argentina,South Korea,ARG,KOR,South Africa,False,False,4,1,2,1,2,0,5,3,Home Win,Normal,82174,Soccer City Stadium,Johannesburg,DE BLEECKERE Frank (BEL),4.0,5.0
2010,300061459,249722,2010-06-12,13:30,Saturday,6,Group B,Group Stage,1,1,South Korea,Greece,KOR,GRE,South Africa,False,False,2,0,1,0,1,0,2,2,Home Win,Normal,31513,Port Elizabeth Stadium,Nelson Mandela Bay/Port Elizabeth,HESTER Michael (NZL),,
2010,300061460,249722,2010-06-12,16:00,Saturday,6,Group B,Group Stage,1,2,Argentina,Nigeria,ARG,NGA,South Africa,False,False,1,0,1,0,0,0,1,1,Home Win,Normal,55686,Ellis Park Stadium,Johannesburg,Wolfgang STARK (GER),,
2010,300061461,249722,2010-06-23,16:00,Wednesday,6,Group C,Group Stage,1,13,USA,Algeria,USA,ALG,South Africa,False,False,1,0,0,0,1,0,1,1,Home Win,Normal,35827,Loftus Versfeld Stadium,Tshwane/Pretoria,DE BLEECKERE Frank (BEL),5.0,4.0
2010,300061462,249722,2010-06-23,16:00,Wednesday,6,Group C,Group Stage,1,13,Slovenia,England,SVN,ENG,South Africa,False,False,0,1,0,1,0,0,1,-1,Away Win,Normal,36893,Port Elizabeth Stadium,Nelson Mandela Bay/Port Elizabeth,Wolfgang STARK (GER),5.0,4.0
2010,300061463,249722,2010-06-18,16:00,Friday,6,Group C,Group Stage,1,8,Slovenia,USA,SVN,USA,South Africa,False,False,2,2,2,0,0,2,4,0,Draw,Normal,45573,Ellis Park Stadium,Johannesburg,Koman COULIBALY (MLI),5.0,5.0
2010,300061464,249722,2010-06-18,20:30,Friday,6,Group C,Group Stage,1,8,England,Algeria,ENG,ALG,South Africa,False,False,0,0,0,0,0,0,0,0,Draw,Normal,64100,Cape Town Stadium,Cape Town,Ravshan IRMATOV (UZB),6.0,5.0
2010,300061465,249722,2010-06-13,13:30,Sunday,6,Group C,Group Stage,1,2,Algeria,Slovenia,ALG,SVN,South Africa,False,False,0,1,0,0,0,1,1,-1,Away Win,Normal,30325,Peter Mokaba Stadium,Polokwane,BATRES Carlos (GUA),,
2010,300061466,249722,2010-06-12,20:30,Saturday,6,Group C,Group Stage,1,2,England,USA,ENG,USA,South Africa,False,False,1,1,1,1,0,0,2,0,Draw,Normal,38646,Royal Bafokeng Sports Palace,Phokeng,SIMON Carlos (BRA),,
2010,300061467,249722,2010-06-23,20:30,Wednesday,6,Group D,Group Stage,1,13,Australia,Serbia,AUS,SRB,South Africa,False,False,2,1,0,0,2,1,3,1,Home Win,Normal,37836,Mbombela Stadium,Nelspruit,LARRIONDA Jorge (URU),4.0,5.0
2010,300061468,249722,2010-06-23,20:30,Wednesday,6,Group D,Group Stage,1,13,Ghana,Germany,GHA,GER,South Africa,False,False,0,1,0,0,0,1,1,-1,Away Win,Normal,83391,Soccer City Stadium,Johannesburg,SIMON Carlos (BRA),4.0,5.0
2010,300061469,249722,2010-06-19,16:00,Saturday,6,Group D,Group Stage,1,9,Ghana,Australia,GHA,AUS,South Africa,False,False,1,1,1,1,0,0,2,0,Draw,Normal,34812,Royal Bafokeng Sports Palace,Phokeng,ROSETTI Roberto (ITA),6.0,5.0
2010,300061470,249722,2010-06-18,13:30,Friday,6,Group D,Group Stage,1,7,Germany,Serbia,GER,SRB,South Africa,False,False,0,1,0,1,0,0,1,-1,Away Win,Normal,38294,Port Elizabeth Stadium,Nelson Mandela Bay/Port Elizabeth,Alberto UNDIANO MALLENCO (ESP),4.0,4.0
2010,300061471,249722,2010-06-13,16:00,Sunday,6,Group D,Group Stage,1,3,Serbia,Ghana,SRB,GHA,South Africa,False,False,0,1,0,0,0,1,1,-1,Away Win,Normal,38833,Loftus Versfeld Stadium,Tshwane/Pretoria,BALDASSI Hector (ARG),,
2010,300061473,249722,2010-06-24,20:30,Thursday,6,Group E,Group Stage,1,14,Cameroon,Netherlands,CMR,NED,South Africa,False,False,1,2,0,1,1,1,3,-1,Away Win,Normal,63093,Cape Town Stadium,Cape Town,POZO Pablo (CHI),5.0,5.0
2010,300061474,249722,2010-06-24,20:30,Thursday,6,Group E,Group Stage,1,14,Denmark,Japan,DEN,JPN,South Africa,False,False,1,3,0,2,1,1,4,-2,Away Win,Normal,27967,Royal Bafokeng Sports Palace,Phokeng,DAMON Jerome (RSA),5.0,5.0
2010,300061475,249722,2010-06-19,20:30,Saturday,6,Group E,Group Stage,1,9,Cameroon,Denmark,CMR,DEN,South Africa,False,False,1,2,1,1,0,1,3,-1,Away Win,Normal,38074,Loftus Versfeld Stadium,Tshwane/Pretoria,LARRIONDA Jorge (URU),5.0,5.0
2010,300061477,249722,2010-06-14,16:00,Monday,6,Group E,Group Stage,1,4,Japan,Cameroon,JPN,CMR,South Africa,False,False,1,0,1,0,0,0,1,1,Home Win,Normal,30620,Free State Stadium,Mangaung/Bloemfontein,Olegrio BENQUERENA (POR),,
2010,300061478,249722,2010-06-14,13:30,Monday,6,Group E,Group Stage,1,3,Netherlands,Denmark,NED,DEN,South Africa,False,False,2,0,0,0,2,0,2,2,Home Win,Normal,83465,Soccer City Stadium,Johannesburg,Stphane LANNOY (FRA),,
2010,300061479,249722,2010-06-24,16:00,Thursday,6,Group F,Group Stage,1,14,Paraguay,New Zealand,PAR,NZL,South Africa,False,False,0,0,0,0,0,0,0,0,Draw,Normal,34850,Peter Mokaba Stadium,Polokwane,NISHIMURA Yuichi (JPN),4.0,4.0
2010,300061480,249722,2010-06-24,16:00,Thursday,6,Group F,Group Stage,1,14,Slovakia,Italy,SVK,ITA,South Africa,False,False,3,2,1,0,2,2,5,1,Home Win,Normal,53412,Ellis Park Stadium,Johannesburg,WEBB Howard (ENG),4.0,4.0
2010,300061481,249722,2010-06-20,13:30,Sunday,6,Group F,Group Stage,1,9,Slovakia,Paraguay,SVK,PAR,South Africa,False,False,0,2,0,1,0,1,2,-2,Away Win,Normal,26643,Free State Stadium,Mangaung/Bloemfontein,MAILLET Eddy (SEY),5.0,5.0
2010,300061482,249722,2010-06-20,16:00,Sunday,6,Group F,Group Stage,1,10,Italy,New Zealand,ITA,NZL,South Africa,False,False,1,1,1,1,0,0,2,0,Draw,Normal,38229,Mbombela Stadium,Nelspruit,BATRES Carlos (GUA),5.0,5.0
2010,300061483,249722,2010-06-15,13:30,Tuesday,6,Group F,Group Stage,1,4,New Zealand,Slovakia,NZL,SVK,South Africa,False,False,1,1,0,0,1,1,2,0,Draw,Normal,23871,Royal Bafokeng Sports Palace,Phokeng,DAMON Jerome (RSA),,
2010,300061484,249722,2010-06-14,20:30,Monday,6,Group F,Group Stage,1,4,Italy,Paraguay,ITA,PAR,South Africa,False,False,1,1,0,1,1,0,2,0,Draw,Normal,62869,Cape Town Stadium,Cape Town,ARCHUNDIA Benito (MEX),,
2010,300061486,249722,2010-06-25,16:00,Friday,6,Group G,Group Stage,1,15,North Korea,Cte d'Ivoire,PRK,CIV,South Africa,False,False,0,3,0,2,0,1,3,-3,Away Win,Normal,34763,Mbombela Stadium,Nelspruit,Alberto UNDIANO MALLENCO (ESP),4.0,4.0
2010,300061487,249722,2010-06-21,13:30,Monday,6,Group G,Group Stage,1,10,Portugal,North Korea,POR,PRK,South Africa,False,False,7,0,1,0,6,0,7,7,Home Win,Normal,63644,Cape Town Stadium,Cape Town,POZO Pablo (CHI),5.0,5.0
2010,300061488,249722,2010-06-20,20:30,Sunday,6,Group G,Group Stage,1,10,Brazil,Cte d'Ivoire,BRA,CIV,South Africa,False,False,3,1,1,0,2,1,4,2,Home Win,Normal,84455,Soccer City Stadium,Johannesburg,Stphane LANNOY (FRA),5.0,5.0
2010,300061489,249722,2010-06-15,16:00,Tuesday,6,Group G,Group Stage,1,5,Cte d'Ivoire,Portugal,CIV,POR,South Africa,False,False,0,0,0,0,0,0,0,0,Draw,Normal,37034,Port Elizabeth Stadium,Nelson Mandela Bay/Port Elizabeth,LARRIONDA Jorge (URU),,
2010,300061490,249722,2010-06-15,20:30,Tuesday,6,Group G,Group Stage,1,5,Brazil,North Korea,BRA,PRK,South Africa,False,False,2,1,0,0,2,1,3,1,Home Win,Normal,54331,Ellis Park Stadium,Johannesburg,KASSAI Viktor (HUN),,
2010,300061491,249722,2010-06-25,20:30,Friday,6,Group H,Group Stage,1,15,Chile,Spain,CHI,ESP,South Africa,False,False,1,2,0,2,1,0,3,-1,Away Win,Normal,41958,Loftus Versfeld Stadium,Tshwane/Pretoria,RODRIGUEZ Marco (MEX),4.0,4.0
2010,300061492,249722,2010-06-25,20:30,Friday,6,Group H,Group Stage,1,15,Switzerland,Honduras,SUI,HON,South Africa,False,False,0,0,0,0,0,0,0,0,Draw,Normal,28042,Free State Stadium,Mangaung/Bloemfontein,BALDASSI Hector (ARG),4.0,4.0
2010,300061493,249722,2010-06-21,16:00,Monday,6,Group H,Group Stage,1,11,Chile,Switzerland,CHI,SUI,South Africa,False,False,1,0,0,0,1,0,1,1,Home Win,Normal,34872,Port Elizabeth Stadium,Nelson Mandela Bay/Port Elizabeth,AL GHAMDI Khalil (KSA),5.0,5.0
2010,300061494,249722,2010-06-21,20:30,Monday,6,Group H,Group Stage,1,11,Spain,Honduras,ESP,HON,South Africa,False,False,2,0,1,0,1,0,2,2,Home Win,Normal,54386,Ellis Park Stadium,Johannesburg,NISHIMURA Yuichi (JPN),5.0,5.0
2010,300061495,249722,2010-06-16,13:30,Wednesday,6,Group H,Group Stage,1,5,Honduras,Chile,HON,CHI,South Africa,False,False,0,1,0,1,0,0,1,-1,Away Win,Normal,32664,Mbombela Stadium,Nelspruit,MAILLET Eddy (SEY),,
2010,300111111,249722,2010-06-25,16:00,Friday,6,Group G,Group Stage,1,15,Portugal,Brazil,POR,BRA,South Africa,False,False,0,0,0,0,0,0,0,0,Draw,Normal,62712,Durban Stadium,Durban,ARCHUNDIA Benito (MEX),4.0,4.0
2010,300111112,249722,2010-06-16,16:00,Wednesday,6,Group H,Group Stage,1,6,Spain,Switzerland,ESP,SUI,South Africa,False,False,0,1,0,0,0,1,1,-1,Away Win,Normal,62453,Durban Stadium,Durban,WEBB Howard (ENG),,
2010,300111115,249722,2010-06-22,20:30,Tuesday,6,Group B,Group Stage,1,12,Nigeria,South Korea,NGA,KOR,South Africa,False,False,2,2,1,1,1,1,4,0,Draw,Normal,61874,Durban Stadium,Durban,Olegrio BENQUERENA (POR),5.0,5.0
2010,300111116,249722,2010-06-13,20:30,Sunday,6,Group D,Group Stage,1,3,Germany,Australia,GER,AUS,South Africa,False,False,4,0,2,0,2,0,4,4,Home Win,Normal,62660,Durban Stadium,Durban,RODRIGUEZ Marco (MEX),,
2010,300111117,249722,2010-06-19,13:30,Saturday,6,Group E,Group Stage,1,8,Netherlands,Japan,NED,JPN,South Africa,False,False,1,0,0,0,1,0,1,1,Home Win,Normal,62010,Durban Stadium,Durban,BALDASSI Hector (ARG),5.0,4.0
2010,300061497,249717,2010-06-29,16:00,Tuesday,6,Round of 16,Round of 16,2,19,Paraguay,Japan,PAR,JPN,South Africa,False,False,0,0,0,0,0,0,0,0,Draw,Penalties,36742,Loftus Versfeld Stadium,Tshwane/Pretoria,DE BLEECKERE Frank (BEL),5.0,4.0
2010,300061498,249717,2010-06-29,20:30,Tuesday,6,Round of 16,Round of 16,2,19,Spain,Portugal,ESP,POR,South Africa,False,False,1,0,0,0,1,0,1,1,Home Win,Normal,62955,Cape Town Stadium,Cape Town,BALDASSI Hector (ARG),4.0,4.0
2010,300061500,249717,2010-06-28,20:30,Monday,6,Round of 16,Round of 16,2,18,Brazil,Chile,BRA,CHI,South Africa,False,False,3,0,2,0,1,0,3,3,Home Win,Normal,54096,Ellis Park Stadium,Johannesburg,WEBB Howard (ENG),3.0,3.0
2010,300061501,249717,2010-06-27,16:00,Sunday,6,Round of 16,Round of 16,2,17,Germany,England,GER,ENG,South Africa,False,False,4,1,2,1,2,0,5,3,Home Win,Normal,40510,Free State Stadium,Mangaung/Bloemfontein,LARRIONDA Jorge (URU),3.0,4.0
2010,300061502,249717,2010-06-27,20:30,Sunday,6,Round of 16,Round of 16,2,17,Argentina,Mexico,ARG,MEX,South Africa,False,False,3,1,2,0,1,1,4,2,Home Win,Normal,84377,Soccer City Stadium,Johannesburg,ROSETTI Roberto (ITA),5.0,5.0
2010,300061503,249717,2010-06-26,20:30,Saturday,6,Round of 16,Round of 16,2,16,USA,Ghana,USA,GHA,South Africa,False,False,1,2,0,0,1,2,3,-1,Away Win,Extra Time,34976,Royal Bafokeng Sports Palace,Phokeng,KASSAI Viktor (HUN),3.0,3.0
2010,300061504,249717,2010-06-26,16:00,Saturday,6,Round of 16,Round of 16,2,16,Uruguay,South Korea,URU,KOR,South Africa,False,False,2,1,1,0,1,1,3,1,Home Win,Normal,30597,Port Elizabeth Stadium,Nelson Mandela Bay/Port Elizabeth,Wolfgang STARK (GER),4.0,3.0
2010,300111113,249717,2010-06-28,16:00,Monday,6,Round of 16,Round of 16,2,18,Netherlands,Slovakia,NED,SVK,South Africa,False,False,2,1,1,0,1,1,3,1,Home Win,Normal,61962,Durban Stadium,Durban,Alberto UNDIANO MALLENCO (ESP),3.0,4.0
2010,300061505,249718,2010-07-03,16:00,Saturday,7,Quarter-finals,Quarter-finals,3,23,Argentina,Germany,ARG,GER,South Africa,False,False,0,4,0,1,0,3,4,-4,Away Win,Normal,64100,Cape Town Stadium,Cape Town,Ravshan IRMATOV (UZB),5.0,6.0
2010,300061506,249718,2010-07-03,20:30,Saturday,7,Quarter-finals,Quarter-finals,3,23,Paraguay,Spain,PAR,ESP,South Africa,False,False,0,1,0,0,0,1,1,-1,Away Win,Normal,55359,Ellis Park Stadium,Johannesburg,BATRES Carlos (GUA),4.0,4.0
2010,300061507,249718,2010-07-02,16:00,Friday,7,Quarter-finals,Quarter-finals,3,22,Netherlands,Brazil,NED,BRA,South Africa,False,False,2,1,0,1,2,0,3,1,Home Win,Normal,40186,Port Elizabeth Stadium,Nelson Mandela Bay/Port Elizabeth,NISHIMURA Yuichi (JPN),4.0,3.0
2010,300061508,249718,2010-07-02,20:30,Friday,7,Quarter-finals,Quarter-finals,3,22,Uruguay,Ghana,URU,GHA,South Africa,False,False,1,1,0,0,1,1,2,0,Draw,Penalties,84017,Soccer City Stadium,Johannesburg,Olegrio BENQUERENA (POR),6.0,6.0
2010,300061512,249719,2010-07-06,20:30,Tuesday,7,Semi-finals,Semi-finals,4,26,Uruguay,Netherlands,URU,NED,South Africa,False,False,2,3,1,1,1,2,5,-1,Away Win,Normal,62479,Cape Town Stadium,Cape Town,Ravshan IRMATOV (UZB),4.0,4.0
2010,300111114,249719,2010-07-07,20:30,Wednesday,7,Semi-finals,Semi-finals,4,27,Germany,Spain,GER,ESP,South Africa,False,False,0,1,0,0,0,1,1,-1,Away Win,Normal,60960,Durban Stadium,Durban,KASSAI Viktor (HUN),4.0,4.0
2010,300061510,249720,2010-07-10,20:30,Saturday,7,Match for third place,Third Place,5,30,Uruguay,Germany,URU,GER,South Africa,False,False,2,3,1,1,1,2,5,-1,Away Win,Normal,36254,Port Elizabeth Stadium,Nelson Mandela Bay/Port Elizabeth,ARCHUNDIA Benito (MEX),4.0,3.0
2010,300061509,249721,2010-07-11,20:30,Sunday,7,Final,Final,6,31,Netherlands,Spain,NED,ESP,South Africa,False,False,0,1,0,0,0,1,1,-1,Away Win,Extra Time,84490,Soccer City Stadium,Johannesburg,WEBB Howard (ENG),5.0,4.0
2014,300186452,255931,2014-06-23,17:00,Monday,6,Group A,Group Stage,1,12,Croatia,Mexico,CRO,MEX,Brazil,False,False,1,3,0,0,1,3,4,-2,Away Win,Normal,41212,Arena Pernambuco,Recife,Ravshan IRMATOV (UZB),4.0,6.0
2014,300186453,255931,2014-06-18,18:00,Wednesday,6,Group A,Group Stage,1,7,Cameroon,Croatia,CMR,CRO,Brazil,False,False,0,4,0,1,0,3,4,-4,Away Win,Normal,39982,Arena Amazonia,Manaus,PROENCA Pedro (POR),5.0,6.0
2014,300186454,255931,2014-06-19,19:00,Thursday,6,Group C,Group Stage,1,8,Japan,Greece,JPN,GRE,Brazil,False,False,0,0,0,0,0,0,0,0,Draw,Normal,39485,Estadio das Dunas,Natal,AGUILAR Joel (SLV),4.0,5.0
2014,300186455,255931,2014-06-24,17:00,Tuesday,6,Group C,Group Stage,1,13,Greece,Cte d'Ivoire,GRE,CIV,Brazil,False,False,2,1,1,0,1,1,3,1,Home Win,Normal,59095,Estadio Castelao,Fortaleza,VERA Carlos (ECU),4.0,5.0
2014,300186456,255931,2014-06-12,17:00,Thursday,6,Group A,Group Stage,1,1,Brazil,Croatia,BRA,CRO,Brazil,True,False,3,1,1,1,2,0,4,2,Home Win,Normal,62103,Arena de Sao Paulo,Sao Paulo,NISHIMURA Yuichi (JPN),,
2014,300186457,255931,2014-06-24,16:00,Tuesday,6,Group C,Group Stage,1,12,Japan,Colombia,JPN,COL,Brazil,False,False,1,4,1,1,0,3,5,-3,Away Win,Normal,40340,Arena Pantanal,Cuiaba,PROENCA Pedro (POR),4.0,5.0
2014,300186458,255931,2014-06-25,13:00,Wednesday,6,Group F,Group Stage,1,13,Nigeria,Argentina,NGA,ARG,Brazil,False,False,2,3,1,2,1,1,5,-1,Away Win,Normal,43285,Estadio Beira-Rio,Porto Alegre,Nicola RIZZOLI (ITA),3.0,4.0
2014,300186463,255931,2014-06-20,19:00,Friday,6,Group E,Group Stage,1,9,Honduras,Ecuador,HON,ECU,Brazil,False,False,1,2,1,1,0,1,3,-1,Away Win,Normal,39224,Arena da Baixada,Curitiba,Ben WILLIAMS (AUS),5.0,5.0
2014,300186464,255931,2014-06-25,13:00,Wednesday,6,Group F,Group Stage,1,13,Bosnia and Herzegovina,Iran,BIH,IRN,Brazil,False,False,3,1,1,0,2,1,4,2,Home Win,Normal,48011,Arena Fonte Nova,Salvador,Carlos VELASCO CARBALLO (ESP),3.0,4.0
2014,300186465,255931,2014-06-24,13:00,Tuesday,6,Group D,Group Stage,1,12,Italy,Uruguay,ITA,URU,Brazil,False,False,0,1,0,0,0,1,1,-1,Away Win,Normal,39706,Estadio das Dunas,Natal,RODRIGUEZ Marco (MEX),4.0,4.0
2014,300186466,255931,2014-06-21,13:00,Saturday,6,Group F,Group Stage,1,9,Argentina,Iran,ARG,IRN,Brazil,False,False,1,0,0,0,1,0,1,1,Home Win,Normal,57698,Estadio Mineirao,Belo Horizonte,MAZIC Milorad (SRB),5.0,4.0
2014,300186467,255931,2014-06-23,13:00,Monday,6,Group B,Group Stage,1,11,Australia,Spain,AUS,ESP,Brazil,False,False,0,3,0,1,0,2,3,-3,Away Win,Normal,39375,Arena da Baixada,Curitiba,SHUKRALLA Nawaf (BHR),5.0,4.0
2014,300186468,255931,2014-06-19,13:00,Thursday,6,Group C,Group Stage,1,7,Colombia,Cte d'Ivoire,COL,CIV,Brazil,False,False,2,1,0,0,2,1,3,1,Home Win,Normal,68748,Estadio Nacional,Brasilia,WEBB Howard (ENG),5.0,4.0
2014,300186469,255931,2014-06-26,13:00,Thursday,6,Group G,Group Stage,1,14,USA,Germany,USA,GER,Brazil,False,False,0,1,0,0,0,1,1,-1,Away Win,Normal,41876,Arena Pernambuco,Recife,Ravshan IRMATOV (UZB),3.0,4.0
2014,300186470,255931,2014-06-23,13:00,Monday,6,Group B,Group Stage,1,11,Netherlands,Chile,NED,CHI,Brazil,False,False,2,0,0,0,2,0,2,2,Home Win,Normal,62996,Arena de Sao Paulo,Sao Paulo,Bakary GASSAMA (GAM),5.0,4.0
2014,300186471,255931,2014-06-14,13:00,Saturday,6,Group C,Group Stage,1,2,Colombia,Greece,COL,GRE,Brazil,False,False,3,0,1,0,2,0,3,3,Home Win,Normal,57174,Estadio Mineirao,Belo Horizonte,GEIGER Mark (USA),,
2014,300186472,255931,2014-06-23,17:00,Monday,6,Group A,Group Stage,1,12,Cameroon,Brazil,CMR,BRA,Brazil,False,True,1,4,1,2,0,2,5,-3,Away Win,Normal,69112,Estadio Nacional,Brasilia,ERIKSSON Jonas (SWE),4.0,6.0
2014,300186473,255931,2014-06-13,18:00,Friday,6,Group B,Group Stage,1,2,Chile,Australia,CHI,AUS,Brazil,False,False,3,1,2,1,1,0,4,2,Home Win,Normal,40275,Arena Pantanal,Cuiaba,Noumandiez DOUE (CIV),,
2014,300186475,255931,2014-06-16,13:00,Monday,6,Group G,Group Stage,1,4,Germany,Portugal,GER,POR,Brazil,False,False,4,0,3,0,1,0,4,4,Home Win,Normal,51081,Arena Fonte Nova,Salvador,MAZIC Milorad (SRB),,
2014,300186476,255931,2014-06-26,13:00,Thursday,6,Group G,Group Stage,1,14,Portugal,Ghana,POR,GHA,Brazil,False,False,2,1,1,0,1,1,3,1,Home Win,Normal,67540,Estadio Nacional,Brasilia,SHUKRALLA Nawaf (BHR),3.0,4.0
2014,300186477,255931,2014-06-15,19:00,Sunday,6,Group F,Group Stage,1,4,Argentina,Bosnia and Herzegovina,ARG,BIH,Brazil,False,False,2,1,1,0,1,1,3,1,Home Win,Normal,74738,Estadio do Maracana,Rio De Janeiro,AGUILAR Joel (SLV),,
2014,300186478,255931,2014-06-18,13:00,Wednesday,6,Group B,Group Stage,1,6,Australia,Netherlands,AUS,NED,Brazil,False,False,2,3,1,1,1,2,5,-1,Away Win,Normal,42877,Estadio Beira-Rio,Porto Alegre,HAIMOUDI Djamel (ALG),4.0,4.0
2014,300186479,255931,2014-06-17,13:00,Tuesday,6,Group H,Group Stage,1,5,Belgium,Algeria,BEL,ALG,Brazil,False,False,2,1,0,1,2,0,3,1,Home Win,Normal,56800,Estadio Mineirao,Belo Horizonte,RODRIGUEZ Marco (MEX),,
2014,300186480,255931,2014-06-26,17:00,Thursday,6,Group H,Group Stage,1,15,South Korea,Belgium,KOR,BEL,Brazil,False,False,0,1,0,0,0,1,1,-1,Away Win,Normal,61397,Arena de Sao Paulo,Sao Paulo,Ben WILLIAMS (AUS),4.0,4.0
2014,300186481,255931,2014-06-22,13:00,Sunday,6,Group H,Group Stage,1,10,Belgium,Russia,BEL,RUS,Brazil,False,False,1,0,0,0,1,0,1,1,Home Win,Normal,73819,Estadio do Maracana,Rio De Janeiro,BRYCH Felix (GER),5.0,4.0
2014,300186482,255931,2014-06-25,16:00,Wednesday,6,Group E,Group Stage,1,13,Honduras,Switzerland,HON,SUI,Brazil,False,False,0,3,0,2,0,1,3,-3,Away Win,Normal,40322,Arena Amazonia,Manaus,PITANA Nestor (ARG),4.0,5.0
2014,300186483,255931,2014-06-22,18:00,Sunday,6,Group G,Group Stage,1,11,USA,Portugal,USA,POR,Brazil,False,False,2,2,0,1,2,1,4,0,Draw,Normal,40123,Arena Amazonia,Manaus,PITANA Nestor (ARG),5.0,6.0
2014,300186484,255931,2014-06-24,13:00,Tuesday,6,Group D,Group Stage,1,12,Costa Rica,England,CRC,ENG,Brazil,False,False,0,0,0,0,0,0,0,0,Draw,Normal,57823,Estadio Mineirao,Belo Horizonte,HAIMOUDI Djamel (ALG),4.0,4.0
2014,300186486,255931,2014-06-19,16:00,Thursday,6,Group D,Group Stage,1,7,Uruguay,England,URU,ENG,Brazil,False,False,2,1,1,0,1,1,3,1,Home Win,Normal,62575,Arena de Sao Paulo,Sao Paulo,Carlos VELASCO CARBALLO (ESP),5.0,4.0
2014,300186489,255931,2014-06-14,16:00,Saturday,6,Group D,Group Stage,1,2,Uruguay,Costa Rica,URU,CRC,Brazil,False,False,1,3,1,0,0,3,4,-2,Away Win,Normal,58679,Estadio Castelao,Fortaleza,BRYCH Felix (GER),,
2014,300186492,255931,2014-06-13,13:00,Friday,6,Group A,Group Stage,1,1,Mexico,Cameroon,MEX,CMR,Brazil,False,False,1,0,0,0,1,0,1,1,Home Win,Normal,39216,Estadio das Dunas,Natal,ROLDAN Wilmar (COL),,
2014,300186493,255931,2014-06-21,16:00,Saturday,6,Group G,Group Stage,1,9,Germany,Ghana,GER,GHA,Brazil,False,False,2,2,0,0,2,2,4,0,Draw,Normal,59621,Estadio Castelao,Fortaleza,RICCI Sandro (BRA),5.0,4.0
2014,300186494,255931,2014-06-15,13:00,Sunday,6,Group E,Group Stage,1,3,Switzerland,Ecuador,SUI,ECU,Brazil,False,False,2,1,0,1,2,0,3,1,Home Win,Normal,68351,Estadio Nacional,Brasilia,Ravshan IRMATOV (UZB),,
2014,300186495,255931,2014-06-22,16:00,Sunday,6,Group H,Group Stage,1,10,South Korea,Algeria,KOR,ALG,Brazil,False,False,2,4,0,3,2,1,6,-2,Away Win,Normal,42732,Estadio Beira-Rio,Porto Alegre,ROLDAN Wilmar (COL),4.0,5.0
2014,300186496,255931,2014-06-15,16:00,Sunday,6,Group E,Group Stage,1,3,France,Honduras,FRA,HON,Brazil,False,False,3,0,1,0,2,0,3,3,Home Win,Normal,43012,Estadio Beira-Rio,Porto Alegre,RICCI Sandro (BRA),,
2014,300186498,255931,2014-06-18,16:00,Wednesday,6,Group B,Group Stage,1,6,Spain,Chile,ESP,CHI,Brazil,False,False,0,2,0,2,0,0,2,-2,Away Win,Normal,74101,Estadio do Maracana,Rio De Janeiro,GEIGER Mark (USA),5.0,4.0
2014,300186499,255931,2014-06-17,18:00,Tuesday,6,Group H,Group Stage,1,6,Russia,South Korea,RUS,KOR,Brazil,False,False,1,1,0,0,1,1,2,0,Draw,Normal,37603,Arena Pantanal,Cuiaba,PITANA Nestor (ARG),,
2014,300186500,255931,2014-06-20,13:00,Friday,6,Group D,Group Stage,1,8,Italy,Costa Rica,ITA,CRC,Brazil,False,False,0,1,0,1,0,0,1,-1,Away Win,Normal,40285,Arena Pernambuco,Recife,OSSES Enrique (CHI),5.0,5.0
2014,300186505,255931,2014-06-16,16:00,Monday,6,Group F,Group Stage,1,4,Iran,Nigeria,IRN,NGA,Brazil,False,False,0,0,0,0,0,0,0,0,Draw,Normal,39081,Arena da Baixada,Curitiba,VERA Carlos (ECU),,
2014,300186506,255931,2014-06-26,17:00,Thursday,6,Group H,Group Stage,1,15,Algeria,Russia,ALG,RUS,Brazil,False,False,1,1,0,1,1,0,2,0,Draw,Normal,39311,Arena da Baixada,Curitiba,Cneyt AKIR (TUR),4.0,4.0
2014,300186507,255931,2014-06-14,22:00,Saturday,6,Group C,Group Stage,1,3,Cte d'Ivoire,Japan,CIV,JPN,Brazil,False,False,2,1,0,1,2,0,3,1,Home Win,Normal,40267,Arena Pernambuco,Recife,OSSES Enrique (CHI),,
2014,300186509,255931,2014-06-17,16:00,Tuesday,6,Group A,Group Stage,1,5,Brazil,Mexico,BRA,MEX,Brazil,True,False,0,0,0,0,0,0,0,0,Draw,Normal,60342,Estadio Castelao,Fortaleza,Cneyt AKIR (TUR),4.0,4.0
2014,300186510,255931,2014-06-13,16:00,Friday,6,Group B,Group Stage,1,1,Spain,Netherlands,ESP,NED,Brazil,False,False,1,5,1,1,0,4,6,-4,Away Win,Normal,48173,Arena Fonte Nova,Salvador,Nicola RIZZOLI (ITA),,
2014,300186511,255931,2014-06-21,18:00,Saturday,6,Group F,Group Stage,1,10,Nigeria,Bosnia and Herzegovina,NGA,BIH,Brazil,False,False,1,0,1,0,0,0,1,1,Home Win,Normal,40499,Arena Pantanal,Cuiaba,Peter O'LEARY (NZL),5.0,5.0
2014,300186512,255931,2014-06-16,19:00,Monday,6,Group G,Group Stage,1,5,Ghana,USA,GHA,USA,Brazil,False,False,1,2,0,1,1,1,3,-1,Away Win,Normal,39760,Estadio das Dunas,Natal,ERIKSSON Jonas (SWE),,
2014,300186513,255931,2014-06-14,18:00,Saturday,6,Group D,Group Stage,1,3,England,Italy,ENG,ITA,Brazil,False,False,1,2,1,1,0,1,3,-1,Away Win,Normal,39800,Arena Amazonia,Manaus,Bjrn KUIPERS (NED),,
2014,300186514,255931,2014-06-20,16:00,Friday,6,Group E,Group Stage,1,8,Switzerland,France,SUI,FRA,Brazil,False,False,2,5,0,3,2,2,7,-3,Away Win,Normal,51003,Arena Fonte Nova,Salvador,Bjrn KUIPERS (NED),5.0,5.0
2014,300186515,255931,2014-06-25,17:00,Wednesday,6,Group E,Group Stage,1,14,Ecuador,France,ECU,FRA,Brazil,False,False,0,0,0,0,0,0,0,0,Draw,Normal,73749,Estadio do Maracana,Rio De Janeiro,Noumandiez DOUE (CIV),4.0,5.0
2014,300186459,255951,2014-06-29,17:00,Sunday,6,Round of 16,Round of 16,2,18,Costa Rica,Greece,CRC,GRE,Brazil,False,False,1,1,0,0,1,1,2,0,Draw,Penalties,41242,Arena Pernambuco,Recife,Ben WILLIAMS (AUS),5.0,5.0
2014,300186460,255951,2014-06-30,17:00,Monday,6,Round of 16,Round of 16,2,19,Germany,Algeria,GER,ALG,Brazil,False,False,2,1,0,0,2,1,3,1,Home Win,Extra Time,56800,Estadio Beira-Rio,Porto Alegre,RICCI Sandro (BRA),4.0,4.0
2014,300186462,255951,2014-06-30,13:00,Monday,6,Round of 16,Round of 16,2,18,France,Nigeria,FRA,NGA,Brazil,False,False,2,0,0,0,2,0,2,2,Home Win,Normal,67882,Estadio Nacional,Brasilia,GEIGER Mark (USA),4.0,5.0
2014,300186487,255951,2014-06-28,13:00,Saturday,6,Round of 16,Round of 16,2,16,Brazil,Chile,BRA,CHI,Brazil,True,False,1,1,0,0,1,1,2,0,Draw,Penalties,57714,Estadio Mineirao,Belo Horizonte,WEBB Howard (ENG),4.0,5.0
2014,300186491,255951,2014-06-28,17:00,Saturday,6,Round of 16,Round of 16,2,17,Colombia,Uruguay,COL,URU,Brazil,False,False,2,0,1,0,1,0,2,2,Home Win,Normal,73804,Estadio do Maracana,Rio De Janeiro,Bjrn KUIPERS (NED),4.0,4.0
2014,300186497,255951,2014-07-01,17:00,Tuesday,7,Round of 16,Round of 16,2,20,Belgium,USA,BEL,USA,Brazil,False,False,2,1,0,0,2,1,3,1,Home Win,Extra Time,51227,Arena Fonte Nova,Salvador,HAIMOUDI Djamel (ALG),5.0,5.0
2014,300186503,255951,2014-07-01,13:00,Tuesday,7,Round of 16,Round of 16,2,19,Argentina,Switzerland,ARG,SUI,Brazil,False,False,1,0,0,0,1,0,1,1,Home Win,Extra Time,63255,Arena de Sao Paulo,Sao Paulo,ERIKSSON Jonas (SWE),6.0,5.0
2014,300186508,255951,2014-06-29,13:00,Sunday,6,Round of 16,Round of 16,2,17,Netherlands,Mexico,NED,MEX,Brazil,False,False,2,1,0,0,2,1,3,1,Home Win,Normal,58817,Estadio Castelao,Fortaleza,PROENCA Pedro (POR),6.0,5.0
2014,300186461,255953,2014-07-04,17:00,Friday,7,Quarter-finals,Quarter-finals,3,23,Brazil,Colombia,BRA,COL,Brazil,True,False,2,1,1,0,1,1,3,1,Home Win,Normal,60342,Estadio Castelao,Fortaleza,Carlos VELASCO CARBALLO (ESP),6.0,6.0
2014,300186485,255953,2014-07-04,13:00,Friday,7,Quarter-finals,Quarter-finals,3,22,France,Germany,FRA,GER,Brazil,False,False,0,1,0,1,0,0,1,-1,Away Win,Normal,74240,Estadio do Maracana,Rio De Janeiro,PITANA Nestor (ARG),4.0,3.0
2014,300186488,255953,2014-07-05,17:00,Saturday,7,Quarter-finals,Quarter-finals,3,24,Netherlands,Costa Rica,NED,CRC,Brazil,False,False,0,0,0,0,0,0,0,0,Draw,Penalties,51179,Arena Fonte Nova,Salvador,Ravshan IRMATOV (UZB),6.0,6.0
2014,300186504,255953,2014-07-05,13:00,Saturday,7,Quarter-finals,Quarter-finals,3,23,Argentina,Belgium,ARG,BEL,Brazil,False,False,1,0,1,0,0,0,1,1,Home Win,Normal,68551,Estadio Nacional,Brasilia,Nicola RIZZOLI (ITA),4.0,3.0
2014,300186474,255955,2014-07-08,17:00,Tuesday,7,Semi-finals,Semi-finals,4,27,Brazil,Germany,BRA,GER,Brazil,True,False,1,7,0,5,1,2,8,-6,Away Win,Normal,58141,Estadio Mineirao,Belo Horizonte,RODRIGUEZ Marco (MEX),4.0,4.0
2014,300186490,255955,2014-07-09,17:00,Wednesday,7,Semi-finals,Semi-finals,4,28,Netherlands,Argentina,NED,ARG,Brazil,False,False,0,0,0,0,0,0,0,0,Draw,Penalties,63267,Arena de Sao Paulo,Sao Paulo,Cneyt AKIR (TUR),4.0,4.0
2014,300186502,255957,2014-07-12,17:00,Saturday,7,Play-off for third place,Third Place,5,31,Brazil,Netherlands,BRA,NED,Brazil,True,False,0,3,0,2,0,1,3,-3,Away Win,Normal,68034,Estadio Nacional,Brasilia,HAIMOUDI Djamel (ALG),4.0,3.0
2014,300186501,255959,2014-07-13,16:00,Sunday,7,Final,Final,6,31,Germany,Argentina,GER,ARG,Brazil,False,False,1,0,0,0,1,0,1,1,Home Win,Extra Time,74738,Estadio do Maracana,Rio De Janeiro,Nicola RIZZOLI (ITA),4.0,3.0
